Spot_Date,Premium,Ticker,Maturity,Interest_rate,Spot,Strike,Type,Implied_Volatility,Delta,Vega,Gamma,Theta,Rho,Lot_size,Name,Reference,ccy_pair,Dividend,DDELTA/DVOL,DDELTA/DVOLDVOL,DDELTA/DTIME,DGAMMA/DSPOT,DGAMMA/DVOL,DVEGA/DVOL,DVEGA/DVOLDVOL,RIC
2025-12-17 00:00:00,13.015625,VBYM C 99.5 12/22/2025 C 99.5,2025-12-22 00:00:00,0.03607,112.421875,99.5,C,0.577315578,0.966698334,0.009639914,0.009644119,-0.047509218,0.01310444,1000.0000,CBoT 10y Monday Call Options C 99.5 Dec-2025,VBYM C 99.5 12/22/2025,USD,0,-0.002250206,-4.77911E-05,0.01308632,-0.002627376,0.000425229,0.000545034,2.48144E-06,VY4W995L25
2025-12-16 00:00:00,13.015625,VBYM C 99.5 12/22/2025 C 99.5,2025-12-22 00:00:00,0.036157,112.515625,99.5,C,0.370998331,0.994858296,0.001922327,0.002482463,-0.003299064,0.016261064,1000.0000,CBoT 10y Monday Call Options C 99.5 Dec-2025,VBYM C 99.5 12/22/2025,USD,0,-0.000917025,-0.000115194,0.002933675,-0.00136123,0.000427554,0.000345044,3.42126E-05,VY4W995L25
2025-12-15 00:00:00,12.78125,VBYM C 99.5 12/22/2025 C 99.5,2025-12-22 00:00:00,0.036259,112.28125,99.5,C,0.343543383,0.994133867,0.002323809,0.002788928,-0.003344328,0.018955872,1000.0000,CBoT 10y Monday Call Options C 99.5 Dec-2025,VBYM C 99.5 12/22/2025,USD,0,-0.001091239,-0.000140808,0.002776529,-0.001503005,0.000496939,0.000435048,4.37078E-05,VY4W995L25
2025-12-12 00:00:00,12.671875,VBYM C 99.5 12/22/2025 C 99.5,2025-12-22 00:00:00,0.03623,112.171875,99.5,C,0.297036781,0.992120912,0.003577833,0.003482599,-0.003392063,0.027018127,1000.0000,CBoT 10y Monday Call Options C 99.5 Dec-2025,VBYM C 99.5 12/22/2025,USD,0,-0.00156064,-0.000206152,0.002416316,-0.001744453,0.000650219,0.00071361,7.07191E-05,VY4W995L25
2025-12-11 00:00:00,12.953125,VBYM C 99.5 12/22/2025 C 99.5,2025-12-22 00:00:00,0.036223,112.453125,99.5,C,0.292443185,0.991490179,0.004016433,0.003592347,-0.003460068,0.029697895,1000.0000,CBoT 10y Monday Call Options C 99.5 Dec-2025,VBYM C 99.5 12/22/2025,USD,0,-0.001672694,-0.000216708,0.002321887,-0.001723656,0.000664446,0.00079543,7.64205E-05,VY4W995L25
2025-12-10 00:00:00,12.71875,VBYM C 99.5 12/22/2025 C 99.5,2025-12-22 00:00:00,0.03625,112.21875,99.5,C,0.278174217,0.990845597,0.004456044,0.003856453,-0.003385227,0.032374575,1000.0000,CBoT 10y Monday Call Options C 99.5 Dec-2025,VBYM C 99.5 12/22/2025,USD,0,-0.001851644,-0.000244019,0.002244571,-0.001842773,0.00072922,0.000908056,8.7708E-05,VY4W995L25
2025-12-17 00:00:00,0.001,VBYM P 99.5 12/22/2025 P 99.5,2025-12-22 00:00:00,0.03607,112.421875,99.5,P,0.333622315,-0.000825774,0.000375237,0.000643263,-0.000780687,-1.28543E-05,1000.0000,CBoT 10y Monday Call Options P 99.5 Dec-2025,VBYM P 99.5 12/22/2025,USD,0,-0.000263016,-6.12169E-05,0.000877397,-0.000518348,0.000190265,0.000108893,2.21214E-05,VY4W995X25
2025-12-16 00:00:00,0.001,VBYM P 99.5 12/22/2025 P 99.5,2025-12-22 00:00:00,0.036157,112.515625,99.5,P,0.306457317,-0.000820294,0.000409635,0.000634829,-0.00070463,-1.53366E-05,1000.0000,CBoT 10y Monday Call Options P 99.5 Dec-2025,VBYM P 99.5 12/22/2025,USD,0,-0.000284732,-7.22494E-05,0.00072707,-0.000508685,0.000204847,0.000129322,2.86475E-05,VY4W995X25
2025-12-15 00:00:00,0.001,VBYM P 99.5 12/22/2025 P 99.5,2025-12-22 00:00:00,0.036259,112.28125,99.5,P,0.279322744,-0.000834091,0.000449377,0.000656167,-0.00063813,-1.81532E-05,1000.0000,CBoT 10y Monday Call Options P 99.5 Dec-2025,VBYM P 99.5 12/22/2025,USD,0,-0.000316782,-8.78664E-05,0.000631949,-0.000533236,0.000231058,0.000154841,3.74733E-05,VY4W995X25
2025-12-12 00:00:00,0.001,VBYM P 99.5 12/22/2025 P 99.5,2025-12-22 00:00:00,0.03623,112.171875,99.5,P,0.231979954,-0.00084066,0.00054379,0.000666449,-0.000493345,-2.61113E-05,1000.0000,CBoT 10y Monday Call Options P 99.5 Dec-2025,VBYM P 99.5 12/22/2025,USD,0,-0.000383925,-0.000127992,0.000445231,-0.000545189,0.000281846,0.000223908,6.51121E-05,VY4W995X25
2025-12-11 00:00:00,0.001,VBYM P 99.5 12/22/2025 P 99.5,2025-12-22 00:00:00,0.036223,112.453125,99.5,P,0.22540712,-0.000823873,0.000562008,0.000640328,-0.000458961,-2.82251E-05,1000.0000,CBoT 10y Monday Call Options P 99.5 Dec-2025,VBYM P 99.5 12/22/2025,USD,0,-0.000388495,-0.000133882,0.000397962,-0.000514968,0.000280494,0.000238673,7.17939E-05,VY4W995X25
2025-12-10 00:00:00,0.001,VBYM P 99.5 12/22/2025 P 99.5,2025-12-22 00:00:00,0.03625,112.21875,99.5,P,0.212445901,-0.000837793,0.000596354,0.000661949,-0.000427363,-3.12419E-05,1000.0000,CBoT 10y Monday Call Options P 99.5 Dec-2025,VBYM P 99.5 12/22/2025,USD,0,-0.000418015,-0.000152278,0.00036994,-0.000539941,0.000306004,0.00026725,8.49307E-05,VY4W995X25
2025-12-17 00:00:00,12.765625,VBYM C 99.75 12/22/2025 C 99.75,2025-12-22 00:00:00,0.03607,112.421875,99.75,C,0.567315413,0.966217431,0.00975617,0.009932499,-0.047324061,0.01313128,1000.0000,CBoT 10y Monday Call Options C 99.75 Dec-2025,VBYM C 99.75 12/22/2025,USD,0,-0.002310494,-4.90876E-05,0.01320327,-0.002743878,0.000441453,0.000557653,2.37375E-06,VY4W9975L25
2025-12-16 00:00:00,12.765625,VBYM C 99.75 12/22/2025 C 99.75,2025-12-22 00:00:00,0.036157,112.515625,99.75,C,0.363423906,0.994851971,0.001924954,0.002537348,-0.003235717,0.016302043,1000.0000,CBoT 10y Monday Call Options C 99.75 Dec-2025,VBYM C 99.75 12/22/2025,USD,0,-0.000937481,-0.00012023,0.002937743,-0.001420064,0.000446121,0.000352676,3.56991E-05,VY4W9975L25
2025-12-15 00:00:00,12.53125,VBYM C 99.75 12/22/2025 C 99.75,2025-12-22 00:00:00,0.036259,112.28125,99.75,C,0.336408465,0.994126648,0.002327008,0.002851617,-0.003278937,0.019003662,1000.0000,CBoT 10y Monday Call Options C 99.75 Dec-2025,VBYM C 99.75 12/22/2025,USD,0,-0.001115991,-0.000147071,0.002780391,-0.001569086,0.000518892,0.000444832,4.56397E-05,VY4W9975L25
2025-12-12 00:00:00,12.421875,VBYM C 99.75 12/22/2025 C 99.75,2025-12-22 00:00:00,0.03623,112.171875,99.75,C,0.290817509,0.992111214,0.003582791,0.003561498,-0.003325171,0.027086322,1000.0000,CBoT 10y Monday Call Options C 99.75 Dec-2025,VBYM C 99.75 12/22/2025,USD,0,-0.001596344,-0.000215405,0.002419701,-0.001821752,0.000679181,0.000729786,7.38711E-05,VY4W9975L25
2025-12-11 00:00:00,12.703125,VBYM C 99.75 12/22/2025 C 99.75,2025-12-22 00:00:00,0.036223,112.453125,99.75,C,0.286445308,0.991479709,0.004021965,0.003672127,-0.003393319,0.029772882,1000.0000,CBoT 10y Monday Call Options C 99.75 Dec-2025,VBYM C 99.75 12/22/2025,USD,0,-0.001710222,-0.000226241,0.002325146,-0.001798452,0.000693435,0.000813106,7.97571E-05,VY4W9975L25
2025-12-10 00:00:00,12.46875,VBYM C 99.75 12/22/2025 C 99.75,2025-12-22 00:00:00,0.03625,112.21875,99.75,C,0.272370053,0.990834331,0.004462216,0.003943532,-0.00331872,0.032456351,1000.0000,CBoT 10y Monday Call Options C 99.75 Dec-2025,VBYM C 99.75 12/22/2025,USD,0,-0.001893885,-0.000254941,0.002247728,-0.001924127,0.000761589,0.000928572,9.16042E-05,VY4W9975L25
2025-12-09 00:00:00,12.34375,VBYM C 99.75 12/22/2025 C 99.75,2025-12-22 00:00:00,0.036278,112.09375,99.75,C,0.261809917,0.990202334,0.004910137,0.004176217,-0.003268638,0.03513622,1000.0000,CBoT 10y Monday Call Options C 99.75 Dec-2025,VBYM C 99.75 12/22/2025,USD,0,-0.002064257,-0.000280198,0.002177045,-0.002016665,0.000818012,0.001041917,0.000102455,VY4W9975L25
2025-12-17 00:00:00,0.001,VBYM P 99.75 12/22/2025 P 99.75,2025-12-22 00:00:00,0.03607,112.421875,99.75,P,0.327280938,-0.000840848,0.000381651,0.000666732,-0.000779824,-1.30864E-05,1000.0000,CBoT 10y Monday Call Options P 99.75 Dec-2025,VBYM P 99.75 12/22/2025,USD,0,-0.000272212,-6.4331E-05,0.000890815,-0.000546748,0.000200324,0.000112511,2.31935E-05,VY4W9975X25
2025-12-16 00:00:00,0.001,VBYM P 99.75 12/22/2025 P 99.75,2025-12-22 00:00:00,0.036157,112.515625,99.75,P,0.300671161,-0.000835168,0.000416614,0.000657833,-0.000703707,-1.56118E-05,1000.0000,CBoT 10y Monday Call Options P 99.75 Dec-2025,VBYM P 99.75 12/22/2025,USD,0,-0.000294621,-7.59005E-05,0.000738118,-0.000536365,0.000215604,0.00013359,3.00269E-05,VY4W9975X25
2025-12-15 00:00:00,0.001,VBYM P 99.75 12/22/2025 P 99.75,2025-12-22 00:00:00,0.036259,112.28125,99.75,P,0.273959377,-0.000849472,0.000457193,0.000680353,-0.000637169,-1.84844E-05,1000.0000,CBoT 10y Monday Call Options P 99.75 Dec-2025,VBYM P 99.75 12/22/2025,USD,0,-0.000327971,-9.23814E-05,0.000641707,-0.000562755,0.000243399,0.000160037,3.93075E-05,VY4W9975X25
2025-12-12 00:00:00,0.001,VBYM P 99.75 12/22/2025 P 99.75,2025-12-22 00:00:00,0.03623,112.171875,99.75,P,0.227490011,-0.000856286,0.000553429,0.000691213,-0.00049244,-2.65916E-05,1000.0000,CBoT 10y Monday Call Options P 99.75 Dec-2025,VBYM P 99.75 12/22/2025,USD,0,-0.000397594,-0.000134621,0.000452158,-0.000575616,0.00029702,0.000231482,6.83241E-05,VY4W9975X25
2025-12-11 00:00:00,0.001,VBYM P 99.75 12/22/2025 P 99.75,2025-12-22 00:00:00,0.036223,112.453125,99.75,P,0.221132264,-0.000838878,0.000571795,0.000663636,-0.000458111,-2.87338E-05,1000.0000,CBoT 10y Monday Call Options P 99.75 Dec-2025,VBYM P 99.75 12/22/2025,USD,0,-0.000402048,-0.000140677,0.000404034,-0.000543118,0.000295288,0.000246585,7.52657E-05,VY4W9975X25
2025-12-10 00:00:00,0.001,VBYM P 99.75 12/22/2025 P 99.75,2025-12-22 00:00:00,0.03625,112.21875,99.75,P,0.208348101,-0.000853312,0.00060696,0.000686461,-0.00042653,-3.18147E-05,1000.0000,CBoT 10y Monday Call Options P 99.75 Dec-2025,VBYM P 99.75 12/22/2025,USD,0,-0.000432846,-0.000160138,0.000375676,-0.000569971,0.000322422,0.000276258,8.91063E-05,VY4W9975X25
2025-12-09 00:00:00,0.001,VBYM P 99.75 12/22/2025 P 99.75,2025-12-22 00:00:00,0.036278,112.09375,99.75,P,0.19844374,-0.000861211,0.000637923,0.000699114,-0.000399118,-3.47442E-05,1000.0000,CBoT 10y Monday Call Options P 99.75 Dec-2025,VBYM P 99.75 12/22/2025,USD,0,-0.000457957,-0.000177518,0.000349448,-0.000585028,0.000343737,0.000303617,0.000102574,VY4W9975X25
2025-12-17 00:00:00,12.515625,VBYM C 100 12/22/2025 C 100,2025-12-22 00:00:00,0.03607,112.421875,100,C,0.557320041,0.965720829,0.009875789,0.010234627,-0.047135906,0.013157879,1000.0000,CBoT 10y Monday Call Options C 100 Dec-2025,VBYM C 100 12/22/2025,USD,0,-0.002373385,-5.04231E-05,0.013322785,-0.002867604,0.000458539,0.000570753,2.25025E-06,VY4W100L25
2025-12-16 00:00:00,12.515625,VBYM C 100 12/22/2025 C 100,2025-12-22 00:00:00,0.036157,112.515625,100,C,0.355868526,0.994845651,0.001927594,0.002594428,-0.003172369,0.016343022,1000.0000,CBoT 10y Monday Call Options C 100 Dec-2025,VBYM C 100 12/22/2025,USD,0,-0.000958756,-0.000125581,0.002941808,-0.001482567,0.000465847,0.000360614,3.72784E-05,VY4W100L25
2025-12-15 00:00:00,12.28125,VBYM C 100 12/22/2025 C 100,2025-12-22 00:00:00,0.036259,112.28125,100,C,0.329291489,0.994119435,0.002330224,0.002916859,-0.003213544,0.019051452,1000.0000,CBoT 10y Monday Call Options C 100 Dec-2025,VBYM C 100 12/22/2025,USD,0,-0.001141752,-0.000153734,0.002784249,-0.001639365,0.000542242,0.000455015,4.76946E-05,VY4W100L25
2025-12-12 00:00:00,12.171875,VBYM C 100 12/22/2025 C 100,2025-12-22 00:00:00,0.03623,112.171875,100,C,0.284613882,0.992101525,0.003587777,0.003643641,-0.003258278,0.027154517,1000.0000,CBoT 10y Monday Call Options C 100 Dec-2025,VBYM C 100 12/22/2025,USD,0,-0.001633516,-0.000225254,0.002423083,-0.001904004,0.000710001,0.000746627,7.72255E-05,VY4W100L25
2025-12-11 00:00:00,12.453125,VBYM C 100 12/22/2025 C 100,2025-12-22 00:00:00,0.036223,112.453125,100,C,0.280462522,0.991469249,0.004027528,0.003755113,-0.003326569,0.02984787,1000.0000,CBoT 10y Monday Call Options C 100 Dec-2025,VBYM C 100 12/22/2025,USD,0,-0.001749259,-0.000236373,0.002328402,-0.001877933,0.000724243,0.000831492,8.33031E-05,VY4W100L25
2025-12-10 00:00:00,12.21875,VBYM C 100 12/22/2025 C 100,2025-12-22 00:00:00,0.03625,112.21875,100,C,0.266580492,0.990823074,0.004468424,0.004034177,-0.00325221,0.032538127,1000.0000,CBoT 10y Monday Call Options C 100 Dec-2025,VBYM C 100 12/22/2025,USD,0,-0.001937856,-0.000266564,0.002250881,-0.002010674,0.000796027,0.000949929,9.57495E-05,VY4W100L25
2025-12-09 00:00:00,12.09375,VBYM C 100 12/22/2025 C 100,2025-12-22 00:00:00,0.036278,112.09375,100,C,0.256191661,0.990190299,0.00491699,0.004273099,-0.003202469,0.035224779,1000.0000,CBoT 10y Monday Call Options C 100 Dec-2025,VBYM C 100 12/22/2025,USD,0,-0.002112633,-0.000293097,0.002180105,-0.00210824,0.000855357,0.001066101,0.000107136,VY4W100L25
2025-12-17 00:00:00,0.001,VBYM P 100 12/22/2025 P 100,2025-12-22 00:00:00,0.03607,112.421875,100,P,0.320947395,-0.000856475,0.000388295,0.000691502,-0.00077894,-1.33271E-05,1000.0000,CBoT 10y Monday Call Options P 100 Dec-2025,VBYM P 100 12/22/2025,USD,0,-0.000281902,-6.76623E-05,0.000904672,-0.000577258,0.000211107,0.000116315,2.43374E-05,VY4W100X25
2025-12-16 00:00:00,0.001,VBYM P 100 12/22/2025 P 100,2025-12-22 00:00:00,0.036157,112.515625,100,P,0.294892215,-0.000850583,0.000423842,0.000682105,-0.000702762,-1.58969E-05,1000.0000,CBoT 10y Monday Call Options P 100 Dec-2025,VBYM P 100 12/22/2025,USD,0,-0.000305037,-7.98042E-05,0.000749525,-0.000566087,0.00022713,0.000138077,3.1498E-05,VY4W100X25
2025-12-15 00:00:00,0.001,VBYM P 100 12/22/2025 P 100,2025-12-22 00:00:00,0.036259,112.28125,100,P,0.268602547,-0.000865424,0.000465296,0.000705897,-0.000636188,-1.8828E-05,1000.0000,CBoT 10y Monday Call Options P 100 Dec-2025,VBYM P 100 12/22/2025,USD,0,-0.000339767,-9.72146E-05,0.000651787,-0.000594492,0.000256638,0.000165505,4.12659E-05,VY4W100X25
2025-12-12 00:00:00,0.001,VBYM P 100 12/22/2025 P 100,2025-12-22 00:00:00,0.03623,112.171875,100,P,0.223005476,-0.000872498,0.000563429,0.000717379,-0.000491516,-2.709E-05,1000.0000,CBoT 10y Monday Call Options P 100 Dec-2025,VBYM P 100 12/22/2025,USD,0,-0.000412011,-0.000141722,0.000459317,-0.00060835,0.00031331,0.000239454,7.17554E-05,VY4W100X25
2025-12-11 00:00:00,0.001,VBYM P 100 12/22/2025 P 100,2025-12-22 00:00:00,0.036223,112.453125,100,P,0.216862704,-0.000854433,0.000581942,0.000688234,-0.000457242,-2.92611E-05,1000.0000,CBoT 10y Monday Call Options P 100 Dec-2025,VBYM P 100 12/22/2025,USD,0,-0.000416327,-0.000147945,0.000410305,-0.000573354,0.000311147,0.000254905,7.89696E-05,VY4W100X25
2025-12-10 00:00:00,0.001,VBYM P 100 12/22/2025 P 100,2025-12-22 00:00:00,0.03625,112.21875,100,P,0.204255261,-0.000869411,0.000617966,0.000712356,-0.000425679,-3.24089E-05,1000.0000,CBoT 10y Monday Call Options P 100 Dec-2025,VBYM P 100 12/22/2025,USD,0,-0.000448486,-0.000168555,0.000381604,-0.000602268,0.000340042,0.00028574,9.3566E-05,VY4W100X25
2025-12-09 00:00:00,0.001,VBYM P 100 12/22/2025 P 100,2025-12-22 00:00:00,0.036278,112.09375,100,P,0.194508819,-0.000877612,0.000649646,0.000725737,-0.000398292,-3.53993E-05,1000.0000,CBoT 10y Monday Call Options P 100 Dec-2025,VBYM P 100 12/22/2025,USD,0,-0.000474661,-0.000186935,0.000355011,-0.000618498,0.0003627,0.000314134,0.000107754,VY4W100X25
2025-12-17 00:00:00,12.265625,VBYM C 100.25 12/22/2025 C 100.25,2025-12-22 00:00:00,0.03607,112.421875,100.25,C,0.547328828,0.965207697,0.009998934,0.010551434,-0.046944625,0.013184223,1000.0000,CBoT 10y Monday Call Options C 100.25 Dec-2025,VBYM C 100.25 12/22/2025,USD,0,-0.002439042,-5.17982E-05,0.013444963,-0.002999144,0.000476547,0.000584362,2.10916E-06,VY4W10025L25
2025-12-16 00:00:00,12.265625,VBYM C 100.25 12/22/2025 C 100.25,2025-12-22 00:00:00,0.036157,112.515625,100.25,C,0.348332094,0.994839336,0.001930248,0.002653836,-0.003109019,0.016384001,1000.0000,CBoT 10y Monday Call Options C 100.25 Dec-2025,VBYM C 100.25 12/22/2025,USD,0,-0.000980898,-0.000131274,0.002945868,-0.001549045,0.00048683,0.000368875,3.89583E-05,VY4W10025L25
2025-12-15 00:00:00,12.03125,VBYM C 100.25 12/22/2025 C 100.25,2025-12-22 00:00:00,0.036259,112.28125,100.25,C,0.322192361,0.994112229,0.00233346,0.002984815,-0.003148149,0.019099242,1000.0000,CBoT 10y Monday Call Options C 100.25 Dec-2025,VBYM C 100.25 12/22/2025,USD,0,-0.001168584,-0.000160831,0.002788104,-0.001714198,0.000567109,0.00046562,4.98829E-05,VY4W10025L25
2025-12-12 00:00:00,11.921875,VBYM C 100.25 12/22/2025 C 100.25,2025-12-22 00:00:00,0.03623,112.171875,100.25,C,0.278425818,0.992091844,0.003592796,0.00372923,-0.003191383,0.027222712,1000.0000,CBoT 10y Monday Call Options C 100.25 Dec-2025,VBYM C 100.25 12/22/2025,USD,0,-0.001672249,-0.00023575,0.002426462,-0.001991633,0.000742841,0.000764174,8.07995E-05,VY4W10025L25
2025-12-11 00:00:00,12.203125,VBYM C 100.25 12/22/2025 C 100.25,2025-12-22 00:00:00,0.036223,112.453125,100.25,C,0.274494748,0.991458798,0.004033122,0.003841501,-0.003259817,0.029922857,1000.0000,CBoT 10y Monday Call Options C 100.25 Dec-2025,VBYM C 100.25 12/22/2025,USD,0,-0.001789897,-0.000247156,0.002331655,-0.001962493,0.000757024,0.000850632,8.70762E-05,VY4W10025L25
2025-12-10 00:00:00,11.96875,VBYM C 100.25 12/22/2025 C 100.25,2025-12-22 00:00:00,0.03625,112.21875,100.25,C,0.260805462,0.990811827,0.004474671,0.004128611,-0.003185699,0.032619903,1000.0000,CBoT 10y Monday Call Options C 100.25 Dec-2025,VBYM C 100.25 12/22/2025,USD,0,-0.001983667,-0.000278947,0.002254032,-0.002102857,0.000832713,0.000972177,0.000100165,VY4W10025L25
2025-12-09 00:00:00,11.84375,VBYM C 100.25 12/22/2025 C 100.25,2025-12-22 00:00:00,0.036278,112.09375,100.25,C,0.250587507,0.990178274,0.004923887,0.004374073,-0.003136299,0.03531334,1000.0000,CBoT 10y Monday Call Options C 100.25 Dec-2025,VBYM C 100.25 12/22/2025,USD,0,-0.002163053,-0.000306849,0.002183162,-0.002205841,0.000895165,0.001091308,0.000112126,VY4W10025L25
2025-12-17 00:00:00,0.001,VBYM P 100.25 12/22/2025 P 100.25,2025-12-22 00:00:00,0.03607,112.421875,100.25,P,0.314621442,-0.000872687,0.000395181,0.000717676,-0.000778035,-1.35768E-05,1000.0000,CBoT 10y Monday Call Options P 100.25 Dec-2025,VBYM P 100.25 12/22/2025,USD,0,-0.000292122,-7.12304E-05,0.000918991,-0.00061008,0.000222683,0.000120321,2.55595E-05,VY4W10025X25
2025-12-16 00:00:00,0.001,VBYM P 100.25 12/22/2025 P 100.25,2025-12-22 00:00:00,0.036157,112.515625,100.25,P,0.28912026,-0.000866572,0.000431334,0.00070774,-0.000701796,-1.61926E-05,1000.0000,CBoT 10y Monday Call Options P 100.25 Dec-2025,VBYM P 100.25 12/22/2025,USD,0,-0.000316019,-8.39835E-05,0.00076131,-0.000598045,0.000239497,0.000142799,3.30688E-05,VY4W10025X25
2025-12-15 00:00:00,0.001,VBYM P 100.25 12/22/2025 P 100.25,2025-12-22 00:00:00,0.036259,112.28125,100.25,P,0.263252036,-0.00088198,0.000473701,0.000732903,-0.000635183,-1.91845E-05,1000.0000,CBoT 10y Monday Call Options P 100.25 Dec-2025,VBYM P 100.25 12/22/2025,USD,0,-0.000352216,-0.000102395,0.000662209,-0.000628662,0.000270862,0.000171264,4.33595E-05,VY4W10025X25
2025-12-12 00:00:00,0.001,VBYM P 100.25 12/22/2025 P 100.25,2025-12-22 00:00:00,0.03623,112.171875,100.25,P,0.218526171,-0.000889329,0.000573811,0.000745057,-0.000490572,-2.76074E-05,1000.0000,CBoT 10y Monday Call Options P 100.25 Dec-2025,VBYM P 100.25 12/22/2025,USD,0,-0.000427233,-0.000149337,0.000466719,-0.000643616,0.000330821,0.000247855,7.54256E-05,VY4W10025X25
2025-12-11 00:00:00,0.001,VBYM P 100.25 12/22/2025 P 100.25,2025-12-22 00:00:00,0.036223,112.453125,100.25,P,0.212598274,-0.000870568,0.000592469,0.000714222,-0.000456355,-2.98081E-05,1000.0000,CBoT 10y Monday Call Options P 100.25 Dec-2025,VBYM P 100.25 12/22/2025,USD,0,-0.000431385,-0.000155729,0.000416785,-0.000605876,0.000328168,0.000263662,8.29257E-05,VY4W10025X25
2025-12-10 00:00:00,0.001,VBYM P 100.25 12/22/2025 P 100.25,2025-12-22 00:00:00,0.03625,112.21875,100.25,P,0.200167218,-0.000886122,0.000629395,0.00073974,-0.000424809,-3.30257E-05,1000.0000,CBoT 10y Monday Call Options P 100.25 Dec-2025,VBYM P 100.25 12/22/2025,USD,0,-0.000464997,-0.00017758,0.000387733,-0.000637053,0.000358978,0.00029573,9.83349E-05,VY4W10025X25
2025-12-09 00:00:00,0.001,VBYM P 100.25 12/22/2025 P 100.25,2025-12-22 00:00:00,0.036278,112.09375,100.25,P,0.190578447,-0.000894643,0.000661827,0.000753908,-0.000397449,-3.60796E-05,1000.0000,CBoT 10y Monday Call Options P 100.25 Dec-2025,VBYM P 100.25 12/22/2025,USD,0,-0.000492302,-0.000197039,0.000360766,-0.000654571,0.000383095,0.000325221,0.000113298,VY4W10025X25
2025-12-17 00:00:00,12.015625,VBYM C 100.5 12/22/2025 C 100.5,2025-12-22 00:00:00,0.03607,112.421875,100.5,C,0.537341121,0.964677137,0.010125779,0.010883932,-0.046750085,0.013210299,1000.0000,CBoT 10y Monday Call Options C 100.5 Dec-2025,VBYM C 100.5 12/22/2025,USD,0,-0.002507639,-5.32133E-05,0.013569908,-0.003139149,0.000495543,0.000598507,1.94847E-06,VY4W1005L25
2025-12-16 00:00:00,12.015625,VBYM C 100.5 12/22/2025 C 100.5,2025-12-22 00:00:00,0.036157,112.515625,100.5,C,0.340814514,0.994833027,0.001932917,0.002715718,-0.003045669,0.01642498,1000.0000,CBoT 10y Monday Call Options C 100.5 Dec-2025,VBYM C 100.5 12/22/2025,USD,0,-0.001003963,-0.000137337,0.002949925,-0.001619837,0.000509176,0.00037748,4.07474E-05,VY4W1005L25
2025-12-15 00:00:00,11.78125,VBYM C 100.5 12/22/2025 C 100.5,2025-12-22 00:00:00,0.036259,112.28125,100.5,C,0.315110995,0.994105028,0.002336716,0.003055657,-0.003082754,0.019147032,1000.0000,CBoT 10y Monday Call Options C 100.5 Dec-2025,VBYM C 100.5 12/22/2025,USD,0,-0.001196557,-0.000168399,0.002791955,-0.001793983,0.000593623,0.000476677,5.22162E-05,VY4W1005L25
2025-12-12 00:00:00,11.671875,VBYM C 100.5 12/22/2025 C 100.5,2025-12-22 00:00:00,0.03623,112.171875,100.5,C,0.27225324,0.99208217,0.00359785,0.003818489,-0.003124486,0.027290908,1000.0000,CBoT 10y Monday Call Options C 100.5 Dec-2025,VBYM C 100.5 12/22/2025,USD,0,-0.001712643,-0.00024695,0.002429838,-0.002085114,0.000777876,0.000782474,8.46126E-05,VY4W1005L25
2025-12-11 00:00:00,11.953125,VBYM C 100.5 12/22/2025 C 100.5,2025-12-22 00:00:00,0.036223,112.453125,100.5,C,0.268541912,0.991448355,0.004038753,0.003931505,-0.003193063,0.029997846,1000.0000,CBoT 10y Monday Call Options C 100.5 Dec-2025,VBYM C 100.5 12/22/2025,USD,0,-0.001832238,-0.000258646,0.002334904,-0.002052568,0.000791947,0.000870572,9.10958E-05,VY4W1005L25
2025-12-10 00:00:00,11.71875,VBYM C 100.5 12/22/2025 C 100.5,2025-12-22 00:00:00,0.03625,112.21875,100.5,C,0.255044886,0.990800589,0.004480961,0.004227077,-0.003119185,0.032701679,1000.0000,CBoT 10y Monday Call Options C 100.5 Dec-2025,VBYM C 100.5 12/22/2025,USD,0,-0.002031434,-0.000292157,0.00225718,-0.002201169,0.000871843,0.000995376,0.000104875,VY4W1005L25
2025-12-09 00:00:00,11.59375,VBYM C 100.5 12/22/2025 C 100.5,2025-12-22 00:00:00,0.036278,112.09375,100.5,C,0.244997381,0.990166259,0.004930833,0.004479404,-0.003070126,0.0354019,1000.0000,CBoT 10y Monday Call Options C 100.5 Dec-2025,VBYM C 100.5 12/22/2025,USD,0,-0.00221565,-0.00032153,0.002186216,-0.00231,0.000937652,0.001117601,0.000117451,VY4W1005L25
2025-12-17 00:00:00,0.001,VBYM P 100.5 12/22/2025 P 100.5,2025-12-22 00:00:00,0.03607,112.421875,100.5,P,0.308302826,-0.000889519,0.000402325,0.000745361,-0.000777108,-1.3836E-05,1000.0000,CBoT 10y Monday Call Options P 100.5 Dec-2025,VBYM P 100.5 12/22/2025,USD,0,-0.000302912,-7.50572E-05,0.0009338,-0.00064544,0.000235127,0.000124542,2.68666E-05,VY4W1005X25
2025-12-16 00:00:00,0.001,VBYM P 100.5 12/22/2025 P 100.5,2025-12-22 00:00:00,0.036157,112.515625,100.5,P,0.283355069,-0.000883167,0.000439105,0.000734845,-0.000700807,-1.64996E-05,1000.0000,CBoT 10y Monday Call Options P 100.5 Dec-2025,VBYM P 100.5 12/22/2025,USD,0,-0.000327609,-8.84635E-05,0.000773494,-0.000632455,0.000252784,0.000147773,3.47482E-05,VY4W1005X25
2025-12-15 00:00:00,0.001,VBYM P 100.5 12/22/2025 P 100.5,2025-12-22 00:00:00,0.036259,112.28125,100.5,P,0.257907635,-0.000899177,0.000482428,0.000761488,-0.000634155,-1.95549E-05,1000.0000,CBoT 10y Monday Call Options P 100.5 Dec-2025,VBYM P 100.5 12/22/2025,USD,0,-0.000365368,-0.000107956,0.00067299,-0.000665505,0.000286165,0.000177336,4.56005E-05,VY4W1005X25
2025-12-12 00:00:00,0.001,VBYM P 100.5 12/22/2025 P 100.5,2025-12-22 00:00:00,0.03623,112.171875,100.5,P,0.214051912,-0.000906817,0.0005846,0.000774368,-0.000489606,-2.8145E-05,1000.0000,CBoT 10y Monday Call Options P 100.5 Dec-2025,VBYM P 100.5 12/22/2025,USD,0,-0.000443322,-0.000157515,0.00047438,-0.000681665,0.000349672,0.000256717,7.93563E-05,VY4W1005X25
2025-12-11 00:00:00,0.001,VBYM P 100.5 12/22/2025 P 100.5,2025-12-22 00:00:00,0.036223,112.453125,100.5,P,0.208338809,-0.000887319,0.0006034,0.000741707,-0.000455448,-3.0376E-05,1000.0000,CBoT 10y Monday Call Options P 100.5 Dec-2025,VBYM P 100.5 12/22/2025,USD,0,-0.000447282,-0.000164075,0.000423485,-0.000640907,0.000346462,0.000272889,8.71564E-05,VY4W1005X25
2025-12-10 00:00:00,0.001,VBYM P 100.5 12/22/2025 P 100.5,2025-12-22 00:00:00,0.03625,112.21875,100.5,P,0.196083807,-0.000903484,0.000641274,0.000768733,-0.00042392,-3.36665E-05,1000.0000,CBoT 10y Monday Call Options P 100.5 Dec-2025,VBYM P 100.5 12/22/2025,USD,0,-0.000482444,-0.000187269,0.000394075,-0.000674573,0.000379358,0.000306265,0.000103441,VY4W1005X25
2025-12-09 00:00:00,0.001,VBYM P 100.5 12/22/2025 P 100.5,2025-12-22 00:00:00,0.036278,112.09375,100.5,P,0.186652462,-0.000912345,0.000674495,0.000783751,-0.000396586,-3.67866E-05,1000.0000,CBoT 10y Monday Call Options P 100.5 Dec-2025,VBYM P 100.5 12/22/2025,USD,0,-0.000510956,-0.000207896,0.000366721,-0.000693512,0.00040506,0.00033692,0.000119238,VY4W1005X25
2025-12-17 00:00:00,11.765625,VBYM C 100.75 12/22/2025 C 100.75,2025-12-22 00:00:00,0.03607,112.421875,100.75,C,0.527356236,0.964128187,0.010256512,0.011233226,-0.046552142,0.013236091,1000.0000,CBoT 10y Monday Call Options C 100.75 Dec-2025,VBYM C 100.75 12/22/2025,USD,0,-0.002579367,-5.46684E-05,0.01369773,-0.003288337,0.000515596,0.000613221,1.76592E-06,VY4W10075L25
2025-12-16 00:00:00,11.765625,VBYM C 100.75 12/22/2025 C 100.75,2025-12-22 00:00:00,0.036157,112.515625,100.75,C,0.33331569,0.994826723,0.001935604,0.002780232,-0.002982317,0.016465959,1000.0000,CBoT 10y Monday Call Options C 100.75 Dec-2025,VBYM C 100.75 12/22/2025,USD,0,-0.001028009,-0.000143804,0.002953978,-0.001695318,0.000533006,0.000386452,4.26553E-05,VY4W10075L25
2025-12-15 00:00:00,11.53125,VBYM C 100.75 12/22/2025 C 100.75,2025-12-22 00:00:00,0.036259,112.28125,100.75,C,0.308047297,0.994097833,0.002339996,0.003129572,-0.003017357,0.019194822,1000.0000,CBoT 10y Monday Call Options C 100.75 Dec-2025,VBYM C 100.75 12/22/2025,USD,0,-0.001225743,-0.000176481,0.002795803,-0.001879158,0.000621931,0.000488212,5.47074E-05,VY4W10075L25
2025-12-12 00:00:00,11.421875,VBYM C 100.75 12/22/2025 C 100.75,2025-12-22 00:00:00,0.03623,112.171875,100.75,C,0.266096068,0.992072505,0.003602942,0.003911658,-0.003057587,0.027359104,1000.0000,CBoT 10y Monday Call Options C 100.75 Dec-2025,VBYM C 100.75 12/22/2025,USD,0,-0.001754807,-0.000258918,0.00243321,-0.002184969,0.000815305,0.000801575,8.86862E-05,VY4W10075L25
2025-12-11 00:00:00,11.703125,VBYM C 100.75 12/22/2025 C 100.75,2025-12-22 00:00:00,0.036223,112.453125,100.75,C,0.262603938,0.99143792,0.004044423,0.004025356,-0.003126307,0.030072834,1000.0000,CBoT 10y Monday Call Options C 100.75 Dec-2025,VBYM C 100.75 12/22/2025,USD,0,-0.001876389,-0.000270904,0.002338151,-0.00214864,0.000829199,0.000891365,9.53835E-05,VY4W10075L25
2025-12-10 00:00:00,11.46875,VBYM C 100.75 12/22/2025 C 100.75,2025-12-22 00:00:00,0.03625,112.21875,100.75,C,0.249298692,0.99078936,0.004487298,0.004329838,-0.00305267,0.032783456,1000.0000,CBoT 10y Monday Call Options C 100.75 Dec-2025,VBYM C 100.75 12/22/2025,USD,0,-0.002081286,-0.000306269,0.002260324,-0.002306159,0.000913635,0.001019586,0.000109906,VY4W10075L25
2025-12-09 00:00:00,11.34375,VBYM C 100.75 12/22/2025 C 100.75,2025-12-22 00:00:00,0.036278,112.09375,100.75,C,0.23942121,0.990154254,0.004937834,0.004589381,-0.003003951,0.035490461,1000.0000,CBoT 10y Monday Call Options C 100.75 Dec-2025,VBYM C 100.75 12/22/2025,USD,0,-0.002270568,-0.000337223,0.002189267,-0.002421311,0.000983062,0.001145054,0.000123143,VY4W10075L25
2025-12-17 00:00:00,0.001,VBYM P 100.75 12/22/2025 P 100.75,2025-12-22 00:00:00,0.03607,112.421875,100.75,P,0.301991286,-0.000907008,0.000409742,0.000774679,-0.000776158,-1.41054E-05,1000.0000,CBoT 10y Monday Call Options P 100.75 Dec-2025,VBYM P 100.75 12/22/2025,USD,0,-0.000314318,-7.9167E-05,0.000949124,-0.000683592,0.000248523,0.000128994,2.82665E-05,VY4W10075X25
2025-12-16 00:00:00,0.001,VBYM P 100.75 12/22/2025 P 100.75,2025-12-22 00:00:00,0.036157,112.515625,100.75,P,0.27759641,-0.000900405,0.000447172,0.000763536,-0.000699794,-1.68185E-05,1000.0000,CBoT 10y Monday Call Options P 100.75 Dec-2025,VBYM P 100.75 12/22/2025,USD,0,-0.000339855,-9.32723E-05,0.000786099,-0.000669561,0.00026708,0.000153018,3.65459E-05,VY4W10075X25
2025-12-15 00:00:00,0.001,VBYM P 100.75 12/22/2025 P 100.75,2025-12-22 00:00:00,0.036259,112.28125,100.75,P,0.252569115,-0.000917053,0.000491495,0.000791778,-0.000633103,-1.99399E-05,1000.0000,CBoT 10y Monday Call Options P 100.75 Dec-2025,VBYM P 100.75 12/22/2025,USD,0,-0.000379278,-0.000113932,0.000684151,-0.000705291,0.000302652,0.000183746,4.80024E-05,VY4W10075X25
2025-12-12 00:00:00,0.001,VBYM P 100.75 12/22/2025 P 100.75,2025-12-22 00:00:00,0.03623,112.171875,100.75,P,0.209582512,-0.000925004,0.000595821,0.000805444,-0.000488618,-2.8704E-05,1000.0000,CBoT 10y Monday Call Options P 100.75 Dec-2025,VBYM P 100.75 12/22/2025,USD,0,-0.000460348,-0.000166311,0.000482312,-0.000722781,0.000369996,0.000266076,8.35719E-05,VY4W10075X25
2025-12-11 00:00:00,0.001,VBYM P 100.75 12/22/2025 P 100.75,2025-12-22 00:00:00,0.036223,112.453125,100.75,P,0.204084131,-0.000904723,0.00061476,0.000770809,-0.000454521,-3.0966E-05,1000.0000,CBoT 10y Monday Call Options P 100.75 Dec-2025,VBYM P 100.75 12/22/2025,USD,0,-0.000464082,-0.000173037,0.000430418,-0.000678695,0.000366152,0.000282621,9.16869E-05,VY4W10075X25
2025-12-10 00:00:00,0.001,VBYM P 100.75 12/22/2025 P 100.75,2025-12-22 00:00:00,0.03625,112.21875,100.75,P,0.192004854,-0.000921535,0.00065363,0.000799466,-0.000423011,-3.43327E-05,1000.0000,CBoT 10y Monday Call Options P 100.75 Dec-2025,VBYM P 100.75 12/22/2025,USD,0,-0.000500903,-0.000197688,0.000400641,-0.000715106,0.000401324,0.000317389,0.000108916,VY4W10075X25
2025-12-09 00:00:00,0.001,VBYM P 100.75 12/22/2025 P 100.75,2025-12-22 00:00:00,0.036278,112.09375,100.75,P,0.182730694,-0.000930757,0.000687681,0.000815404,-0.000395704,-3.75221E-05,1000.0000,CBoT 10y Monday Call Options P 100.75 Dec-2025,VBYM P 100.75 12/22/2025,USD,0,-0.000530702,-0.000219578,0.000372891,-0.000735611,0.000428752,0.000349279,0.000125611,VY4W10075X25
2025-12-17 00:00:00,11.515625,VBYM C 101 12/22/2025 C 101,2025-12-22 00:00:00,0.03607,112.421875,101,C,0.517373464,0.963559809,0.010391332,0.011600523,-0.046350644,0.013261585,1000.0000,CBoT 10y Monday Call Options C 101 Dec-2025,VBYM C 101 12/22/2025,USD,0,-0.002654431,-5.61634E-05,0.013828544,-0.003447502,0.000536786,0.000628537,1.55898E-06,VY4W101L25
2025-12-16 00:00:00,11.515625,VBYM C 101 12/22/2025 C 101,2025-12-22 00:00:00,0.036157,112.515625,101,C,0.325835527,0.994820424,0.001938311,0.002847549,-0.002918964,0.016506939,1000.0000,CBoT 10y Monday Call Options C 101 Dec-2025,VBYM C 101 12/22/2025,USD,0,-0.0010531,-0.00015071,0.002958026,-0.001775907,0.00055845,0.000395812,4.46924E-05,VY4W101L25
2025-12-15 00:00:00,11.28125,VBYM C 101 12/22/2025 C 101,2025-12-22 00:00:00,0.036259,112.28125,101,C,0.301001176,0.994090644,0.002343302,0.003206766,-0.002951958,0.019242612,1000.0000,CBoT 10y Monday Call Options C 101 Dec-2025,VBYM C 101 12/22/2025,USD,0,-0.001256225,-0.000185122,0.002799646,-0.001970215,0.000652197,0.000500259,5.73709E-05,VY4W101L25
2025-12-12 00:00:00,11.171875,VBYM C 101 12/22/2025 C 101,2025-12-22 00:00:00,0.03623,112.171875,101,C,0.259954225,0.992062848,0.003608077,0.004008999,-0.002990686,0.0274273,1000.0000,CBoT 10y Monday Call Options C 101 Dec-2025,VBYM C 101 12/22/2025,USD,0,-0.00179886,-0.000271722,0.002436579,-0.002291784,0.000855348,0.000821531,9.30443E-05,VY4W101L25
2025-12-11 00:00:00,11.453125,VBYM C 101 12/22/2025 C 101,2025-12-22 00:00:00,0.036223,112.453125,101,C,0.256680749,0.991427495,0.004050136,0.004123308,-0.003059549,0.030147823,1000.0000,CBoT 10y Monday Call Options C 101 Dec-2025,VBYM C 101 12/22/2025,USD,0,-0.001922469,-0.000283999,0.002341394,-0.002251245,0.000868989,0.000913065,9.99633E-05,VY4W101L25
2025-12-10 00:00:00,11.21875,VBYM C 101 12/22/2025 C 101,2025-12-22 00:00:00,0.03625,112.21875,101,C,0.243566805,0.990778141,0.004493688,0.004437182,-0.002986152,0.032865233,1000.0000,CBoT 10y Monday Call Options C 101 Dec-2025,VBYM C 101 12/22/2025,USD,0,-0.002133361,-0.000321365,0.002263466,-0.002418436,0.000958332,0.001044875,0.000115286,VY4W101L25
2025-12-09 00:00:00,11.09375,VBYM C 101 12/22/2025 C 101,2025-12-22 00:00:00,0.036278,112.09375,101,C,0.233858926,0.990142259,0.004944895,0.004704317,-0.002937775,0.035579022,1000.0000,CBoT 10y Monday Call Options C 101 Dec-2025,VBYM C 101 12/22/2025,USD,0,-0.002327963,-0.000354023,0.002192316,-0.002540433,0.001031665,0.001173745,0.000129235,VY4W101L25
2025-12-17 00:00:00,0.001,VBYM P 101 12/22/2025 P 101,2025-12-22 00:00:00,0.03607,112.421875,101,P,0.295686559,-0.000925196,0.000417448,0.000805763,-0.000775184,-1.43855E-05,1000.0000,CBoT 10y Monday Call Options P 101 Dec-2025,VBYM P 101 12/22/2025,USD,0,-0.000326388,-8.35871E-05,0.000964993,-0.000724818,0.000262966,0.000133696,2.97679E-05,VY4W101X25
2025-12-16 00:00:00,0.001,VBYM P 101 12/22/2025 P 101,2025-12-22 00:00:00,0.036157,112.515625,101,P,0.27184404,-0.000918325,0.000455553,0.000793941,-0.000698757,-1.71499E-05,1000.0000,CBoT 10y Monday Call Options P 101 Dec-2025,VBYM P 101 12/22/2025,USD,0,-0.000352808,-9.84414E-05,0.000799149,-0.000709633,0.000282484,0.000158554,3.84729E-05,VY4W101X25
2025-12-15 00:00:00,0.001,VBYM P 101 12/22/2025 P 101,2025-12-22 00:00:00,0.036259,112.28125,101,P,0.247236248,-0.000935651,0.000500925,0.000823915,-0.000632025,-2.03404E-05,1000.0000,CBoT 10y Monday Call Options P 101 Dec-2025,VBYM P 101 12/22/2025,USD,0,-0.000394008,-0.000120365,0.000695714,-0.000748322,0.000320442,0.000190519,5.05804E-05,VY4W101X25
2025-12-12 00:00:00,0.001,VBYM P 101 12/22/2025 P 101,2025-12-22 00:00:00,0.03623,112.171875,101,P,0.205117771,-0.000943931,0.000607502,0.000838432,-0.000487606,-2.92859E-05,1000.0000,CBoT 10y Monday Call Options P 101 Dec-2025,VBYM P 101 12/22/2025,USD,0,-0.000478386,-0.000175785,0.000490533,-0.000767283,0.000391941,0.00027597,8.80995E-05,VY4W101X25
2025-12-11 00:00:00,0.001,VBYM P 101 12/22/2025 P 101,2025-12-22 00:00:00,0.036223,112.453125,101,P,0.199834065,-0.000922818,0.000626576,0.000801659,-0.000453573,-3.15795E-05,1000.0000,CBoT 10y Monday Call Options P 101 Dec-2025,VBYM P 101 12/22/2025,USD,0,-0.000481857,-0.000182674,0.000437597,-0.000719521,0.000387377,0.000292897,9.65448E-05,VY4W101X25
2025-12-10 00:00:00,0.001,VBYM P 101 12/22/2025 P 101,2025-12-22 00:00:00,0.03625,112.21875,101,P,0.187930184,-0.00094032,0.000666496,0.000832083,-0.000422081,-3.50261E-05,1000.0000,CBoT 10y Monday Call Options P 101 Dec-2025,VBYM P 101 12/22/2025,USD,0,-0.000520455,-0.000208907,0.000407445,-0.000758963,0.000425036,0.000329147,0.000114795,VY4W101X25
2025-12-09 00:00:00,0.001,VBYM P 101 12/22/2025 P 101,2025-12-22 00:00:00,0.036278,112.09375,101,P,0.178812969,-0.000949925,0.000701419,0.000849019,-0.000394801,-3.82878E-05,1000.0000,CBoT 10y Monday Call Options P 101 Dec-2025,VBYM P 101 12/22/2025,USD,0,-0.000551631,-0.000232166,0.000379285,-0.000781202,0.000454348,0.00036235,0.000132459,VY4W101X25
2025-12-17 00:00:00,11.265625,VBYM C 101.25 12/22/2025 C 101.25,2025-12-22 00:00:00,0.03607,112.421875,101.25,C,0.507392069,0.962970881,0.010530456,0.011987145,-0.04614543,0.013286761,1000.0000,CBoT 10y Monday Call Options C 101.25 Dec-2025,VBYM C 101.25 12/22/2025,USD,0,-0.002733056,-5.76978E-05,0.013962474,-0.003617526,0.000559196,0.00064449,1.32478E-06,VY4W10125L25
2025-12-16 00:00:00,11.265625,VBYM C 101.25 12/22/2025 C 101.25,2025-12-22 00:00:00,0.036157,112.515625,101.25,C,0.318373931,0.994814131,0.001941038,0.002917855,-0.002855611,0.016547918,1000.0000,CBoT 10y Monday Call Options C 101.25 Dec-2025,VBYM C 101.25 12/22/2025,USD,0,-0.001079306,-0.000158096,0.002962072,-0.001862067,0.000585656,0.000405589,4.68705E-05,VY4W10125L25
2025-12-15 00:00:00,11.03125,VBYM C 101.25 12/22/2025 C 101.25,2025-12-22 00:00:00,0.036259,112.28125,101.25,C,0.293972549,0.994083461,0.002346636,0.00328746,-0.002886559,0.019290403,1000.0000,CBoT 10y Monday Call Options C 101.25 Dec-2025,VBYM C 101.25 12/22/2025,USD,0,-0.001288089,-0.000194376,0.002803487,-0.002067698,0.000684603,0.000512853,6.02227E-05,VY4W10125L25
2025-12-12 00:00:00,10.921875,VBYM C 101.25 12/22/2025 C 101.25,2025-12-22 00:00:00,0.03623,112.171875,101.25,C,0.253827632,0.992053199,0.003613259,0.004110799,-0.002923784,0.027495496,1000.0000,CBoT 10y Monday Call Options C 101.25 Dec-2025,VBYM C 101.25 12/22/2025,USD,0,-0.001844932,-0.000285444,0.002439945,-0.002406212,0.000898249,0.000842401,9.77134E-05,VY4W10125L25
2025-12-11 00:00:00,11.203125,VBYM C 101.25 12/22/2025 C 101.25,2025-12-22 00:00:00,0.036223,112.453125,101.25,C,0.250772271,0.991417078,0.004055897,0.004225633,-0.00299279,0.030222811,1000.0000,CBoT 10y Monday Call Options C 101.25 Dec-2025,VBYM C 101.25 12/22/2025,USD,0,-0.001970608,-0.000298009,0.002344634,-0.002360982,0.000911549,0.000935735,0.000104862,VY4W10125L25
2025-12-10 00:00:00,10.96875,VBYM C 101.25 12/22/2025 C 101.25,2025-12-22 00:00:00,0.03625,112.21875,101.25,C,0.237849154,0.990766932,0.004500135,0.004549421,-0.002919633,0.032947011,1000.0000,CBoT 10y Monday Call Options C 101.25 Dec-2025,VBYM C 101.25 12/22/2025,USD,0,-0.002187813,-0.000337537,0.002266604,-0.002538681,0.001006208,0.001071318,0.000121049,VY4W10125L25
2025-12-09 00:00:00,10.84375,VBYM C 101.25 12/22/2025 C 101.25,2025-12-22 00:00:00,0.036278,112.09375,101.25,C,0.228310457,0.990130274,0.004952022,0.004824556,-0.002871597,0.035667584,1000.0000,CBoT 10y Monday Call Options C 101.25 Dec-2025,VBYM C 101.25 12/22/2025,USD,0,-0.002388007,-0.000372033,0.002195361,-0.002668105,0.001083761,0.001203759,0.000135765,VY4W10125L25
2025-12-17 00:00:00,0.001,VBYM P 101.25 12/22/2025 P 101.25,2025-12-22 00:00:00,0.03607,112.421875,101.25,P,0.289388365,-0.000944125,0.000425462,0.00083876,-0.000774184,-1.4677E-05,1000.0000,CBoT 10y Monday Call Options P 101.25 Dec-2025,VBYM P 101.25 12/22/2025,USD,0,-0.000339175,-8.8348E-05,0.000981439,-0.00076944,0.000278561,0.000138667,3.13803E-05,VY4W10125X25
2025-12-16 00:00:00,0.001,VBYM P 101.25 12/22/2025 P 101.25,2025-12-22 00:00:00,0.036157,112.515625,101.25,P,0.266097711,-0.000936969,0.000464268,0.000826203,-0.000697693,-1.74948E-05,1000.0000,CBoT 10y Monday Call Options P 101.25 Dec-2025,VBYM P 101.25 12/22/2025,USD,0,-0.000366525,-0.000104006,0.000812669,-0.000752979,0.000299108,0.000164405,4.05413E-05,VY4W10125X25
2025-12-15 00:00:00,0.001,VBYM P 101.25 12/22/2025 P 101.25,2025-12-22 00:00:00,0.036259,112.28125,101.25,P,0.241908797,-0.000955018,0.00051074,0.000858055,-0.00063092,-2.07575E-05,1000.0000,CBoT 10y Monday Call Options P 101.25 Dec-2025,VBYM P 101.25 12/22/2025,USD,0,-0.000409624,-0.000127301,0.000707703,-0.00079494,0.00033967,0.000197684,5.33514E-05,VY4W10125X25
2025-12-12 00:00:00,0.001,VBYM P 101.25 12/22/2025 P 101.25,2025-12-22 00:00:00,0.03623,112.171875,101.25,P,0.200657486,-0.000963649,0.000619673,0.000873496,-0.00048657,-2.9892E-05,1000.0000,CBoT 10y Monday Call Options P 101.25 Dec-2025,VBYM P 101.25 12/22/2025,USD,0,-0.00049752,-0.000186006,0.00049906,-0.000815531,0.000415677,0.000286444,9.29692E-05,VY4W10125X25
2025-12-11 00:00:00,0.001,VBYM P 101.25 12/22/2025 P 101.25,2025-12-22 00:00:00,0.036223,112.453125,101.25,P,0.195588421,-0.00094165,0.000638877,0.000834402,-0.000452603,-3.22179E-05,1000.0000,CBoT 10y Monday Call Options P 101.25 Dec-2025,VBYM P 101.25 12/22/2025,USD,0,-0.000500687,-0.000193052,0.000445036,-0.0007637,0.00041029,0.00030376,0.000101761,VY4W10125X25
2025-12-10 00:00:00,0.001,VBYM P 101.25 12/22/2025 P 101.25,2025-12-22 00:00:00,0.03625,112.21875,101.25,P,0.18385961,-0.000959885,0.000679905,0.000866743,-0.000421129,-3.57482E-05,1000.0000,CBoT 10y Monday Call Options P 101.25 Dec-2025,VBYM P 101.25 12/22/2025,USD,0,-0.00054119,-0.000221006,0.000414501,-0.000806496,0.000450674,0.000341589,0.000121116,VY4W10125X25
2025-12-09 00:00:00,0.001,VBYM P 101.25 12/22/2025 P 101.25,2025-12-22 00:00:00,0.036278,112.09375,101.25,P,0.174899106,-0.000969899,0.000715747,0.000884763,-0.000393877,-3.90857E-05,1000.0000,CBoT 10y Monday Call Options P 101.25 Dec-2025,VBYM P 101.25 12/22/2025,USD,0,-0.00057384,-0.000245753,0.00038592,-0.000830658,0.000482047,0.000376191,0.000139828,VY4W10125X25
2025-12-17 00:00:00,11.015625,VBYM C 101.5 12/22/2025 C 101.5,2025-12-22 00:00:00,0.03607,112.421875,101.5,C,0.497411272,0.962360195,0.010674114,0.012394539,-0.045936325,0.013311603,1000.0000,CBoT 10y Monday Call Options C 101.5 Dec-2025,VBYM C 101.5 12/22/2025,USD,0,-0.002815486,-5.92708E-05,0.014099649,-0.00379939,0.000582919,0.000661121,1.06009E-06,VY4W1015L25
2025-12-16 00:00:00,11.015625,VBYM C 101.5 12/22/2025 C 101.5,2025-12-22 00:00:00,0.036157,112.515625,101.5,C,0.310930809,0.994807843,0.001943788,0.002991354,-0.002792255,0.016588898,1000.0000,CBoT 10y Monday Call Options C 101.5 Dec-2025,VBYM C 101.5 12/22/2025,USD,0,-0.001106703,-0.000166005,0.002966113,-0.001954317,0.000614788,0.000415809,4.92029E-05,VY4W1015L25
2025-12-15 00:00:00,10.78125,VBYM C 101.5 12/22/2025 C 101.5,2025-12-22 00:00:00,0.036259,112.28125,101.5,C,0.286961322,0.994076285,0.002350001,0.003371899,-0.002821157,0.019338193,1000.0000,CBoT 10y Monday Call Options C 101.5 Dec-2025,VBYM C 101.5 12/22/2025,USD,0,-0.001321433,-0.000204301,0.002807323,-0.002172219,0.000719351,0.00052603,6.32807E-05,VY4W1015L25
2025-12-12 00:00:00,10.671875,VBYM C 101.5 12/22/2025 C 101.5,2025-12-22 00:00:00,0.03623,112.171875,101.5,C,0.247716213,0.992043558,0.003618493,0.00421737,-0.00285688,0.027563692,1000.0000,CBoT 10y Monday Call Options C 101.5 Dec-2025,VBYM C 101.5 12/22/2025,USD,0,-0.001893164,-0.000300169,0.002443307,-0.002528984,0.000944283,0.000864249,0.000102724,VY4W1015L25
2025-12-11 00:00:00,10.953125,VBYM C 101.5 12/22/2025 C 101.5,2025-12-22 00:00:00,0.036223,112.453125,101.5,C,0.24487843,0.99140667,0.004061711,0.004332632,-0.002926029,0.0302978,1000.0000,CBoT 10y Monday Call Options C 101.5 Dec-2025,VBYM C 101.5 12/22/2025,USD,0,-0.002020947,-0.000313018,0.002347871,-0.002478517,0.000957138,0.00095944,0.000110109,VY4W1015L25
2025-12-10 00:00:00,10.71875,VBYM C 101.5 12/22/2025 C 101.5,2025-12-22 00:00:00,0.03625,112.21875,101.5,C,0.232145668,0.990755731,0.004506646,0.004666899,-0.002853112,0.033028788,1000.0000,CBoT 10y Monday Call Options C 101.5 Dec-2025,VBYM C 101.5 12/22/2025,USD,0,-0.002244808,-0.000354888,0.00226974,-0.002667655,0.001057565,0.001098995,0.00012723,VY4W1015L25
2025-12-09 00:00:00,10.59375,VBYM C 101.5 12/22/2025 C 101.5,2025-12-22 00:00:00,0.036278,112.09375,101.5,C,0.222775732,0.990118299,0.004959223,0.004950473,-0.002805416,0.035756145,1000.0000,CBoT 10y Monday Call Options C 101.5 Dec-2025,VBYM C 101.5 12/22/2025,USD,0,-0.002450888,-0.000391373,0.002198403,-0.002805152,0.00113969,0.00123519,0.000142776,VY4W1015L25
2025-12-17 00:00:00,0.001,VBYM P 101.5 12/22/2025 P 101.5,2025-12-22 00:00:00,0.03607,112.421875,101.5,P,0.283096418,-0.000963843,0.000433804,0.000873833,-0.000773157,-1.49807E-05,1000.0000,CBoT 10y Monday Call Options P 101.5 Dec-2025,VBYM P 101.5 12/22/2025,USD,0,-0.000352739,-9.3484E-05,0.000998496,-0.000817817,0.000295428,0.000143928,3.31146E-05,VY4W1015X25
2025-12-16 00:00:00,0.001,VBYM P 101.5 12/22/2025 P 101.5,2025-12-22 00:00:00,0.036157,112.515625,101.5,P,0.260357166,-0.000956385,0.000473338,0.000860477,-0.000696602,-1.7854E-05,1000.0000,CBoT 10y Monday Call Options P 101.5 Dec-2025,VBYM P 101.5 12/22/2025,USD,0,-0.000381069,-0.000110005,0.000826688,-0.000799943,0.000317077,0.000170595,4.27648E-05,VY4W1015X25
2025-12-15 00:00:00,0.001,VBYM P 101.5 12/22/2025 P 101.5,2025-12-22 00:00:00,0.036259,112.28125,101.5,P,0.236586511,-0.000975202,0.000520967,0.00089437,-0.000629787,-2.11922E-05,1000.0000,CBoT 10y Monday Call Options P 101.5 Dec-2025,VBYM P 101.5 12/22/2025,USD,0,-0.000426201,-0.000134789,0.000720142,-0.000845533,0.000360486,0.000205274,5.63345E-05,VY4W1015X25
2025-12-12 00:00:00,0.001,VBYM P 101.5 12/22/2025 P 101.5,2025-12-22 00:00:00,0.03623,112.171875,101.5,P,0.196201448,-0.000984207,0.000632368,0.000910817,-0.000485509,-3.0524E-05,1000.0000,CBoT 10y Monday Call Options P 101.5 Dec-2025,VBYM P 101.5 12/22/2025,USD,0,-0.000517843,-0.00019705,0.000507911,-0.000867934,0.000441393,0.000297543,9.8215E-05,VY4W1015X25
2025-12-11 00:00:00,0.001,VBYM P 101.5 12/22/2025 P 101.5,2025-12-22 00:00:00,0.036223,112.453125,101.5,P,0.19134701,-0.000961265,0.000651696,0.0008692,-0.00045161,-3.28829E-05,1000.0000,CBoT 10y Monday Call Options P 101.5 Dec-2025,VBYM P 101.5 12/22/2025,USD,0,-0.000520657,-0.000204245,0.000452751,-0.000811588,0.000435068,0.000315256,0.000107371,VY4W1015X25
2025-12-10 00:00:00,0.001,VBYM P 101.5 12/22/2025 P 101.5,2025-12-22 00:00:00,0.03625,112.21875,101.5,P,0.179792943,-0.000980281,0.000693894,0.000903624,-0.000420153,-3.65011E-05,1000.0000,CBoT 10y Monday Call Options P 101.5 Dec-2025,VBYM P 101.5 12/22/2025,USD,0,-0.000563209,-0.000234075,0.000421823,-0.000858105,0.000478441,0.000354773,0.000127923,VY4W1015X25
2025-12-09 00:00:00,0.001,VBYM P 101.5 12/22/2025 P 101.5,2025-12-22 00:00:00,0.036278,112.09375,101.5,P,0.170988919,-0.000990731,0.000730706,0.000922825,-0.00039293,-3.99178E-05,1000.0000,CBoT 10y Monday Call Options P 101.5 Dec-2025,VBYM P 101.5 12/22/2025,USD,0,-0.00059744,-0.000260443,0.000392808,-0.000884402,0.000512072,0.000390865,0.00014777,VY4W1015X25
2025-12-17 00:00:00,10.765625,VBYM C 101.75 12/22/2025 C 101.75,2025-12-22 00:00:00,0.03607,112.421875,101.75,C,0.487430268,0.96172644,0.010822555,0.012824297,-0.045723143,0.01333609,1000.0000,CBoT 10y Monday Call Options C 101.75 Dec-2025,VBYM C 101.75 12/22/2025,USD,0,-0.002901988,-6.08809E-05,0.014240206,-0.003994183,0.000608055,0.00067847,7.6124E-07,VY4W10175L25
2025-12-16 00:00:00,10.765625,VBYM C 101.75 12/22/2025 C 101.75,2025-12-22 00:00:00,0.036157,112.515625,101.75,C,0.303506068,0.994801559,0.001946564,0.003068269,-0.002728899,0.016629877,1000.0000,CBoT 10y Monday Call Options C 101.75 Dec-2025,VBYM C 101.75 12/22/2025,USD,0,-0.001135373,-0.000174488,0.00297015,-0.002053236,0.000646029,0.000426505,5.17041E-05,VY4W10175L25
2025-12-15 00:00:00,10.53125,VBYM C 101.75 12/22/2025 C 101.75,2025-12-22 00:00:00,0.036259,112.28125,101.75,C,0.279967412,0.994069113,0.002353401,0.003460349,-0.002755755,0.019385984,1000.0000,CBoT 10y Monday Call Options C 101.75 Dec-2025,VBYM C 101.75 12/22/2025,USD,0,-0.001356361,-0.000214961,0.002811156,-0.002284462,0.000756671,0.000539834,6.65649E-05,VY4W10175L25
2025-12-12 00:00:00,10.421875,VBYM C 101.75 12/22/2025 C 101.75,2025-12-22 00:00:00,0.03623,112.171875,101.75,C,0.241619892,0.992033925,0.003623785,0.004329058,-0.002789975,0.027631889,1000.0000,CBoT 10y Monday Call Options C 101.75 Dec-2025,VBYM C 101.75 12/22/2025,USD,0,-0.001943712,-0.000315998,0.002446667,-0.002660919,0.000993758,0.000887146,0.000108108,VY4W10175L25
2025-12-11 00:00:00,10.703125,VBYM C 101.75 12/22/2025 C 101.75,2025-12-22 00:00:00,0.036223,112.453125,101.75,C,0.238999149,0.991396271,0.004067583,0.004444632,-0.002859266,0.03037279,1000.0000,CBoT 10y Monday Call Options C 101.75 Dec-2025,VBYM C 101.75 12/22/2025,USD,0,-0.002073639,-0.000329123,0.002351105,-0.002604597,0.001006048,0.000984252,0.000115739,VY4W10175L25
2025-12-10 00:00:00,10.46875,VBYM C 101.75 12/22/2025 C 101.75,2025-12-22 00:00:00,0.03625,112.21875,101.75,C,0.226456275,0.990744539,0.004513228,0.004789991,-0.00278659,0.033110566,1000.0000,CBoT 10y Monday Call Options C 101.75 Dec-2025,VBYM C 101.75 12/22/2025,USD,0,-0.002304526,-0.000373533,0.002272873,-0.002806213,0.001112744,0.001127993,0.000133872,VY4W10175L25
2025-12-09 00:00:00,10.34375,VBYM C 101.75 12/22/2025 C 101.75,2025-12-22 00:00:00,0.036278,112.09375,101.75,C,0.217254684,0.990106333,0.004966505,0.005082479,-0.002739235,0.035844707,1000.0000,CBoT 10y Monday Call Options C 101.75 Dec-2025,VBYM C 101.75 12/22/2025,USD,0,-0.002516811,-0.000412172,0.002201443,-0.002952505,0.001199832,0.001268141,0.000150314,VY4W10175L25
2025-12-17 00:00:00,0.001,VBYM P 101.75 12/22/2025 P 101.75,2025-12-22 00:00:00,0.03607,112.421875,101.75,P,0.276810424,-0.000984403,0.000442495,0.000911163,-0.000772103,-1.52973E-05,1000.0000,CBoT 10y Monday Call Options P 101.75 Dec-2025,VBYM P 101.75 12/22/2025,USD,0,-0.000367146,-9.90337E-05,0.001016201,-0.00087036,0.000313702,0.000149505,3.49828E-05,VY4W10175X25
2025-12-16 00:00:00,0.001,VBYM P 101.75 12/22/2025 P 101.75,2025-12-22 00:00:00,0.036157,112.515625,101.75,P,0.254622139,-0.000976623,0.000482786,0.000896939,-0.000695483,-1.82283E-05,1000.0000,CBoT 10y Monday Call Options P 101.75 Dec-2025,VBYM P 101.75 12/22/2025,USD,0,-0.000396508,-0.000116484,0.000841235,-0.000850917,0.000336531,0.000177152,4.51586E-05,VY4W10175X25
2025-12-15 00:00:00,0.001,VBYM P 101.75 12/22/2025 P 101.75,2025-12-22 00:00:00,0.036259,112.28125,101.75,P,0.231269134,-0.00099626,0.000531633,0.000933052,-0.000628624,-2.16457E-05,1000.0000,CBoT 10y Monday Call Options P 101.75 Dec-2025,VBYM P 101.75 12/22/2025,USD,0,-0.000443822,-0.000142888,0.000733061,-0.000900538,0.00038306,0.000213323,5.95508E-05,VY4W10175X25
2025-12-12 00:00:00,0.001,VBYM P 101.75 12/22/2025 P 101.75,2025-12-22 00:00:00,0.03623,112.171875,101.75,P,0.191749439,-0.001005665,0.000645622,0.000950596,-0.00048442,-3.11837E-05,1000.0000,CBoT 10y Monday Call Options P 101.75 Dec-2025,VBYM P 101.75 12/22/2025,USD,0,-0.00053946,-0.000209003,0.000517106,-0.000924954,0.000469302,0.000309322,0.000103875,VY4W10175X25
2025-12-11 00:00:00,0.001,VBYM P 101.75 12/22/2025 P 101.75,2025-12-22 00:00:00,0.036223,112.453125,101.75,P,0.187109633,-0.000981715,0.000665067,0.000906231,-0.000450592,-3.35763E-05,1000.0000,CBoT 10y Monday Call Options P 101.75 Dec-2025,VBYM P 101.75 12/22/2025,USD,0,-0.000541866,-0.000216338,0.000460759,-0.000863586,0.000461906,0.000327437,0.000113412,VY4W10175X25
2025-12-10 00:00:00,0.001,VBYM P 101.75 12/22/2025 P 101.75,2025-12-22 00:00:00,0.03625,112.21875,101.75,P,0.175729983,-0.001001564,0.000708503,0.000942924,-0.000419154,-3.72867E-05,1000.0000,CBoT 10y Monday Call Options P 101.75 Dec-2025,VBYM P 101.75 12/22/2025,USD,0,-0.000586622,-0.000248217,0.00042943,-0.000914241,0.000508567,0.00036876,0.000135265,VY4W10175X25
2025-12-09 00:00:00,0.001,VBYM P 101.75 12/22/2025 P 101.75,2025-12-22 00:00:00,0.036278,112.09375,101.75,P,0.167082214,-0.001012481,0.00074634,0.000963412,-0.00039196,-4.07867E-05,1000.0000,CBoT 10y Monday Call Options P 101.75 Dec-2025,VBYM P 101.75 12/22/2025,USD,0,-0.000622552,-0.000276351,0.000399966,-0.000942917,0.000544677,0.000406445,0.000156343,VY4W10175X25
2025-12-17 00:00:00,10.515625,VBYM C 102 12/22/2025 C 102,2025-12-22 00:00:00,0.03607,112.421875,102,C,0.47744821,0.961068195,0.010976047,0.013278171,-0.045505686,0.013360199,1000.0000,CBoT 10y Monday Call Options C 102 Dec-2025,VBYM C 102 12/22/2025,USD,0,-0.002992851,-6.25261E-05,0.014384289,-0.004203124,0.000634716,0.000696584,4.24085E-07,VY4W102L25
2025-12-16 00:00:00,10.515625,VBYM C 102 12/22/2025 C 102,2025-12-22 00:00:00,0.036157,112.515625,102,C,0.296099615,0.994795281,0.001949369,0.003148843,-0.002665542,0.016670857,1000.0000,CBoT 10y Monday Call Options C 102 Dec-2025,VBYM C 102 12/22/2025,USD,0,-0.001165408,-0.000183601,0.002974184,-0.002159474,0.000679585,0.000437709,5.43906E-05,VY4W102L25
2025-12-15 00:00:00,10.28125,VBYM C 102 12/22/2025 C 102,2025-12-22 00:00:00,0.036259,112.28125,102,C,0.272990729,0.994061948,0.002356839,0.003553103,-0.002690352,0.019433775,1000.0000,CBoT 10y Monday Call Options C 102 Dec-2025,VBYM C 102 12/22/2025,USD,0,-0.001392989,-0.000226431,0.002814985,-0.002405198,0.000796818,0.000554309,7.0098E-05,VY4W102L25
2025-12-12 00:00:00,10.171875,VBYM C 102 12/22/2025 C 102,2025-12-22 00:00:00,0.03623,112.171875,102,C,0.23553859,0.9920243,0.00362914,0.004446237,-0.002723068,0.027700085,1000.0000,CBoT 10y Monday Call Options C 102 Dec-2025,VBYM C 102 12/22/2025,USD,0,-0.001996746,-0.000333042,0.002450023,-0.002802942,0.001047022,0.000911168,0.000113905,VY4W102L25
2025-12-11 00:00:00,10.453125,VBYM C 102 12/22/2025 C 102,2025-12-22 00:00:00,0.036223,112.453125,102,C,0.233134361,0.991385879,0.004073519,0.004561993,-0.002792501,0.030447779,1000.0000,CBoT 10y Monday Call Options C 102 Dec-2025,VBYM C 102 12/22/2025,USD,0,-0.002128854,-0.000346432,0.002354336,-0.002740058,0.001058602,0.001010252,0.000121788,VY4W102L25
2025-12-10 00:00:00,10.21875,VBYM C 102 12/22/2025 C 102,2025-12-22 00:00:00,0.03625,112.21875,102,C,0.220780901,0.990733357,0.004519888,0.004919109,-0.002720066,0.033192344,1000.0000,CBoT 10y Monday Call Options C 102 Dec-2025,VBYM C 102 12/22/2025,USD,0,-0.002367169,-0.000393603,0.002276002,-0.002955314,0.001172128,0.001158411,0.00014102,VY4W102L25
2025-12-09 00:00:00,10.09375,VBYM C 102 12/22/2025 C 102,2025-12-22 00:00:00,0.036278,112.09375,102,C,0.211747243,0.990094378,0.004973877,0.005221028,-0.002673051,0.03593327,1000.0000,CBoT 10y Monday Call Options C 102 Dec-2025,VBYM C 102 12/22/2025,USD,0,-0.002586002,-0.000434581,0.00220448,-0.003111208,0.001264613,0.001302724,0.000158434,VY4W102L25
2025-12-17 00:00:00,0.001,VBYM P 102 12/22/2025 P 102,2025-12-22 00:00:00,0.03607,112.421875,102,P,0.270530074,-0.001005861,0.000451559,0.000950952,-0.000771019,-1.56278E-05,1000.0000,CBoT 10y Monday Call Options P 102 Dec-2025,VBYM P 102 12/22/2025,USD,0,-0.000382469,-0.000105041,0.001034596,-0.000927532,0.000333535,0.000155422,3.69986E-05,VY4W102X25
2025-12-16 00:00:00,0.001,VBYM P 102 12/22/2025 P 102,2025-12-22 00:00:00,0.036157,112.515625,102,P,0.248892348,-0.000997737,0.000492639,0.00093578,-0.000694334,-1.86189E-05,1000.0000,CBoT 10y Monday Call Options P 102 Dec-2025,VBYM P 102 12/22/2025,USD,0,-0.000412922,-0.000123492,0.000856343,-0.000906342,0.000357631,0.000184107,4.77399E-05,VY4W102X25
2025-12-15 00:00:00,0.001,VBYM P 102 12/22/2025 P 102,2025-12-22 00:00:00,0.036259,112.28125,102,P,0.225956401,-0.00101825,0.000542768,0.000974317,-0.00062743,-2.21193E-05,1000.0000,CBoT 10y Monday Call Options P 102 Dec-2025,VBYM P 102 12/22/2025,USD,0,-0.000462579,-0.000151663,0.000746489,-0.000960454,0.000407585,0.000221872,6.30244E-05,VY4W102X25
2025-12-12 00:00:00,0.001,VBYM P 102 12/22/2025 P 102,2025-12-22 00:00:00,0.03623,112.171875,102,P,0.187301228,-0.001028082,0.000659477,0.000993058,-0.000483304,-3.18729E-05,1000.0000,CBoT 10y Monday Call Options P 102 Dec-2025,VBYM P 102 12/22/2025,USD,0,-0.000562483,-0.000221965,0.000526667,-0.000987118,0.00049965,0.000321839,0.000109993,VY4W102X25
2025-12-11 00:00:00,0.001,VBYM P 102 12/22/2025 P 102,2025-12-22 00:00:00,0.036223,112.453125,102,P,0.182876079,-0.001003055,0.00067903,0.000945694,-0.000449549,-3.42998E-05,1000.0000,CBoT 10y Monday Call Options P 102 Dec-2025,VBYM P 102 12/22/2025,USD,0,-0.000564419,-0.000229424,0.000469076,-0.000920153,0.000491027,0.000340362,0.000119929,VY4W102X25
2025-12-10 00:00:00,0.001,VBYM P 102 12/22/2025 P 102,2025-12-22 00:00:00,0.03625,112.21875,102,P,0.171670526,-0.001023796,0.000723778,0.000984862,-0.000418129,-3.81073E-05,1000.0000,CBoT 10y Monday Call Options P 102 Dec-2025,VBYM P 102 12/22/2025,USD,0,-0.000611552,-0.000263545,0.000437338,-0.000975419,0.000541313,0.00038362,0.000143198,VY4W102X25
2025-12-09 00:00:00,0.001,VBYM P 102 12/22/2025 P 102,2025-12-22 00:00:00,0.036278,112.09375,102,P,0.163178787,-0.001035211,0.000762699,0.001006757,-0.000390964,-4.16947E-05,1000.0000,CBoT 10y Monday Call Options P 102 Dec-2025,VBYM P 102 12/22/2025,USD,0,-0.000649311,-0.00029361,0.000407411,-0.00100675,0.000580152,0.000423007,0.000165615,VY4W102X25
2025-12-17 00:00:00,10.265625,VBYM C 102.25 12/22/2025 C 102.25,2025-12-22 00:00:00,0.03607,112.421875,102.25,C,0.467464214,0.960383917,0.011134881,0.013758095,-0.045283742,0.013383908,1000.0000,CBoT 10y Monday Call Options C 102.25 Dec-2025,VBYM C 102.25 12/22/2025,USD,0,-0.003088396,-6.42035E-05,0.014532054,-0.004427575,0.000663023,0.000715512,4.38978E-08,VY4W10225L25
2025-12-16 00:00:00,10.265625,VBYM C 102.25 12/22/2025 C 102.25,2025-12-22 00:00:00,0.036157,112.515625,102.25,C,0.28871136,0.994789008,0.001952205,0.003233344,-0.002602184,0.016711837,1000.0000,CBoT 10y Monday Call Options C 102.25 Dec-2025,VBYM C 102.25 12/22/2025,USD,0,-0.001196906,-0.000193406,0.002978214,-0.002273762,0.000715686,0.000449459,5.7281E-05,VY4W10225L25
2025-12-15 00:00:00,10.03125,VBYM C 102.25 12/22/2025 C 102.25,2025-12-22 00:00:00,0.036259,112.28125,102.25,C,0.26603119,0.994054789,0.00236032,0.003650483,-0.002624947,0.019481566,1000.0000,CBoT 10y Monday Call Options C 102.25 Dec-2025,VBYM C 102.25 12/22/2025,USD,0,-0.001431444,-0.000238792,0.002818811,-0.002535292,0.000840081,0.000569506,7.39053E-05,VY4W10225L25
2025-12-12 00:00:00,9.921875,VBYM C 102.25 12/22/2025 C 102.25,2025-12-22 00:00:00,0.03623,112.171875,102.25,C,0.229472236,0.992014683,0.003634567,0.004569325,-0.00265616,0.027768282,1000.0000,CBoT 10y Monday Call Options C 102.25 Dec-2025,VBYM C 102.25 12/22/2025,USD,0,-0.002052456,-0.000351427,0.002453376,-0.002956092,0.001104465,0.000936402,0.000120157,VY4W10225L25
2025-12-11 00:00:00,10.203125,VBYM C 102.25 12/22/2025 C 102.25,2025-12-22 00:00:00,0.036223,112.453125,102.25,C,0.227283989,0.991375497,0.004079527,0.004685107,-0.002725735,0.030522769,1000.0000,CBoT 10y Monday Call Options C 102.25 Dec-2025,VBYM C 102.25 12/22/2025,USD,0,-0.002186777,-0.000365064,0.002357564,-0.002885844,0.001115169,0.001037526,0.000128299,VY4W10225L25
2025-12-10 00:00:00,9.96875,VBYM C 102.25 12/22/2025 C 102.25,2025-12-22 00:00:00,0.03625,112.21875,102.25,C,0.215119481,0.990722184,0.004526636,0.005054705,-0.00265354,0.033274123,1000.0000,CBoT 10y Monday Call Options C 102.25 Dec-2025,VBYM C 102.25 12/22/2025,USD,0,-0.002432957,-0.000415245,0.002279129,-0.003116044,0.001236152,0.001190356,0.000148727,VY4W10225L25
2025-12-09 00:00:00,9.84375,VBYM C 102.25 12/22/2025 C 102.25,2025-12-22 00:00:00,0.036278,112.09375,102.25,C,0.206253342,0.990082432,0.00498135,0.005366617,-0.002606866,0.036021832,1000.0000,CBoT 10y Monday Call Options C 102.25 Dec-2025,VBYM C 102.25 12/22/2025,USD,0,-0.002658711,-0.000458766,0.002207513,-0.003282444,0.001334518,0.001339065,0.000167196,VY4W10225L25
2025-12-17 00:00:00,0.001,VBYM P 102.25 12/22/2025 P 102.25,2025-12-22 00:00:00,0.03607,112.421875,102.25,P,0.264255041,-0.00102828,0.000461021,0.000993424,-0.000769904,-1.59731E-05,1000.0000,CBoT 10y Monday Call Options P 102.25 Dec-2025,VBYM P 102.25 12/22/2025,USD,0,-0.000398791,-0.000111554,0.001053723,-0.000989861,0.0003551,0.000161711,3.91773E-05,VY4W10225X25
2025-12-16 00:00:00,0.001,VBYM P 102.25 12/22/2025 P 102.25,2025-12-22 00:00:00,0.036157,112.515625,102.25,P,0.243167512,-0.001019787,0.000502923,0.000977219,-0.000693154,-1.90267E-05,1000.0000,CBoT 10y Monday Call Options P 102.25 Dec-2025,VBYM P 102.25 12/22/2025,USD,0,-0.000430394,-0.000131085,0.000872048,-0.000966723,0.000380558,0.000191494,5.05279E-05,VY4W10225X25
2025-12-15 00:00:00,0.001,VBYM P 102.25 12/22/2025 P 102.25,2025-12-22 00:00:00,0.036259,112.28125,102.25,P,0.220648033,-0.001041238,0.000554406,0.001018402,-0.000626204,-2.26144E-05,1000.0000,CBoT 10y Monday Call Options P 102.25 Dec-2025,VBYM P 102.25 12/22/2025,USD,0,-0.000482573,-0.000161188,0.00076046,-0.001025849,0.000434282,0.000230963,6.67824E-05,VY4W10225X25
2025-12-12 00:00:00,0.001,VBYM P 102.25 12/22/2025 P 102.25,2025-12-22 00:00:00,0.03623,112.171875,102.25,P,0.18285658,-0.001051528,0.000673975,0.001038454,-0.000482157,-3.25937E-05,1000.0000,CBoT 10y Monday Call Options P 102.25 Dec-2025,VBYM P 102.25 12/22/2025,USD,0,-0.000587042,-0.000236046,0.000536619,-0.001055027,0.000532713,0.000335159,0.000116616,VY4W10225X25
2025-12-11 00:00:00,0.001,VBYM P 102.25 12/22/2025 P 102.25,2025-12-22 00:00:00,0.036223,112.453125,102.25,P,0.178646138,-0.001025348,0.000693626,0.00098781,-0.000448479,-3.50556E-05,1000.0000,CBoT 10y Monday Call Options P 102.25 Dec-2025,VBYM P 102.25 12/22/2025,USD,0,-0.000588436,-0.00024361,0.000477725,-0.000981807,0.000522684,0.000354095,0.000126972,VY4W10225X25
2025-12-10 00:00:00,0.001,VBYM P 102.25 12/22/2025 P 102.25,2025-12-22 00:00:00,0.03625,112.21875,102.25,P,0.167614356,-0.001047043,0.000739766,0.001029686,-0.000417078,-3.89655E-05,1000.0000,CBoT 10y Monday Call Options P 102.25 Dec-2025,VBYM P 102.25 12/22/2025,USD,0,-0.000638138,-0.000280191,0.000445567,-0.001042225,0.000576976,0.000399429,0.000151785,VY4W10225X25
2025-12-09 00:00:00,0.001,VBYM P 102.25 12/22/2025 P 102.25,2025-12-22 00:00:00,0.036278,112.09375,102.25,P,0.159278428,-0.001058992,0.000779837,0.001053121,-0.000389943,-4.26448E-05,1000.0000,CBoT 10y Monday Call Options P 102.25 Dec-2025,VBYM P 102.25 12/22/2025,USD,0,-0.000677868,-0.000312371,0.000415163,-0.001076529,0.000618826,0.000440641,0.000175659,VY4W10225X25
2025-12-17 00:00:00,10.015625,VBYM C 102.5 12/22/2025 C 102.5,2025-12-22 00:00:00,0.03607,112.421875,102.5,C,0.457477342,0.959671927,0.011299369,0.014266204,-0.045057079,0.013407189,1000.0000,CBoT 10y Monday Call Options C 102.5 Dec-2025,VBYM C 102.5 12/22/2025,USD,0,-0.003188972,-6.59094E-05,0.014683662,-0.004669065,0.00069311,0.000735309,-3.84701E-07,VY4W1025L25
2025-12-16 00:00:00,10.015625,VBYM C 102.5 12/22/2025 C 102.5,2025-12-22 00:00:00,0.036157,112.515625,102.5,C,0.281341212,0.99478274,0.001955076,0.003322065,-0.002538825,0.016752817,1000.0000,CBoT 10y Monday Call Options C 102.5 Dec-2025,VBYM C 102.5 12/22/2025,USD,0,-0.001229978,-0.000203976,0.00298224,-0.002396924,0.000754595,0.000461795,6.03961E-05,VY4W1025L25
2025-12-15 00:00:00,9.78125,VBYM C 102.5 12/22/2025 C 102.5,2025-12-22 00:00:00,0.036259,112.28125,102.5,C,0.259088706,0.994047636,0.002363849,0.003752842,-0.002559542,0.019529357,1000.0000,CBoT 10y Monday Call Options C 102.5 Dec-2025,VBYM C 102.5 12/22/2025,USD,0,-0.001471866,-0.00025214,0.002822633,-0.002675726,0.000886788,0.00058548,7.80156E-05,VY4W1025L25
2025-12-12 00:00:00,9.671875,VBYM C 102.5 12/22/2025 C 102.5,2025-12-22 00:00:00,0.03623,112.171875,102.5,C,0.223420754,0.992005073,0.003640072,0.004698779,-0.00258925,0.02783648,1000.0000,CBoT 10y Monday Call Options C 102.5 Dec-2025,VBYM C 102.5 12/22/2025,USD,0,-0.002111048,-0.000371294,0.002456726,-0.003121551,0.001166532,0.00096294,0.000126912,VY4W1025L25
2025-12-11 00:00:00,9.953125,VBYM C 102.5 12/22/2025 C 102.5,2025-12-22 00:00:00,0.036223,112.453125,102.5,C,0.221447962,0.991365123,0.004085615,0.004814409,-0.002658967,0.030597759,1000.0000,CBoT 10y Monday Call Options C 102.5 Dec-2025,VBYM C 102.5 12/22/2025,USD,0,-0.002247612,-0.000385158,0.002360789,-0.003043017,0.00117616,0.001066171,0.000135319,VY4W1025L25
2025-12-10 00:00:00,9.71875,VBYM C 102.5 12/22/2025 C 102.5,2025-12-22 00:00:00,0.03625,112.21875,102.5,C,0.20947194,0.99071102,0.00453348,0.005197281,-0.002587012,0.033355902,1000.0000,CBoT 10y Monday Call Options C 102.5 Dec-2025,VBYM C 102.5 12/22/2025,USD,0,-0.002502132,-0.000438624,0.002282253,-0.003289627,0.001305303,0.001223944,0.000157051,VY4W1025L25
2025-12-09 00:00:00,9.59375,VBYM C 102.5 12/22/2025 C 102.5,2025-12-22 00:00:00,0.036278,112.09375,102.5,C,0.200772911,0.990070496,0.004988934,0.005519796,-0.002540679,0.036110395,1000.0000,CBoT 10y Monday Call Options C 102.5 Dec-2025,VBYM C 102.5 12/22/2025,USD,0,-0.002735211,-0.000484918,0.002210544,-0.00346755,0.001410095,0.0013773,0.00017667,VY4W1025L25
2025-12-17 00:00:00,0.001,VBYM P 102.5 12/22/2025 P 102.5,2025-12-22 00:00:00,0.03607,112.421875,102.5,P,0.257984997,-0.001051727,0.000470911,0.001038831,-0.000768756,-1.63342E-05,1000.0000,CBoT 10y Monday Call Options P 102.5 Dec-2025,VBYM P 102.5 12/22/2025,USD,0,-0.0004162,-0.00011863,0.001073631,-0.001057951,0.000378595,0.000168402,4.15362E-05,VY4W1025X25
2025-12-16 00:00:00,0.001,VBYM P 102.5 12/22/2025 P 102.5,2025-12-22 00:00:00,0.036157,112.515625,102.5,P,0.237447324,-0.00104284,0.000513669,0.001021494,-0.00069194,-1.94532E-05,1000.0000,CBoT 10y Monday Call Options P 102.5 Dec-2025,VBYM P 102.5 12/22/2025,USD,0,-0.000449021,-0.000139328,0.000888388,-0.001032633,0.000405517,0.000199351,5.35446E-05,VY4W1025X25
2025-12-15 00:00:00,0.001,VBYM P 102.5 12/22/2025 P 102.5,2025-12-22 00:00:00,0.036259,112.28125,102.5,P,0.215343737,-0.001065296,0.000566583,0.001065577,-0.000624943,-2.31325E-05,1000.0000,CBoT 10y Monday Call Options P 102.5 Dec-2025,VBYM P 102.5 12/22/2025,USD,0,-0.00050392,-0.000171547,0.000775008,-0.001097373,0.000463401,0.000240646,7.08555E-05,VY4W1025X25
2025-12-12 00:00:00,0.001,VBYM P 102.5 12/22/2025 P 102.5,2025-12-22 00:00:00,0.03623,112.171875,102.5,P,0.178415247,-0.001076077,0.000689166,0.001087066,-0.00048098,-3.33484E-05,1000.0000,CBoT 10y Monday Call Options P 102.5 Dec-2025,VBYM P 102.5 12/22/2025,USD,0,-0.000613281,-0.000251372,0.000546987,-0.001129372,0.000568808,0.000349355,0.000123801,VY4W1025X25
2025-12-11 00:00:00,0.001,VBYM P 102.5 12/22/2025 P 102.5,2025-12-22 00:00:00,0.036223,112.453125,102.5,P,0.174419583,-0.001048661,0.000708902,0.001032827,-0.000447381,-3.58461E-05,1000.0000,CBoT 10y Monday Call Options P 102.5 Dec-2025,VBYM P 102.5 12/22/2025,USD,0,-0.00061405,-0.000259016,0.000486725,-0.001049141,0.000557165,0.000368705,0.000134595,VY4W1025X25
2025-12-10 00:00:00,0.001,VBYM P 102.5 12/22/2025 P 102.5,2025-12-22 00:00:00,0.03625,112.21875,102.5,P,0.163561249,-0.001071378,0.000756523,0.00107767,-0.000415998,-3.98638E-05,1000.0000,CBoT 10y Monday Call Options P 102.5 Dec-2025,VBYM P 102.5 12/22/2025,USD,0,-0.000666533,-0.000298304,0.000454139,-0.001115332,0.000615893,0.000416272,0.000161096,VY4W1025X25
2025-12-09 00:00:00,0.001,VBYM P 102.5 12/22/2025 P 102.5,2025-12-22 00:00:00,0.036278,112.09375,102.5,P,0.155380915,-0.001083902,0.000797814,0.001102795,-0.000388895,-4.364E-05,1000.0000,CBoT 10y Monday Call Options P 102.5 Dec-2025,VBYM P 102.5 12/22/2025,USD,0,-0.000708394,-0.000332805,0.000423242,-0.001152973,0.000661074,0.000459443,0.000186561,VY4W1025X25
2025-12-17 00:00:00,9.765625,VBYM C 102.75 12/22/2025 C 102.75,2025-12-22 00:00:00,0.03607,112.421875,102.75,C,0.447486616,0.958930392,0.011469851,0.014804868,-0.044825452,0.013430016,1000.0000,CBoT 10y Monday Call Options C 102.75 Dec-2025,VBYM C 102.75 12/22/2025,USD,0,-0.003294964,-6.76389E-05,0.014839287,-0.004929312,0.000725124,0.000756033,-8.67856E-07,VY4W10275L25
2025-12-16 00:00:00,9.765625,VBYM C 102.75 12/22/2025 C 102.75,2025-12-22 00:00:00,0.036157,112.515625,102.75,C,0.27398908,0.994776477,0.001957985,0.003415331,-0.002475465,0.016793797,1000.0000,CBoT 10y Monday Call Options C 102.75 Dec-2025,VBYM C 102.75 12/22/2025,USD,0,-0.001264745,-0.000215389,0.002986263,-0.002529889,0.000796604,0.000474764,6.37594E-05,VY4W10275L25
2025-12-15 00:00:00,9.53125,VBYM C 102.75 12/22/2025 C 102.75,2025-12-22 00:00:00,0.036259,112.28125,102.75,C,0.252163195,0.994040488,0.00236743,0.003860575,-0.002494135,0.019577148,1000.0000,CBoT 10y Monday Call Options C 102.75 Dec-2025,VBYM C 102.75 12/22/2025,USD,0,-0.001514411,-0.000266579,0.002826452,-0.002827612,0.000937308,0.000602292,8.24616E-05,VY4W10275L25
2025-12-12 00:00:00,9.421875,VBYM C 102.75 12/22/2025 C 102.75,2025-12-22 00:00:00,0.03623,112.171875,102.75,C,0.21738407,0.991995471,0.003645666,0.004835106,-0.002522339,0.027904677,1000.0000,CBoT 10y Monday Call Options C 102.75 Dec-2025,VBYM C 102.75 12/22/2025,USD,0,-0.002172751,-0.000392806,0.002460073,-0.003300654,0.001233724,0.000990887,0.000134225,VY4W10275L25
2025-12-11 00:00:00,9.703125,VBYM C 102.75 12/22/2025 C 102.75,2025-12-22 00:00:00,0.036223,112.453125,102.75,C,0.215626208,0.991354757,0.004091791,0.004950377,-0.002592198,0.03067275,1000.0000,CBoT 10y Monday Call Options C 102.75 Dec-2025,VBYM C 102.75 12/22/2025,USD,0,-0.002311584,-0.000406867,0.002364011,-0.003212778,0.001242043,0.001096292,0.000142902,VY4W10275L25
2025-12-10 00:00:00,9.46875,VBYM C 102.75 12/22/2025 C 102.75,2025-12-22 00:00:00,0.03625,112.21875,102.75,C,0.203838214,0.990699865,0.004540431,0.005347389,-0.002520483,0.03343768,1000.0000,CBoT 10y Monday Call Options C 102.75 Dec-2025,VBYM C 102.75 12/22/2025,USD,0,-0.002574962,-0.000463929,0.002285373,-0.003477455,0.001380137,0.001259306,0.000166058,VY4W10275L25
2025-12-09 00:00:00,9.34375,VBYM C 102.75 12/22/2025 C 102.75,2025-12-22 00:00:00,0.036278,112.09375,102.75,C,0.195305885,0.990058569,0.004996643,0.005681177,-0.00247449,0.036198958,1000.0000,CBoT 10y Monday Call Options C 102.75 Dec-2025,VBYM C 102.75 12/22/2025,USD,0,-0.002815808,-0.000513252,0.002213573,-0.003668047,0.001491964,0.001417581,0.000186932,VY4W10275L25
2025-12-17 00:00:00,0.001,VBYM P 102.75 12/22/2025 P 102.75,2025-12-22 00:00:00,0.03607,112.421875,102.75,P,0.251719593,-0.001076278,0.000481258,0.001087456,-0.000767574,-1.67123E-05,1000.0000,CBoT 10y Monday Call Options P 102.75 Dec-2025,VBYM P 102.75 12/22/2025,USD,0,-0.000434801,-0.000126331,0.001094372,-0.001132493,0.000404244,0.000175534,4.4095E-05,VY4W10275X25
2025-12-16 00:00:00,0.001,VBYM P 102.75 12/22/2025 P 102.75,2025-12-22 00:00:00,0.036157,112.515625,102.75,P,0.231731474,-0.001066967,0.000524912,0.001068877,-0.000690692,-1.98994E-05,1000.0000,CBoT 10y Monday Call Options P 102.75 Dec-2025,VBYM P 102.75 12/22/2025,USD,0,-0.00046891,-0.000148294,0.000905405,-0.001104729,0.000432744,0.000207719,5.68145E-05,VY4W10275X25
2025-12-15 00:00:00,0.001,VBYM P 102.75 12/22/2025 P 102.75,2025-12-22 00:00:00,0.036259,112.28125,102.75,P,0.210043216,-0.001090503,0.00057934,0.001116142,-0.000623646,-2.36754E-05,1000.0000,CBoT 10y Monday Call Options P 102.75 Dec-2025,VBYM P 102.75 12/22/2025,USD,0,-0.000526747,-0.000182835,0.000790175,-0.001175772,0.000495228,0.000250975,7.52785E-05,VY4W10275X25
2025-12-12 00:00:00,0.001,VBYM P 102.75 12/22/2025 P 102.75,2025-12-22 00:00:00,0.03623,112.171875,102.75,P,0.173976971,-0.001101812,0.000705102,0.001139213,-0.00047977,-3.41396E-05,1000.0000,CBoT 10y Monday Call Options P 102.75 Dec-2025,VBYM P 102.75 12/22/2025,USD,0,-0.00064136,-0.000268089,0.0005578,-0.001210944,0.000608298,0.000364508,0.00013161,VY4W10275X25
2025-12-11 00:00:00,0.001,VBYM P 102.75 12/22/2025 P 102.75,2025-12-22 00:00:00,0.036223,112.453125,102.75,P,0.170196179,-0.001073067,0.000724909,0.001081024,-0.000446254,-3.66736E-05,1000.0000,CBoT 10y Monday Call Options P 102.75 Dec-2025,VBYM P 102.75 12/22/2025,USD,0,-0.00064141,-0.000275782,0.000496101,-0.001122836,0.000594798,0.000384274,0.000142862,VY4W10275X25
2025-12-10 00:00:00,0.001,VBYM P 102.75 12/22/2025 P 102.75,2025-12-22 00:00:00,0.03625,112.21875,102.75,P,0.15951097,-0.001096883,0.000774107,0.001129125,-0.000414889,-4.08053E-05,1000.0000,CBoT 10y Monday Call Options P 102.75 Dec-2025,VBYM P 102.75 12/22/2025,USD,0,-0.00069691,-0.000318051,0.000463078,-0.001195511,0.000658454,0.000434246,0.000171212,VY4W10275X25
2025-12-09 00:00:00,0.001,VBYM P 102.75 12/22/2025 P 102.75,2025-12-22 00:00:00,0.036278,112.09375,102.75,P,0.15148602,-0.001110024,0.000816697,0.001156111,-0.000387817,-4.46836E-05,1000.0000,CBoT 10y Monday Call Options P 102.75 Dec-2025,VBYM P 102.75 12/22/2025,USD,0,-0.000741078,-0.000355107,0.00043167,-0.001236909,0.000707329,0.000479523,0.000198418,VY4W10275X25
2025-12-17 00:00:00,9.515625,VBYM C 103 12/22/2025 C 103,2025-12-22 00:00:00,0.03607,112.421875,103,C,0.437491002,0.95815731,0.011646695,0.01537672,-0.044588595,0.013452357,1000.0000,CBoT 10y Monday Call Options C 103 Dec-2025,VBYM C 103 12/22/2025,USD,0,-0.003406796,-6.93854E-05,0.014999113,-0.005210256,0.000759226,0.000777748,-1.4126E-06,VY4W103L25
2025-12-16 00:00:00,9.515625,VBYM C 103 12/22/2025 C 103,2025-12-22 00:00:00,0.036157,112.515625,103,C,0.266654875,0.994770219,0.001960938,0.0035135,-0.002412104,0.016834777,1000.0000,CBoT 10y Monday Call Options C 103 Dec-2025,VBYM C 103 12/22/2025,USD,0,-0.00130134,-0.000227737,0.002990282,-0.002673714,0.000842049,0.000488414,6.73978E-05,VY4W103L25
2025-12-15 00:00:00,9.28125,VBYM C 103 12/22/2025 C 103,2025-12-22 00:00:00,0.036259,112.28125,103,C,0.245254571,0.994033345,0.00237107,0.003974112,-0.002428727,0.019624939,1000.0000,CBoT 10y Monday Call Options C 103 Dec-2025,VBYM C 103 12/22/2025,USD,0,-0.001559248,-0.000282231,0.002830267,-0.002992213,0.000992063,0.00062001,8.72802E-05,VY4W103L25
2025-12-12 00:00:00,9.171875,VBYM C 103 12/22/2025 C 103,2025-12-22 00:00:00,0.03623,112.171875,103,C,0.21136211,0.991985877,0.003651358,0.004978867,-0.002455427,0.027972875,1000.0000,CBoT 10y Monday Call Options C 103 Dec-2025,VBYM C 103 12/22/2025,USD,0,-0.00223782,-0.000416145,0.002463416,-0.003494928,0.001306615,0.001020357,0.000142158,VY4W103L25
2025-12-11 00:00:00,9.453125,VBYM C 103 12/22/2025 C 103,2025-12-22 00:00:00,0.036223,112.453125,103,C,0.209818657,0.991344399,0.004098065,0.005093539,-0.002525428,0.03074774,1000.0000,CBoT 10y Monday Call Options C 103 Dec-2025,VBYM C 103 12/22/2025,USD,0,-0.002378943,-0.000430367,0.00236723,-0.003396493,0.00131335,0.001128007,0.000151109,VY4W103L25
2025-12-10 00:00:00,9.21875,VBYM C 103 12/22/2025 C 103,2025-12-22 00:00:00,0.03625,112.21875,103,C,0.198218232,0.990688719,0.004547504,0.005505641,-0.002453953,0.03351946,1000.0000,CBoT 10y Monday Call Options C 103 Dec-2025,VBYM C 103 12/22/2025,USD,0,-0.002651745,-0.000491373,0.002288491,-0.003681111,0.001461286,0.001296586,0.000175826,VY4W103L25
2025-12-09 00:00:00,9.09375,VBYM C 103 12/22/2025 C 103,2025-12-22 00:00:00,0.036278,112.09375,103,C,0.189852197,0.990046652,0.005004492,0.005851433,-0.002408301,0.036287522,1000.0000,CBoT 10y Monday Call Options C 103 Dec-2025,VBYM C 103 12/22/2025,USD,0,-0.00290084,-0.000544016,0.002216598,-0.00388567,0.001580837,0.001460078,0.000198071,VY4W103L25
2025-12-17 00:00:00,0.001,VBYM P 103 12/22/2025 P 103,2025-12-22 00:00:00,0.03607,112.421875,103,P,0.245458461,-0.001102014,0.000492098,0.001139614,-0.000766355,-1.71087E-05,1000.0000,CBoT 10y Monday Call Options P 103 Dec-2025,VBYM P 103 12/22/2025,USD,0,-0.000454705,-0.000134732,0.001116004,-0.001214281,0.000432306,0.000183147,4.68761E-05,VY4W103X25
2025-12-16 00:00:00,0.001,VBYM P 103 12/22/2025 P 103,2025-12-22 00:00:00,0.036157,112.515625,103,P,0.226019634,-0.001092248,0.000536687,0.00111967,-0.000689406,-2.03671E-05,1000.0000,CBoT 10y Monday Call Options P 103 Dec-2025,VBYM P 103 12/22/2025,USD,0,-0.000490181,-0.000158065,0.000923146,-0.001183767,0.000462507,0.000216647,6.03658E-05,VY4W103X25
2025-12-15 00:00:00,0.001,VBYM P 103 12/22/2025 P 103,2025-12-22 00:00:00,0.036259,112.28125,103,P,0.204746146,-0.001116944,0.000592722,0.001170437,-0.000622311,-2.42449E-05,1000.0000,CBoT 10y Monday Call Options P 103 Dec-2025,VBYM P 103 12/22/2025,USD,0,-0.000551198,-0.000195162,0.000806002,-0.001261905,0.000530093,0.00026201,8.00912E-05,VY4W103X25
2025-12-12 00:00:00,0.001,VBYM P 103 12/22/2025 P 103,2025-12-22 00:00:00,0.03623,112.171875,103,P,0.169541477,-0.001128823,0.000721843,0.00119525,-0.000478525,-3.497E-05,1000.0000,CBoT 10y Monday Call Options P 103 Dec-2025,VBYM P 103 12/22/2025,USD,0,-0.00067146,-0.000286362,0.00056909,-0.001300656,0.0006516,0.00038071,0.000140115,VY4W103X25
2025-12-11 00:00:00,0.001,VBYM P 103 12/22/2025 P 103,2025-12-22 00:00:00,0.036223,112.453125,103,P,0.165975684,-0.001098648,0.000741704,0.001132713,-0.000445095,-3.75409E-05,1000.0000,CBoT 10y Monday Call Options P 103 Dec-2025,VBYM P 103 12/22/2025,USD,0,-0.000670683,-0.000294064,0.000505878,-0.001203671,0.000635959,0.000400889,0.000151845,VY4W103X25
2025-12-10 00:00:00,0.001,VBYM P 103 12/22/2025 P 103,2025-12-22 00:00:00,0.03625,112.21875,103,P,0.155463275,-0.001123646,0.000792585,0.001184401,-0.000413749,-4.17933E-05,1000.0000,CBoT 10y Monday Call Options P 103 Dec-2025,VBYM P 103 12/22/2025,USD,0,-0.000729463,-0.000339627,0.000472408,-0.001283653,0.000705104,0.000453458,0.000182224,VY4W103X25
2025-12-09 00:00:00,0.001,VBYM P 103 12/22/2025 P 103,2025-12-22 00:00:00,0.036278,112.09375,103,P,0.147593498,-0.001137452,0.000836559,0.001213438,-0.000386709,-4.57795E-05,1000.0000,CBoT 10y Monday Call Options P 103 Dec-2025,VBYM P 103 12/22/2025,USD,0,-0.000776134,-0.000379503,0.000440473,-0.001329292,0.000758086,0.000501005,0.000211339,VY4W103X25
2025-12-17 00:00:00,9.265625,VBYM C 103.25 12/22/2025 C 103.25,2025-12-22 00:00:00,0.03607,112.421875,103.25,C,0.427489407,0.957350488,0.011830302,0.015984691,-0.04434622,0.013474178,1000.0000,CBoT 10y Monday Call Options C 103.25 Dec-2025,VBYM C 103.25 12/22/2025,USD,0,-0.003524936,-7.11408E-05,0.015163335,-0.005514088,0.000795597,0.000800524,-2.02701E-06,VY4W10325L25
2025-12-16 00:00:00,9.265625,VBYM C 103.25 12/22/2025 C 103.25,2025-12-22 00:00:00,0.036157,112.515625,103.25,C,0.25933851,0.994763967,0.00196394,0.003616969,-0.002348742,0.016875757,1000.0000,CBoT 10y Monday Call Options C 103.25 Dec-2025,VBYM C 103.25 12/22/2025,USD,0,-0.001339911,-0.000241124,0.002994297,-0.0028296,0.000891309,0.000502801,7.13417E-05,VY4W10325L25
2025-12-15 00:00:00,9.03125,VBYM C 103.25 12/22/2025 C 103.25,2025-12-22 00:00:00,0.036259,112.28125,103.25,C,0.238362752,0.994026209,0.002374777,0.004093939,-0.002363318,0.01967273,1000.0000,CBoT 10y Monday Call Options C 103.25 Dec-2025,VBYM C 103.25 12/22/2025,USD,0,-0.00160657,-0.000299234,0.002834079,-0.003170972,0.001051533,0.000638709,9.25138E-05,VY4W10325L25
2025-12-12 00:00:00,8.921875,VBYM C 103.25 12/22/2025 C 103.25,2025-12-22 00:00:00,0.03623,112.171875,103.25,C,0.205354801,0.99197629,0.00365716,0.005130688,-0.002388513,0.028041072,1000.0000,CBoT 10y Monday Call Options C 103.25 Dec-2025,VBYM C 103.25 12/22/2025,USD,0,-0.002306538,-0.000441524,0.002466757,-0.003706115,0.001385861,0.00105148,0.000150783,VY4W10325L25
2025-12-11 00:00:00,9.203125,VBYM C 103.25 12/22/2025 C 103.25,2025-12-22 00:00:00,0.036223,112.453125,103.25,C,0.204025239,0.99133405,0.00410445,0.005244483,-0.002458656,0.030822731,1000.0000,CBoT 10y Monday Call Options C 103.25 Dec-2025,VBYM C 103.25 12/22/2025,USD,0,-0.002449963,-0.000455858,0.002370446,-0.003595715,0.001390684,0.001161445,0.000160011,VY4W10325L25
2025-12-10 00:00:00,8.96875,VBYM C 103.25 12/22/2025 C 103.25,2025-12-22 00:00:00,0.03625,112.21875,103.25,C,0.192611923,0.990677582,0.004554711,0.00567272,-0.002387421,0.033601239,1000.0000,CBoT 10y Monday Call Options C 103.25 Dec-2025,VBYM C 103.25 12/22/2025,USD,0,-0.002732811,-0.000521204,0.002291606,-0.003902403,0.001549472,0.001335945,0.000186441,VY4W10325L25
2025-12-09 00:00:00,8.84375,VBYM C 103.25 12/22/2025 C 103.25,2025-12-22 00:00:00,0.036278,112.09375,103.25,C,0.184411779,0.990034745,0.005012496,0.006031319,-0.002342109,0.036376085,1000.0000,CBoT 10y Monday Call Options C 103.25 Dec-2025,VBYM C 103.25 12/22/2025,USD,0,-0.002990681,-0.000577491,0.00221962,-0.004122404,0.001677525,0.001504978,0.000210191,VY4W10325L25
2025-12-17 00:00:00,0.001,VBYM P 103.25 12/22/2025 P 103.25,2025-12-22 00:00:00,0.03607,112.421875,103.25,P,0.239201219,-0.001129027,0.000503468,0.001195666,-0.000765098,-1.75247E-05,1000.0000,CBoT 10y Monday Call Options P 103.25 Dec-2025,VBYM P 103.25 12/22/2025,USD,0,-0.000476043,-0.000143914,0.001138589,-0.001304231,0.000463077,0.000191287,4.99048E-05,VY4W10325X25
2025-12-16 00:00:00,0.001,VBYM P 103.25 12/22/2025 P 103.25,2025-12-22 00:00:00,0.036157,112.515625,103.25,P,0.220311463,-0.00111877,0.000549037,0.001174217,-0.000688082,-2.08577E-05,1000.0000,CBoT 10y Monday Call Options P 103.25 Dec-2025,VBYM P 103.25 12/22/2025,USD,0,-0.000512967,-0.000168737,0.000941661,-0.001270614,0.000495115,0.000226186,6.42304E-05,VY4W10325X25
2025-12-15 00:00:00,0.001,VBYM P 103.25 12/22/2025 P 103.25,2025-12-22 00:00:00,0.036259,112.28125,103.25,P,0.199452199,-0.001144718,0.000606778,0.001228846,-0.000620936,-2.4843E-05,1000.0000,CBoT 10y Monday Call Options P 103.25 Dec-2025,VBYM P 103.25 12/22/2025,USD,0,-0.000577437,-0.000208653,0.000822537,-0.001356765,0.000568374,0.000273821,8.53389E-05,VY4W10325X25
2025-12-12 00:00:00,0.001,VBYM P 103.25 12/22/2025 P 103.25,2025-12-22 00:00:00,0.03623,112.171875,103.25,P,0.165108486,-0.00115721,0.000739455,0.001255585,-0.000477244,-3.58428E-05,1000.0000,CBoT 10y Monday Call Options P 103.25 Dec-2025,VBYM P 103.25 12/22/2025,USD,0,-0.000703786,-0.000306381,0.000580891,-0.001399568,0.000699197,0.000398064,0.000149397,VY4W10325X25
2025-12-11 00:00:00,0.001,VBYM P 103.25 12/22/2025 P 103.25,2025-12-22 00:00:00,0.036223,112.453125,103.25,P,0.161757839,-0.001125493,0.00075935,0.001188246,-0.000443904,-3.84512E-05,1000.0000,CBoT 10y Monday Call Options P 103.25 Dec-2025,VBYM P 103.25 12/22/2025,USD,0,-0.000702056,-0.000314041,0.000516084,-0.001292547,0.000681081,0.000418651,0.000161626,VY4W10325X25
2025-12-10 00:00:00,0.001,VBYM P 103.25 12/22/2025 P 103.25,2025-12-22 00:00:00,0.03625,112.21875,103.25,P,0.151417905,-0.001151766,0.000812031,0.001243893,-0.000412577,-4.28315E-05,1000.0000,CBoT 10y Monday Call Options P 103.25 Dec-2025,VBYM P 103.25 12/22/2025,USD,0,-0.000764411,-0.000363256,0.000482159,-0.001380786,0.000756356,0.000474029,0.000194239,VY4W10325X25
2025-12-09 00:00:00,0.001,VBYM P 103.25 12/22/2025 P 103.25,2025-12-22 00:00:00,0.036278,112.09375,103.25,P,0.143703099,-0.001166291,0.000857484,0.001275199,-0.000385569,-4.69318E-05,1000.0000,CBoT 10y Monday Call Options P 103.25 Dec-2025,VBYM P 103.25 12/22/2025,USD,0,-0.000813806,-0.000406249,0.000449678,-0.00143123,0.000813919,0.000524027,0.000225451,VY4W10325X25
2025-12-17 00:00:00,9.015625,VBYM C 103.5 12/22/2025 C 103.5,2025-12-22 00:00:00,0.03607,112.421875,103.5,C,0.417480677,0.956507517,0.01202111,0.016632056,-0.044098016,0.013495442,1000.0000,CBoT 10y Monday Call Options C 103.5 Dec-2025,VBYM C 103.5 12/22/2025,USD,0,-0.003649902,-7.28949E-05,0.015332161,-0.005843295,0.000834433,0.000824437,-2.72038E-06,VY4W1035L25
2025-12-16 00:00:00,9.015625,VBYM C 103.5 12/22/2025 C 103.5,2025-12-22 00:00:00,0.036157,112.515625,103.5,C,0.252039892,0.994757719,0.001966995,0.003726178,-0.002285379,0.016916737,1000.0000,CBoT 10y Monday Call Options C 103.5 Dec-2025,VBYM C 103.5 12/22/2025,USD,0,-0.001380623,-0.000255668,0.002998308,-0.002998917,0.000944819,0.000517986,7.56259E-05,VY4W1035L25
2025-12-15 00:00:00,8.78125,VBYM C 103.5 12/22/2025 C 103.5,2025-12-22 00:00:00,0.036259,112.28125,103.5,C,0.231487653,0.994019078,0.002378557,0.004220591,-0.002297909,0.019720522,1000.0000,CBoT 10y Monday Call Options C 103.5 Dec-2025,VBYM C 103.5 12/22/2025,USD,0,-0.001656588,-0.000317744,0.002837887,-0.003365543,0.00111627,0.000658473,9.82109E-05,VY4W1035L25
2025-12-12 00:00:00,8.671875,VBYM C 103.5 12/22/2025 C 103.5,2025-12-22 00:00:00,0.03623,112.171875,103.5,C,0.199362068,0.991966711,0.003663086,0.005291266,-0.002321598,0.02810927,1000.0000,CBoT 10y Monday Call Options C 103.5 Dec-2025,VBYM C 103.5 12/22/2025,USD,0,-0.00237922,-0.000469182,0.002470094,-0.003936213,0.001472211,0.001084398,0.000160181,VY4W1035L25
2025-12-11 00:00:00,8.953125,VBYM C 103.5 12/22/2025 C 103.5,2025-12-22 00:00:00,0.036223,112.453125,103.5,C,0.198245881,0.991323709,0.004110957,0.005403859,-0.002391882,0.030897722,1000.0000,CBoT 10y Monday Call Options C 103.5 Dec-2025,VBYM C 103.5 12/22/2025,USD,0,-0.002524952,-0.000483568,0.002373659,-0.003812219,0.001474735,0.001196751,0.000169685,VY4W1035L25
2025-12-10 00:00:00,8.71875,VBYM C 103.5 12/22/2025 C 103.5,2025-12-22 00:00:00,0.03625,112.21875,103.5,C,0.187019224,0.990666453,0.004562069,0.005849383,-0.002320888,0.033683018,1000.0000,CBoT 10y Monday Call Options C 103.5 Dec-2025,VBYM C 103.5 12/22/2025,USD,0,-0.00281853,-0.0005537,0.002294718,-0.004143404,0.001645524,0.001377562,0.000198003,VY4W1035L25
2025-12-09 00:00:00,8.59375,VBYM C 103.5 12/22/2025 C 103.5,2025-12-22 00:00:00,0.036278,112.09375,103.5,C,0.178984568,0.990022847,0.005020677,0.006221675,-0.002275916,0.036464649,1000.0000,CBoT 10y Monday Call Options C 103.5 Dec-2025,VBYM C 103.5 12/22/2025,USD,0,-0.003085754,-0.000614001,0.00222264,-0.004380526,0.001782961,0.00155249,0.000223407,VY4W1035L25
2025-12-17 00:00:00,0.001,VBYM P 103.5 12/22/2025 P 103.5,2025-12-22 00:00:00,0.03607,112.421875,103.5,P,0.232947466,-0.001157417,0.00051541,0.001256014,-0.0007638,-1.79619E-05,1000.0000,CBoT 10y Monday Call Options P 103.5 Dec-2025,VBYM P 103.5 12/22/2025,USD,0,-0.000498959,-0.000153973,0.001162197,-0.001403404,0.000496899,0.000200005,5.32105E-05,VY4W1035X25
2025-12-16 00:00:00,0.001,VBYM P 103.5 12/22/2025 P 103.5,2025-12-22 00:00:00,0.036157,112.515625,103.5,P,0.2146066,-0.00114663,0.000562006,0.001232903,-0.000686717,-2.1373E-05,1000.0000,CBoT 10y Monday Call Options P 103.5 Dec-2025,VBYM P 103.5 12/22/2025,USD,0,-0.000537422,-0.000180418,0.000961006,-0.001366275,0.000530924,0.000236397,6.8445E-05,VY4W1035X25
2025-12-15 00:00:00,0.001,VBYM P 103.5 12/22/2025 P 103.5,2025-12-22 00:00:00,0.036259,112.28125,103.5,P,0.194161026,-0.001173929,0.000621564,0.001291804,-0.000619517,-2.54722E-05,1000.0000,CBoT 10y Monday Call Options P 103.5 Dec-2025,VBYM P 103.5 12/22/2025,USD,0,-0.000605646,-0.000223453,0.000839832,-0.001461505,0.00061051,0.000286484,9.10737E-05,VY4W1035X25
2025-12-12 00:00:00,0.001,VBYM P 103.5 12/22/2025 P 103.5,2025-12-22 00:00:00,0.03623,112.171875,103.5,P,0.160677696,-0.001187086,0.000758012,0.001320676,-0.000475923,-3.67614E-05,1000.0000,CBoT 10y Monday Call Options P 103.5 Dec-2025,VBYM P 103.5 12/22/2025,USD,0,-0.00073857,-0.000328366,0.000593241,-0.001508908,0.000751645,0.000416686,0.000159551,VY4W1035X25
2025-12-11 00:00:00,0.001,VBYM P 103.5 12/22/2025 P 103.5,2025-12-22 00:00:00,0.036223,112.453125,103.5,P,0.157542378,-0.001153701,0.000777916,0.001248023,-0.000442678,-3.94077E-05,1000.0000,CBoT 10y Monday Call Options P 103.5 Dec-2025,VBYM P 103.5 12/22/2025,USD,0,-0.000735742,-0.000335922,0.000526751,-0.001390504,0.000730661,0.00043767,0.000172298,VY4W1035X25
2025-12-10 00:00:00,0.001,VBYM P 103.5 12/22/2025 P 103.5,2025-12-22 00:00:00,0.03625,112.21875,103.5,P,0.147374592,-0.001181353,0.000832527,0.001308051,-0.000411369,-4.39238E-05,1000.0000,CBoT 10y Monday Call Options P 103.5 Dec-2025,VBYM P 103.5 12/22/2025,USD,0,-0.000802003,-0.000389192,0.000492361,-0.001488105,0.000812805,0.000496095,0.000207376,VY4W1035X25
2025-12-09 00:00:00,0.001,VBYM P 103.5 12/22/2025 P 103.5,2025-12-22 00:00:00,0.036278,112.09375,103.5,P,0.139814553,-0.001196656,0.000879562,0.001341873,-0.000384395,-4.8145E-05,1000.0000,CBoT 10y Monday Call Options P 103.5 Dec-2025,VBYM P 103.5 12/22/2025,USD,0,-0.000854366,-0.000435645,0.000459315,-0.001544012,0.000875494,0.000548746,0.000240901,VY4W1035X25
2025-12-17 00:00:00,8.765625,VBYM C 103.75 12/22/2025 C 103.75,2025-12-22 00:00:00,0.03607,112.421875,103.75,C,0.407463587,0.955625748,0.012219595,0.017322482,-0.043843645,0.013516109,1000.0000,CBoT 10y Monday Call Options C 103.75 Dec-2025,VBYM C 103.75 12/22/2025,USD,0,-0.003782271,-7.46344E-05,0.015505813,-0.006200706,0.000875953,0.000849573,-3.50344E-06,VY4W10375L25
2025-12-16 00:00:00,8.765625,VBYM C 103.75 12/22/2025 C 103.75,2025-12-22 00:00:00,0.036157,112.515625,103.75,C,0.244758941,0.994751476,0.001970112,0.003841619,-0.002222016,0.016957717,1000.0000,CBoT 10y Monday Call Options C 103.75 Dec-2025,VBYM C 103.75 12/22/2025,USD,0,-0.001423658,-0.000271504,0.003002316,-0.003183237,0.001003076,0.000534038,8.029E-05,VY4W10375L25
2025-12-15 00:00:00,8.53125,VBYM C 103.75 12/22/2025 C 103.75,2025-12-22 00:00:00,0.036259,112.28125,103.75,C,0.224629193,0.994011953,0.00238242,0.004354669,-0.002232498,0.019768313,1000.0000,CBoT 10y Monday Call Options C 103.75 Dec-2025,VBYM C 103.75 12/22/2025,USD,0,-0.00170954,-0.000337945,0.002841691,-0.003577823,0.001186906,0.000679396,0.000104427,VY4W10375L25
2025-12-12 00:00:00,8.421875,VBYM C 103.75 12/22/2025 C 103.75,2025-12-22 00:00:00,0.03623,112.171875,103.75,C,0.193383844,0.99195714,0.003669152,0.005461381,-0.002254682,0.028177468,1000.0000,CBoT 10y Monday Call Options C 103.75 Dec-2025,VBYM C 103.75 12/22/2025,USD,0,-0.00245622,-0.000499399,0.002473429,-0.004187524,0.001566533,0.00111927,0.000170447,VY4W10375L25
2025-12-11 00:00:00,8.703125,VBYM C 103.75 12/22/2025 C 103.75,2025-12-22 00:00:00,0.036223,112.453125,103.75,C,0.192480517,0.991313376,0.004117603,0.005572395,-0.002325108,0.030972713,1000.0000,CBoT 10y Monday Call Options C 103.75 Dec-2025,VBYM C 103.75 12/22/2025,USD,0,-0.002604252,-0.000513758,0.002376869,-0.004048039,0.001566296,0.001234085,0.000180224,VY4W10375L25
2025-12-10 00:00:00,8.46875,VBYM C 103.75 12/22/2025 C 103.75,2025-12-22 00:00:00,0.03625,112.21875,103.75,C,0.181440064,0.990655334,0.004569598,0.00603648,-0.002254353,0.033764798,1000.0000,CBoT 10y Monday Call Options C 103.75 Dec-2025,VBYM C 103.75 12/22/2025,USD,0,-0.002909311,-0.000589185,0.002297827,-0.0044065,0.001750392,0.001421636,0.000210626,VY4W10375L25
2025-12-09 00:00:00,8.34375,VBYM C 103.75 12/22/2025 C 103.75,2025-12-22 00:00:00,0.036278,112.09375,103.75,C,0.173570495,0.990010958,0.005029055,0.006423442,-0.002209722,0.036553213,1000.0000,CBoT 10y Monday Call Options C 103.75 Dec-2025,VBYM C 103.75 12/22/2025,USD,0,-0.003186526,-0.00065392,0.002225656,-0.004662666,0.00189822,0.001602851,0.000237854,VY4W10375L25
2025-12-17 00:00:00,0.001,VBYM P 103.75 12/22/2025 P 103.75,2025-12-22 00:00:00,0.03607,112.421875,103.75,P,0.226696782,-0.001187294,0.000527971,0.001321121,-0.000762458,-1.84221E-05,1000.0000,CBoT 10y Monday Call Options P 103.75 Dec-2025,VBYM P 103.75 12/22/2025,USD,0,-0.000523616,-0.000165021,0.001186904,-0.001513033,0.000534168,0.000209361,5.68268E-05,VY4W10375X25
2025-12-16 00:00:00,0.001,VBYM P 103.75 12/22/2025 P 103.75,2025-12-22 00:00:00,0.036157,112.515625,103.75,P,0.208904671,-0.001175935,0.000575644,0.001296167,-0.000685308,-2.19151E-05,1000.0000,CBoT 10y Monday Call Options P 103.75 Dec-2025,VBYM P 103.75 12/22/2025,USD,0,-0.000563717,-0.000193235,0.000981242,-0.001471915,0.000570345,0.000247346,7.30514E-05,VY4W10375X25
2025-12-15 00:00:00,0.001,VBYM P 103.75 12/22/2025 P 103.75,2025-12-22 00:00:00,0.036259,112.28125,103.75,P,0.188872256,-0.001204697,0.00063714,0.001359806,-0.000618053,-2.61348E-05,1000.0000,CBoT 10y Monday Call Options P 103.75 Dec-2025,VBYM P 103.75 12/22/2025,USD,0,-0.000636034,-0.00023973,0.000857946,-0.001577465,0.00065701,0.000300087,9.73556E-05,VY4W10375X25
2025-12-12 00:00:00,0.001,VBYM P 103.75 12/22/2025 P 103.75,2025-12-22 00:00:00,0.03623,112.171875,103.75,P,0.156248791,-0.001218574,0.000777595,0.001391048,-0.000474562,-3.77296E-05,1000.0000,CBoT 10y Monday Call Options P 103.75 Dec-2025,VBYM P 103.75 12/22/2025,USD,0,-0.000776074,-0.000352572,0.000606183,-0.001630112,0.000809594,0.000436707,0.000170686,VY4W10375X25
2025-12-11 00:00:00,0.001,VBYM P 103.75 12/22/2025 P 103.75,2025-12-22 00:00:00,0.036223,112.453125,103.75,P,0.153329017,-0.001183383,0.000797481,0.001312495,-0.000441416,-4.04142E-05,1000.0000,CBoT 10y Monday Call Options P 103.75 Dec-2025,VBYM P 103.75 12/22/2025,USD,0,-0.000771979,-0.000359943,0.000537913,-0.001498751,0.000785278,0.000458075,0.000183969,VY4W10375X25
2025-12-10 00:00:00,0.001,VBYM P 103.75 12/22/2025 P 103.75,2025-12-22 00:00:00,0.03625,112.21875,103.75,P,0.14333305,-0.001212527,0.000854164,0.001377387,-0.000410124,-4.50747E-05,1000.0000,CBoT 10y Monday Call Options P 103.75 Dec-2025,VBYM P 103.75 12/22/2025,USD,0,-0.000842518,-0.000417735,0.000503049,-0.001607006,0.000875142,0.00051981,0.000221776,VY4W10375X25
2025-12-09 00:00:00,0.001,VBYM P 103.75 12/22/2025 P 103.75,2025-12-22 00:00:00,0.036278,112.09375,103.75,P,0.135927581,-0.001228674,0.000902898,0.001414006,-0.000383185,-4.94244E-05,1000.0000,CBoT 10y Monday Call Options P 103.75 Dec-2025,VBYM P 103.75 12/22/2025,USD,0,-0.000898128,-0.000468037,0.000469418,-0.001669143,0.000943586,0.000575339,0.000257855,VY4W10375X25
2025-12-17 00:00:00,8.515625,VBYM C 104 12/22/2025 C 104,2025-12-22 00:00:00,0.03607,112.421875,104,C,0.397436839,0.954702255,0.01242628,0.018060092,-0.043582741,0.013536134,1000.0000,CBoT 10y Monday Call Options C 104 Dec-2025,VBYM C 104 12/22/2025,USD,0,-0.003922681,-7.6343E-05,0.015684525,-0.006589551,0.000920401,0.000876022,-4.3886E-06,VY4W104L25
2025-12-16 00:00:00,8.515625,VBYM C 104 12/22/2025 C 104,2025-12-22 00:00:00,0.036157,112.515625,104,C,0.237495565,0.994745237,0.001973296,0.003963841,-0.002158651,0.016998698,1000.0000,CBoT 10y Monday Call Options C 104 Dec-2025,VBYM C 104 12/22/2025,USD,0,-0.001469222,-0.000288788,0.00300632,-0.003384364,0.001066651,0.000551032,8.538E-05,VY4W104L25
2025-12-15 00:00:00,8.28125,VBYM C 104 12/22/2025 C 104,2025-12-22 00:00:00,0.036259,112.28125,104,C,0.217787292,0.994004833,0.002386378,0.004496845,-0.002167086,0.019816105,1000.0000,CBoT 10y Monday Call Options C 104 Dec-2025,VBYM C 104 12/22/2025,USD,0,-0.00176569,-0.000360044,0.002845492,-0.003810006,0.001264172,0.000701583,0.000111227,VY4W104L25
2025-12-12 00:00:00,8.171875,VBYM C 104 12/22/2025 C 104,2025-12-22 00:00:00,0.03623,112.171875,104,C,0.187420056,0.991947575,0.003675374,0.005641908,-0.002187765,0.028245666,1000.0000,CBoT 10y Monday Call Options C 104 Dec-2025,VBYM C 104 12/22/2025,USD,0,-0.002537934,-0.000532494,0.00247676,-0.00446271,0.001669826,0.001156277,0.000181689,VY4W104L25
2025-12-11 00:00:00,8.453125,VBYM C 104 12/22/2025 C 104,2025-12-22 00:00:00,0.036223,112.453125,104,C,0.186729077,0.991303052,0.004124405,0.005750903,-0.002258332,0.031047704,1000.0000,CBoT 10y Monday Call Options C 104 Dec-2025,VBYM C 104 12/22/2025,USD,0,-0.002688245,-0.000546729,0.002380076,-0.004305519,0.001666277,0.001273629,0.000191732,VY4W104L25
2025-12-10 00:00:00,8.21875,VBYM C 104 12/22/2025 C 104,2025-12-22 00:00:00,0.03625,112.21875,104,C,0.175874379,0.990644223,0.004577319,0.006234963,-0.002187818,0.033846578,1000.0000,CBoT 10y Monday Call Options C 104 Dec-2025,VBYM C 104 12/22/2025,USD,0,-0.003005619,-0.000628033,0.002300933,-0.004694446,0.001865179,0.001468393,0.000224443,VY4W104L25
2025-12-09 00:00:00,8.09375,VBYM C 104 12/22/2025 C 104,2025-12-22 00:00:00,0.036278,112.09375,104,C,0.168169498,0.989999079,0.005037656,0.006637676,-0.002143527,0.036641777,1000.0000,CBoT 10y Monday Call Options C 104 Dec-2025,VBYM C 104 12/22/2025,USD,0,-0.003293527,-0.00069768,0.00222867,-0.004971864,0.002024547,0.001656323,0.000253688,VY4W104L25
2025-12-17 00:00:00,0.001,VBYM P 104 12/22/2025 P 104,2025-12-22 00:00:00,0.03607,112.421875,104,P,0.220448721,-0.001218784,0.000541204,0.00139151,-0.00076107,-1.89071E-05,1000.0000,CBoT 10y Monday Call Options P 104 Dec-2025,VBYM P 104 12/22/2025,USD,0,-0.000550202,-0.000177184,0.001212794,-0.001634556,0.000575346,0.000219419,6.07922E-05,VY4W104X25
2025-12-16 00:00:00,0.001,VBYM P 104 12/22/2025 P 104,2025-12-22 00:00:00,0.036157,112.515625,104,P,0.203205274,-0.001206805,0.000590008,0.001364509,-0.000683852,-2.24862E-05,1000.0000,CBoT 10y Monday Call Options P 104 Dec-2025,VBYM P 104 12/22/2025,USD,0,-0.000592046,-0.000207333,0.001002437,-0.001588893,0.000613856,0.000259109,7.80979E-05,VY4W104X25
2025-12-15 00:00:00,0.001,VBYM P 104 12/22/2025 P 104,2025-12-22 00:00:00,0.036259,112.28125,104,P,0.183585504,-0.001237153,0.000653576,0.001433416,-0.000616541,-2.68339E-05,1000.0000,CBoT 10y Monday Call Options P 104 Dec-2025,VBYM P 104 12/22/2025,USD,0,-0.000668838,-0.000257678,0.000876941,-0.001706216,0.000708467,0.000314729,0.000104254,VY4W104X25
2025-12-12 00:00:00,0.001,VBYM P 104 12/22/2025 P 104,2025-12-22 00:00:00,0.03623,112.171875,104,P,0.151821438,-0.001251813,0.000798297,0.001467301,-0.000473157,-3.87516E-05,1000.0000,CBoT 10y Monday Call Options P 104 Dec-2025,VBYM P 104 12/22/2025,USD,0,-0.0008166,-0.000379295,0.000619762,-0.001764862,0.000873801,0.000458278,0.000182927,VY4W104X25
2025-12-11 00:00:00,0.001,VBYM P 104 12/22/2025 P 104,2025-12-22 00:00:00,0.036223,112.453125,104,P,0.14911746,-0.001214661,0.000818131,0.00138218,-0.000440115,-4.14748E-05,1000.0000,CBoT 10y Monday Call Options P 104 Dec-2025,VBYM P 104 12/22/2025,USD,0,-0.00081104,-0.000386383,0.000549608,-0.001618701,0.000845602,0.000480007,0.000196763,VY4W104X25
2025-12-10 00:00:00,0.001,VBYM P 104 12/22/2025 P 104,2025-12-22 00:00:00,0.03625,112.21875,104,P,0.13929298,-0.001245425,0.000877046,0.001452483,-0.000408841,-4.62894E-05,1000.0000,CBoT 10y Monday Call Options P 104 Dec-2025,VBYM P 104 12/22/2025,USD,0,-0.000886279,-0.000449229,0.000514261,-0.00173912,0.000944173,0.00054535,0.000237598,VY4W104X25
2025-12-09 00:00:00,0.001,VBYM P 104 12/22/2025 P 104,2025-12-22 00:00:00,0.036278,112.09375,104,P,0.132041884,-0.001262489,0.000927607,0.001492224,-0.000381936,-5.07757E-05,1000.0000,CBoT 10y Monday Call Options P 104 Dec-2025,VBYM P 104 12/22/2025,USD,0,-0.000945448,-0.000503829,0.000480024,-0.001808392,0.001019099,0.000604009,0.00027651,VY4W104X25
2025-12-17 00:00:00,8.265625,VBYM C 104.25 12/22/2025 C 104.25,2025-12-22 00:00:00,0.03607,112.421875,104.25,C,0.387399044,0.953733805,0.012641739,0.01884953,-0.043314902,0.013555466,1000.0000,CBoT 10y Monday Call Options C 104.25 Dec-2025,VBYM C 104.25 12/22/2025,USD,0,-0.004071848,-7.80002E-05,0.015868549,-0.007013533,0.000968048,0.000903888,-5.3903E-06,VY4W10425L25
2025-12-16 00:00:00,8.265625,VBYM C 104.25 12/22/2025 C 104.25,2025-12-22 00:00:00,0.036157,112.515625,104.25,C,0.230249678,0.994739004,0.001976558,0.004093459,-0.002095286,0.017039678,1000.0000,CBoT 10y Monday Call Options C 104.25 Dec-2025,VBYM C 104.25 12/22/2025,USD,0,-0.001517543,-0.0003077,0.00301032,-0.003604384,0.001136204,0.000569054,9.09485E-05,VY4W10425L25
2025-12-15 00:00:00,8.03125,VBYM C 104.25 12/22/2025 C 104.25,2025-12-22 00:00:00,0.036259,112.28125,104.25,C,0.210961864,0.993997719,0.002390441,0.004647875,-0.002101674,0.019863897,1000.0000,CBoT 10y Monday Call Options C 104.25 Dec-2025,VBYM C 104.25 12/22/2025,USD,0,-0.001825337,-0.000384286,0.00284929,-0.004064633,0.001348916,0.000725151,0.000118685,VY4W10425L25
2025-12-12 00:00:00,7.921875,VBYM C 104.25 12/22/2025 C 104.25,2025-12-22 00:00:00,0.03623,112.171875,104.25,C,0.18147063,0.991938019,0.003681775,0.005833833,-0.002120846,0.028313865,1000.0000,CBoT 10y Monday Call Options C 104.25 Dec-2025,VBYM C 104.25 12/22/2025,USD,0,-0.002624808,-0.000568843,0.002480088,-0.00476486,0.001783252,0.001195619,0.000194034,VY4W10425L25
2025-12-11 00:00:00,8.203125,VBYM C 104.25 12/22/2025 C 104.25,2025-12-22 00:00:00,0.036223,112.453125,104.25,C,0.180991491,0.991292735,0.004131382,0.005940296,-0.002191554,0.031122695,1000.0000,CBoT 10y Monday Call Options C 104.25 Dec-2025,VBYM C 104.25 12/22/2025,USD,0,-0.00277736,-0.000582831,0.00238328,-0.004587364,0.00177573,0.001315583,0.00020433,VY4W10425L25
2025-12-10 00:00:00,7.96875,VBYM C 104.25 12/22/2025 C 104.25,2025-12-22 00:00:00,0.03625,112.21875,104.25,C,0.1703221,0.990633121,0.004585258,0.006445904,-0.00212128,0.033928358,1000.0000,CBoT 10y Monday Call Options C 104.25 Dec-2025,VBYM C 104.25 12/22/2025,USD,0,-0.003107973,-0.000670676,0.002304037,-0.005010439,0.00199116,0.001518083,0.000239607,VY4W10425L25
2025-12-09 00:00:00,7.84375,VBYM C 104.25 12/22/2025 C 104.25,2025-12-22 00:00:00,0.036278,112.09375,104.25,C,0.162781513,0.989987209,0.005046512,0.006865572,-0.00207733,0.036730341,1000.0000,CBoT 10y Monday Call Options C 104.25 Dec-2025,VBYM C 104.25 12/22/2025,USD,0,-0.003407353,-0.000745784,0.002231682,-0.005311659,0.00216339,0.001713204,0.000271092,VY4W10425L25
2025-12-17 00:00:00,0.001,VBYM P 104.25 12/22/2025 P 104.25,2025-12-22 00:00:00,0.03607,112.421875,104.25,P,0.214202814,-0.001252025,0.000555165,0.001467781,-0.000759633,-1.94191E-05,1000.0000,CBoT 10y Monday Call Options P 104.25 Dec-2025,VBYM P 104.25 12/22/2025,USD,0,-0.00057893,-0.000190612,0.00123996,-0.00176966,0.000620971,0.000230256,6.51515E-05,VY4W10425X25
2025-12-16 00:00:00,0.001,VBYM P 104.25 12/22/2025 P 104.25,2025-12-22 00:00:00,0.036157,112.515625,104.25,P,0.197507992,-0.001239371,0.000605161,0.001438498,-0.000682348,-2.30886E-05,1000.0000,CBoT 10y Monday Call Options P 104.25 Dec-2025,VBYM P 104.25 12/22/2025,USD,0,-0.000622631,-0.000222881,0.001024666,-0.001718798,0.000662014,0.000271773,8.36404E-05,VY4W10425X25
2025-12-15 00:00:00,0.001,VBYM P 104.25 12/22/2025 P 104.25,2025-12-22 00:00:00,0.036259,112.28125,104.25,P,0.178300361,-0.001271445,0.000670948,0.001513284,-0.000614978,-2.75725E-05,1000.0000,CBoT 10y Monday Call Options P 104.25 Dec-2025,VBYM P 104.25 12/22/2025,USD,0,-0.000704329,-0.000277523,0.000896889,-0.001849605,0.000765576,0.000330524,0.000111849,VY4W10425X25
2025-12-12 00:00:00,0.001,VBYM P 104.25 12/22/2025 P 104.25,2025-12-22 00:00:00,0.03623,112.171875,104.25,P,0.147395287,-0.001286957,0.000820223,0.001550124,-0.000471706,-3.98322E-05,1000.0000,CBoT 10y Monday Call Options P 104.25 Dec-2025,VBYM P 104.25 12/22/2025,USD,0,-0.000860489,-0.000408881,0.000634032,-0.001915138,0.000945154,0.000481568,0.000196421,VY4W10425X25
2025-12-11 00:00:00,0.001,VBYM P 104.25 12/22/2025 P 104.25,2025-12-22 00:00:00,0.036223,112.453125,104.25,P,0.144907391,-0.001247672,0.000839965,0.001457665,-0.000438772,-4.25943E-05,1000.0000,CBoT 10y Monday Call Options P 104.25 Dec-2025,VBYM P 104.25 12/22/2025,USD,0,-0.000853235,-0.000415561,0.000561877,-0.001752005,0.000912415,0.00050363,0.000210823,VY4W10425X25
2025-12-10 00:00:00,0.001,VBYM P 104.25 12/22/2025 P 104.25,2025-12-22 00:00:00,0.03625,112.21875,104.25,P,0.135254061,-0.001280198,0.000901289,0.001534013,-0.000407516,-4.75733E-05,1000.0000,CBoT 10y Monday Call Options P 104.25 Dec-2025,VBYM P 104.25 12/22/2025,USD,0,-0.000933651,-0.000484078,0.00052604,-0.001886369,0.001020844,0.000572916,0.00025503,VY4W10425X25
2025-12-09 00:00:00,0.001,VBYM P 104.25 12/22/2025 P 104.25,2025-12-22 00:00:00,0.036278,112.09375,104.25,P,0.128157148,-0.001298262,0.000953821,0.001577247,-0.000380647,-5.22053E-05,1000.0000,CBoT 10y Monday Call Options P 104.25 Dec-2025,VBYM P 104.25 12/22/2025,USD,0,-0.000996734,-0.000543491,0.000491173,-0.001963843,0.0011031,0.000634988,0.000297091,VY4W10425X25
2025-12-17 00:00:00,8.015625,VBYM C 104.5 12/22/2025 C 104.5,2025-12-22 00:00:00,0.03607,112.421875,104.5,C,0.377348727,0.952716808,0.012866603,0.019696047,-0.043039693,0.01357405,1000.0000,CBoT 10y Monday Call Options C 104.5 Dec-2025,VBYM C 104.5 12/22/2025,USD,0,-0.004230571,-7.95803E-05,0.016058154,-0.007476905,0.001019192,0.000933282,-6.52534E-06,VY4W1045L25
2025-12-16 00:00:00,8.015625,VBYM C 104.5 12/22/2025 C 104.5,2025-12-22 00:00:00,0.036157,112.515625,104.5,C,0.223021199,0.994732775,0.001979906,0.004231165,-0.00203192,0.017080659,1000.0000,CBoT 10y Monday Call Options C 104.5 Dec-2025,VBYM C 104.5 12/22/2025,USD,0,-0.00156888,-0.000328448,0.003014317,-0.003845713,0.0012125,0.000588201,9.7057E-05,VY4W1045L25
2025-12-15 00:00:00,7.78125,VBYM C 104.5 12/22/2025 C 104.5,2025-12-22 00:00:00,0.036259,112.28125,104.5,C,0.204152832,0.99399061,0.002394625,0.004808612,-0.00203626,0.019911688,1000.0000,CBoT 10y Monday Call Options C 104.5 Dec-2025,VBYM C 104.5 12/22/2025,USD,0,-0.001888819,-0.000410952,0.002853084,-0.004344662,0.001442122,0.000750234,0.000126887,VY4W1045L25
2025-12-12 00:00:00,7.671875,VBYM C 104.5 12/22/2025 C 104.5,2025-12-22 00:00:00,0.03623,112.171875,104.5,C,0.175535499,0.991928469,0.003688378,0.006038269,-0.002053927,0.028382063,1000.0000,CBoT 10y Monday Call Options C 104.5 Dec-2025,VBYM C 104.5 12/22/2025,USD,0,-0.002717347,-0.000608879,0.002483413,-0.00509758,0.001908166,0.001237526,0.000207629,VY4W1045L25
2025-12-11 00:00:00,7.953125,VBYM C 104.5 12/22/2025 C 104.5,2025-12-22 00:00:00,0.036223,112.453125,104.5,C,0.175267694,0.991282426,0.004138558,0.006141599,-0.002124776,0.031197687,1000.0000,CBoT 10y Monday Call Options C 104.5 Dec-2025,VBYM C 104.5 12/22/2025,USD,0,-0.002872081,-0.000622467,0.002386481,-0.004896716,0.001895879,0.001360176,0.000218159,VY4W1045L25
2025-12-10 00:00:00,7.71875,VBYM C 104.5 12/22/2025 C 104.5,2025-12-22 00:00:00,0.03625,112.21875,104.5,C,0.164783165,0.990622027,0.004593444,0.006670513,-0.002054742,0.034010138,1000.0000,CBoT 10y Monday Call Options C 104.5 Dec-2025,VBYM C 104.5 12/22/2025,USD,0,-0.00321696,-0.000717621,0.002307137,-0.005358208,0.002129824,0.001570993,0.000256298,VY4W1045L25
2025-12-09 00:00:00,7.59375,VBYM C 104.5 12/22/2025 C 104.5,2025-12-22 00:00:00,0.036278,112.09375,104.5,C,0.157406475,0.989975348,0.005055656,0.007108477,-0.002011132,0.036818906,1000.0000,CBoT 10y Monday Call Options C 104.5 Dec-2025,VBYM C 104.5 12/22/2025,USD,0,-0.003528677,-0.000798819,0.00223469,-0.005686183,0.002316441,0.001773831,0.000290276,VY4W1045L25
2025-12-17 00:00:00,0.001,VBYM P 104.5 12/22/2025 P 104.5,2025-12-22 00:00:00,0.03607,112.421875,104.5,P,0.207958565,-0.001287172,0.000569921,0.001550623,-0.000758144,-1.99604E-05,1000.0000,CBoT 10y Monday Call Options P 104.5 Dec-2025,VBYM P 104.5 12/22/2025,USD,0,-0.000610042,-0.000205479,0.001268508,-0.001920331,0.000671673,0.000241957,6.99569E-05,VY4W1045X25
2025-12-16 00:00:00,0.001,VBYM P 104.5 12/22/2025 P 104.5,2025-12-22 00:00:00,0.036157,112.515625,104.5,P,0.191812381,-0.001273783,0.000621172,0.001518788,-0.000680791,-2.37252E-05,1000.0000,CBoT 10y Monday Call Options P 104.5 Dec-2025,VBYM P 104.5 12/22/2025,USD,0,-0.000655727,-0.000240075,0.001048011,-0.001863498,0.00071547,0.000285434,8.97437E-05,VY4W1045X25
2025-12-15 00:00:00,0.001,VBYM P 104.5 12/22/2025 P 104.5,2025-12-22 00:00:00,0.036259,112.28125,104.5,P,0.173016389,-0.001307738,0.000689343,0.001600154,-0.00061336,-2.83542E-05,1000.0000,CBoT 10y Monday Call Options P 104.5 Dec-2025,VBYM P 104.5 12/22/2025,USD,0,-0.000742819,-0.000299531,0.000917869,-0.002009808,0.000829153,0.0003476,0.000120234,VY4W1045X25
2025-12-12 00:00:00,0.001,VBYM P 104.5 12/22/2025 P 104.5,2025-12-22 00:00:00,0.03623,112.171875,104.5,P,0.142969964,-0.001324181,0.000843488,0.00164031,-0.000470205,-4.09768E-05,1000.0000,CBoT 10y Monday Call Options P 104.5 Dec-2025,VBYM P 104.5 12/22/2025,USD,0,-0.000908137,-0.000441735,0.00064905,-0.002083285,0.001024701,0.000506774,0.000211337,VY4W1045X25
2025-12-11 00:00:00,0.001,VBYM P 104.5 12/22/2025 P 104.5,2025-12-22 00:00:00,0.036223,112.453125,104.5,P,0.140698478,-0.001282568,0.000863092,0.001539629,-0.000437386,-4.37777E-05,1000.0000,CBoT 10y Monday Call Options P 104.5 Dec-2025,VBYM P 104.5 12/22/2025,USD,0,-0.00089892,-0.000447853,0.000574767,-0.001900609,0.000986636,0.00052913,0.000226316,VY4W1045X25
2025-12-10 00:00:00,0.001,VBYM P 104.5 12/22/2025 P 104.5,2025-12-22 00:00:00,0.03625,112.21875,104.5,P,0.131215958,-0.001317017,0.000927026,0.001622748,-0.000406147,-4.89328E-05,1000.0000,CBoT 10y Monday Call Options P 104.5 Dec-2025,VBYM P 104.5 12/22/2025,USD,0,-0.000985057,-0.000522754,0.000538433,-0.002051024,0.001106267,0.000602734,0.00027429,VY4W1045X25
2025-12-09 00:00:00,0.001,VBYM P 104.5 12/22/2025 P 104.5,2025-12-22 00:00:00,0.036278,112.09375,104.5,P,0.124273038,-0.001336173,0.000981689,0.001669906,-0.000379314,-5.37204E-05,1000.0000,CBoT 10y Monday Call Options P 104.5 Dec-2025,VBYM P 104.5 12/22/2025,USD,0,-0.001052457,-0.000587578,0.000502914,-0.002137967,0.001196843,0.000668539,0.000319864,VY4W1045X25
2025-12-17 00:00:00,7.765625,VBYM C 104.75 12/22/2025 C 104.75,2025-12-22 00:00:00,0.03607,112.421875,104.75,C,0.36728431,0.951647266,0.013101568,0.020605607,-0.042756634,0.013591826,1000.0000,CBoT 10y Monday Call Options C 104.75 Dec-2025,VBYM C 104.75 12/22/2025,USD,0,-0.004399747,-8.10513E-05,0.016253624,-0.007984583,0.001074168,0.000964329,-7.81339E-06,VY4W10475L25
2025-12-16 00:00:00,7.765625,VBYM C 104.75 12/22/2025 C 104.75,2025-12-22 00:00:00,0.036157,112.515625,104.75,C,0.215810039,0.994726551,0.001983354,0.004377741,-0.001968553,0.017121639,1000.0000,CBoT 10y Monday Call Options C 104.75 Dec-2025,VBYM C 104.75 12/22/2025,USD,0,-0.001623523,-0.000351275,0.00301831,-0.004111166,0.001296431,0.000608581,0.000103777,VY4W10475L25
2025-12-15 00:00:00,7.53125,VBYM C 104.75 12/22/2025 C 104.75,2025-12-22 00:00:00,0.036259,112.28125,104.75,C,0.197360116,0.993983506,0.002398947,0.004980025,-0.001970846,0.01995948,1000.0000,CBoT 10y Monday Call Options C 104.75 Dec-2025,VBYM C 104.75 12/22/2025,USD,0,-0.001956518,-0.000440373,0.002856874,-0.004653552,0.001544945,0.000776982,0.000135936,VY4W10475L25
2025-12-12 00:00:00,7.421875,VBYM C 104.75 12/22/2025 C 104.75,2025-12-22 00:00:00,0.03623,112.171875,104.75,C,0.169614593,0.991918927,0.003695213,0.006256482,-0.001987006,0.028450261,1000.0000,CBoT 10y Monday Call Options C 104.75 Dec-2025,VBYM C 104.75 12/22/2025,USD,0,-0.002816122,-0.000653113,0.002486735,-0.005465094,0.002046158,0.001282257,0.000222647,VY4W10475L25
2025-12-11 00:00:00,7.703125,VBYM C 104.75 12/22/2025 C 104.75,2025-12-22 00:00:00,0.036223,112.453125,104.75,C,0.169557616,0.991272126,0.00414596,0.006355971,-0.002057996,0.031272678,1000.0000,CBoT 10y Monday Call Options C 104.75 Dec-2025,VBYM C 104.75 12/22/2025,USD,0,-0.002972953,-0.000666109,0.002389678,-0.005237237,0.002028148,0.001407663,0.000233383,VY4W10475L25
2025-12-10 00:00:00,7.46875,VBYM C 104.75 12/22/2025 C 104.75,2025-12-22 00:00:00,0.03625,112.21875,104.75,C,0.159257505,0.990610942,0.004601911,0.006910163,-0.001988203,0.034091918,1000.0000,CBoT 10y Monday Call Options C 104.75 Dec-2025,VBYM C 104.75 12/22/2025,USD,0,-0.003333247,-0.000769458,0.002310235,-0.005742114,0.002282913,0.001627445,0.000274725,VY4W10475L25
2025-12-09 00:00:00,7.34375,VBYM C 104.75 12/22/2025 C 104.75,2025-12-22 00:00:00,0.036278,112.09375,104.75,C,0.152044321,0.989963495,0.00506513,0.007367924,-0.001944933,0.03690747,1000.0000,CBoT 10y Monday Call Options C 104.75 Dec-2025,VBYM C 104.75 12/22/2025,USD,0,-0.003658264,-0.000857476,0.002237695,-0.006100288,0.002485685,0.001838586,0.00031149,VY4W10475L25
2025-12-17 00:00:00,0.001,VBYM P 104.75 12/22/2025 P 104.75,2025-12-22 00:00:00,0.03607,112.421875,104.75,P,0.201715446,-0.001324398,0.000585545,0.00164083,-0.000756599,-2.05337E-05,1000.0000,CBoT 10y Monday Call Options P 104.75 Dec-2025,VBYM P 104.75 12/22/2025,USD,0,-0.000643819,-0.000221988,0.001298552,-0.002088919,0.000728198,0.00025462,7.52692E-05,VY4W10475X25
2025-12-16 00:00:00,0.001,VBYM P 104.75 12/22/2025 P 104.75,2025-12-22 00:00:00,0.036157,112.515625,104.75,P,0.186117973,-0.001310207,0.000638121,0.001606132,-0.000679178,-2.4399E-05,1000.0000,CBoT 10y Monday Call Options P 104.75 Dec-2025,VBYM P 104.75 12/22/2025,USD,0,-0.000691623,-0.000259147,0.001072566,-0.002025201,0.000774992,0.000300207,9.64834E-05,VY4W10475X25
2025-12-15 00:00:00,0.001,VBYM P 104.75 12/22/2025 P 104.75,2025-12-22 00:00:00,0.036259,112.28125,104.75,P,0.167733128,-0.001346218,0.00070886,0.00169489,-0.000611683,-2.9183E-05,1000.0000,CBoT 10y Monday Call Options P 104.75 Dec-2025,VBYM P 104.75 12/22/2025,USD,0,-0.000784665,-0.000324014,0.000939968,-0.002189414,0.000900163,0.000366105,0.000129519,VY4W10475X25
2025-12-12 00:00:00,0.001,VBYM P 104.75 12/22/2025 P 104.75,2025-12-22 00:00:00,0.03623,112.171875,104.75,P,0.13854507,-0.001363681,0.000868228,0.00173878,-0.000468652,-4.21915E-05,1000.0000,CBoT 10y Monday Call Options P 104.75 Dec-2025,VBYM P 104.75 12/22/2025,USD,0,-0.000960001,-0.000478336,0.000664882,-0.002272091,0.001113683,0.000534121,0.000227877,VY4W10475X25
2025-12-11 00:00:00,0.001,VBYM P 104.75 12/22/2025 P 104.75,2025-12-22 00:00:00,0.036223,112.453125,104.75,P,0.136490369,-0.00131952,0.000887638,0.001628851,-0.000435953,-4.50308E-05,1000.0000,CBoT 10y Monday Call Options P 104.75 Dec-2025,VBYM P 104.75 12/22/2025,USD,0,-0.000948502,-0.000483698,0.00058833,-0.002066813,0.001069347,0.000556718,0.000243438,VY4W10475X25
2025-12-10 00:00:00,0.001,VBYM P 104.75 12/22/2025 P 104.75,2025-12-22 00:00:00,0.03625,112.21875,104.75,P,0.127178312,-0.001356072,0.000954405,0.001719583,-0.00040473,-5.0375E-05,1000.0000,CBoT 10y Monday Call Options P 104.75 Dec-2025,VBYM P 104.75 12/22/2025,USD,0,-0.001040983,-0.000565815,0.000551492,-0.002235784,0.001201759,0.00063507,0.000295634,VY4W10475X25
2025-12-09 00:00:00,0.001,VBYM P 104.75 12/22/2025 P 104.75,2025-12-22 00:00:00,0.036278,112.09375,104.75,P,0.120389198,-0.001376427,0.00101138,0.001771164,-0.000377935,-5.53292E-05,1000.0000,CBoT 10y Monday Call Options P 104.75 Dec-2025,VBYM P 104.75 12/22/2025,USD,0,-0.00111316,-0.000636746,0.000515296,-0.00233371,0.001301821,0.000704969,0.000345141,VY4W10475X25
2025-12-17 00:00:00,7.515625,VBYM C 105 12/22/2025 C 105,2025-12-22 00:00:00,0.03607,112.421875,105,C,0.357204099,0.950520718,0.013347404,0.021584999,-0.042465199,0.013608723,1000.0000,CBoT 10y Monday Call Options C 105 Dec-2025,VBYM C 105 12/22/2025,USD,0,-0.004580388,-8.23732E-05,0.016455264,-0.008542261,0.001133351,0.000997167,-9.27754E-06,VY4W105L25
2025-12-16 00:00:00,7.515625,VBYM C 105 12/22/2025 C 105,2025-12-22 00:00:00,0.036157,112.515625,105,C,0.208616113,0.994720332,0.001986915,0.00453407,-0.001905186,0.01716262,1000.0000,CBoT 10y Monday Call Options C 105 Dec-2025,VBYM C 105 12/22/2025,USD,0,-0.001681804,-0.000376466,0.003022299,-0.004404034,0.001389039,0.000630317,0.000111191,VY4W105L25
2025-12-15 00:00:00,7.28125,VBYM C 105 12/22/2025 C 105,2025-12-22 00:00:00,0.036259,112.28125,105,C,0.190583637,0.993976407,0.002403425,0.005163212,-0.001905431,0.020007272,1000.0000,CBoT 10y Monday Call Options C 105 Dec-2025,VBYM C 105 12/22/2025,USD,0,-0.002028867,-0.000472939,0.002860662,-0.004995371,0.001658739,0.000805567,0.00014595,VY4W105L25
2025-12-12 00:00:00,7.171875,VBYM C 105 12/22/2025 C 105,2025-12-22 00:00:00,0.03623,112.171875,105,C,0.16370784,0.991909392,0.003702312,0.006489912,-0.001920084,0.02851846,1000.0000,CBoT 10y Monday Call Options C 105 Dec-2025,VBYM C 105 12/22/2025,USD,0,-0.002921787,-0.000702148,0.002490054,-0.005872381,0.0021991,0.001330107,0.000239293,VY4W105L25
2025-12-11 00:00:00,7.453125,VBYM C 105 12/22/2025 C 105,2025-12-22 00:00:00,0.036223,112.453125,105,C,0.163861192,0.991261832,0.004153619,0.00658473,-0.001991216,0.03134767,1000.0000,CBoT 10y Monday Call Options C 105 Dec-2025,VBYM C 105 12/22/2025,USD,0,-0.003080595,-0.000714307,0.002392874,-0.005613217,0.002174205,0.001458336,0.000250195,VY4W105L25
2025-12-10 00:00:00,7.21875,VBYM C 105 12/22/2025 C 105,2025-12-22 00:00:00,0.03625,112.21875,105,C,0.153745058,0.990599864,0.004610701,0.007166416,-0.001921662,0.034173698,1000.0000,CBoT 10y Monday Call Options C 105 Dec-2025,VBYM C 105 12/22/2025,USD,0,-0.003457591,-0.000826885,0.00231333,-0.006167295,0.002452481,0.001687808,0.000295136,VY4W105L25
2025-12-09 00:00:00,7.09375,VBYM C 105 12/22/2025 C 105,2025-12-22 00:00:00,0.036278,112.09375,105,C,0.146694988,0.989951652,0.005074981,0.007645664,-0.001878732,0.036996034,1000.0000,CBoT 10y Monday Call Options C 105 Dec-2025,VBYM C 105 12/22/2025,USD,0,-0.00379699,-0.000922569,0.002240698,-0.006559698,0.002673467,0.001907906,0.000335028,VY4W105L25
2025-12-17 00:00:00,0.001,VBYM P 105 12/22/2025 P 105,2025-12-22 00:00:00,0.03607,112.421875,105,P,0.195472896,-0.001363901,0.000602121,0.001739323,-0.000754993,-2.11421E-05,1000.0000,CBoT 10y Monday Call Options P 105 Dec-2025,VBYM P 105 12/22/2025,USD,0,-0.000680584,-0.00024038,0.001330223,-0.00227822,0.000791427,0.000268359,8.11595E-05,VY4W105X25
2025-12-16 00:00:00,0.001,VBYM P 105 12/22/2025 P 105,2025-12-22 00:00:00,0.036157,112.515625,105,P,0.180424266,-0.001348831,0.000656098,0.0017014,-0.000677505,-2.51134E-05,1000.0000,CBoT 10y Monday Call Options P 105 Dec-2025,VBYM P 105 12/22/2025,USD,0,-0.000730657,-0.000280367,0.001098435,-0.002206525,0.000841488,0.000316218,0.000103948,VY4W105X25
2025-12-15 00:00:00,0.001,VBYM P 105 12/22/2025 P 105,2025-12-22 00:00:00,0.036259,112.28125,105,P,0.162450085,-0.001387096,0.00072961,0.001798493,-0.000609943,-3.00635E-05,1000.0000,CBoT 10y Monday Call Options P 105 Dec-2025,VBYM P 105 12/22/2025,USD,0,-0.000830282,-0.000351342,0.000963286,-0.002391506,0.000979755,0.000386211,0.000139834,VY4W105X25
2025-12-12 00:00:00,0.001,VBYM P 105 12/22/2025 P 105,2025-12-22 00:00:00,0.03623,112.171875,105,P,0.134120181,-0.00140568,0.000894593,0.001846605,-0.000467041,-4.3483E-05,1000.0000,CBoT 10y Monday Call Options P 105 Dec-2025,VBYM P 105 12/22/2025,USD,0,-0.001016608,-0.000519253,0.000681599,-0.002484893,0.001213578,0.000563868,0.000246277,VY4W105X25
2025-12-11 00:00:00,0.001,VBYM P 105 12/22/2025 P 105,2025-12-22 00:00:00,0.036223,112.453125,105,P,0.132282688,-0.001358723,0.000913743,0.001726235,-0.00043447,-4.63604E-05,1000.0000,CBoT 10y Monday Call Options P 105 Dec-2025,VBYM P 105 12/22/2025,USD,0,-0.001002452,-0.000523616,0.000602625,-0.002253352,0.001161826,0.00058664,0.000262415,VY4W105X25
2025-12-10 00:00:00,0.001,VBYM P 105 12/22/2025 P 105,2025-12-22 00:00:00,0.03625,112.21875,105,P,0.123140741,-0.001397583,0.000983597,0.001825559,-0.000403264,-5.1908E-05,1000.0000,CBoT 10y Monday Call Options P 105 Dec-2025,VBYM P 105 12/22/2025,USD,0,-0.001101991,-0.00061392,0.000565278,-0.002443875,0.001308889,0.000670226,0.000319363,VY4W105X25
2025-12-09 00:00:00,0.001,VBYM P 105 12/22/2025 P 105,2025-12-22 00:00:00,0.036278,112.09375,105,P,0.116505248,-0.001419254,0.001043089,0.001882146,-0.000376506,-5.7041E-05,1000.0000,CBoT 10y Monday Call Options P 105 Dec-2025,VBYM P 105 12/22/2025,USD,0,-0.001179475,-0.000691771,0.000528378,-0.002554601,0.001419811,0.00074463,0.000373288,VY4W105X25
2025-12-17 00:00:00,7.265625,VBYM C 105.25 12/22/2025 C 105.25,2025-12-22 00:00:00,0.03607,112.421875,105.25,C,0.347106271,0.949332166,0.013604967,0.02264199,-0.04216481,0.013624665,1000.0000,CBoT 10y Monday Call Options C 105.25 Dec-2025,VBYM C 105.25 12/22/2025,USD,0,-0.004773635,-8.34959E-05,0.0166634,-0.00915657,0.001197155,0.001031949,-1.0945E-05,VY4W10525L25
2025-12-16 00:00:00,7.265625,VBYM C 105.25 12/22/2025 C 105.25,2025-12-22 00:00:00,0.036157,112.515625,105.25,C,0.201439342,0.994714117,0.001990604,0.004701161,-0.001841818,0.017203601,1000.0000,CBoT 10y Monday Call Options C 105.25 Dec-2025,VBYM C 105.25 12/22/2025,USD,0,-0.001744097,-0.000404354,0.003026285,-0.00472819,0.001491549,0.00065355,0.000119398,VY4W10525L25
2025-12-15 00:00:00,7.03125,VBYM C 105.25 12/22/2025 C 105.25,2025-12-22 00:00:00,0.036259,112.28125,105.25,C,0.183823314,0.993969314,0.002408084,0.005359429,-0.001840015,0.020055064,1000.0000,CBoT 10y Monday Call Options C 105.25 Dec-2025,VBYM C 105.25 12/22/2025,USD,0,-0.002106363,-0.000509108,0.002864445,-0.005374925,0.001785108,0.000836186,0.000157071,VY4W10525L25
2025-12-12 00:00:00,6.921875,VBYM C 105.25 12/22/2025 C 105.25,2025-12-22 00:00:00,0.03623,112.171875,105.25,C,0.157815175,0.991899864,0.003709715,0.006740208,-0.001853162,0.028586659,1000.0000,CBoT 10y Monday Call Options C 105.25 Dec-2025,VBYM C 105.25 12/22/2025,USD,0,-0.003035087,-0.000756695,0.00249337,-0.00632534,0.002369209,0.001381414,0.000257807,VY4W10525L25
2025-12-11 00:00:00,7.203125,VBYM C 105.25 12/22/2025 C 105.25,2025-12-22 00:00:00,0.036223,112.453125,105.25,C,0.158178354,0.991251547,0.004161574,0.006829371,-0.001924434,0.031422662,1000.0000,CBoT 10y Monday Call Options C 105.25 Dec-2025,VBYM C 105.25 12/22/2025,USD,0,-0.003195712,-0.000767713,0.002396066,-0.006029706,0.002336016,0.001512528,0.000268819,VY4W10525L25
2025-12-10 00:00:00,6.96875,VBYM C 105.25 12/22/2025 C 105.25,2025-12-22 00:00:00,0.03625,112.21875,105.25,C,0.148245757,0.990588795,0.004619862,0.007441059,-0.00185512,0.034255479,1000.0000,CBoT 10y Monday Call Options C 105.25 Dec-2025,VBYM C 105.25 12/22/2025,USD,0,-0.003590861,-0.000890725,0.002316422,-0.00663983,0.002640954,0.001752503,0.000317823,VY4W10525L25
2025-12-09 00:00:00,6.84375,VBYM C 105.25 12/22/2025 C 105.25,2025-12-22 00:00:00,0.036278,112.09375,105.25,C,0.141358413,0.989939818,0.005085269,0.007943699,-0.001812531,0.037084598,1000.0000,CBoT 10y Monday Call Options C 105.25 Dec-2025,VBYM C 105.25 12/22/2025,USD,0,-0.003945854,-0.000995065,0.002243698,-0.007071212,0.002882568,0.001982292,0.000361238,VY4W10525L25
2025-12-17 00:00:00,0.001,VBYM P 105.25 12/22/2025 P 105.25,2025-12-22 00:00:00,0.03607,112.421875,105.25,P,0.189230319,-0.001405903,0.000619742,0.001847172,-0.000753323,-2.1789E-05,1000.0000,CBoT 10y Monday Call Options P 105.25 Dec-2025,VBYM P 105.25 12/22/2025,USD,0,-0.000720712,-0.00026094,0.001363666,-0.002491578,0.000862411,0.000283304,8.77121E-05,VY4W10525X25
2025-12-16 00:00:00,0.001,VBYM P 105.25 12/22/2025 P 105.25,2025-12-22 00:00:00,0.036157,112.515625,105.25,P,0.174730731,-0.001389866,0.000675203,0.001805603,-0.000675768,-2.58726E-05,1000.0000,CBoT 10y Monday Call Options P 105.25 Dec-2025,VBYM P 105.25 12/22/2025,USD,0,-0.000773215,-0.000304059,0.001125733,-0.0024106,0.000916036,0.000333617,0.000112241,VY4W10525X25
2025-12-15 00:00:00,0.001,VBYM P 105.25 12/22/2025 P 105.25,2025-12-22 00:00:00,0.036259,112.28125,105.25,P,0.157166736,-0.001430611,0.00075172,0.001912131,-0.000608137,-3.10007E-05,1000.0000,CBoT 10y Monday Call Options P 105.25 Dec-2025,VBYM P 105.25 12/22/2025,USD,0,-0.000880153,-0.000381953,0.000987934,-0.002619789,0.001069298,0.000408117,0.00015133,VY4W10525X25
2025-12-12 00:00:00,0.001,VBYM P 105.25 12/22/2025 P 105.25,2025-12-22 00:00:00,0.03623,112.171875,105.25,P,0.129694845,-0.001450429,0.000922759,0.001965037,-0.000465371,-4.48592E-05,1000.0000,CBoT 10y Monday Call Options P 105.25 Dec-2025,VBYM P 105.25 12/22/2025,USD,0,-0.001078575,-0.00056516,0.000699284,-0.002725704,0.001326157,0.000596317,0.000266816,VY4W10525X25
2025-12-11 00:00:00,0.001,VBYM P 105.25 12/22/2025 P 105.25,2025-12-22 00:00:00,0.036223,112.453125,105.25,P,0.128075036,-0.001400394,0.000941569,0.001832829,-0.000432934,-4.77738E-05,1000.0000,CBoT 10y Monday Call Options P 105.25 Dec-2025,VBYM P 105.25 12/22/2025,USD,0,-0.001061316,-0.000568218,0.000617716,-0.002463497,0.001265599,0.000619177,0.000283516,VY4W10525X25
2025-12-10 00:00:00,0.001,VBYM P 105.25 12/22/2025 P 105.25,2025-12-22 00:00:00,0.03625,112.21875,105.25,P,0.119102836,-0.001441794,0.001014798,0.00194189,-0.000401743,-5.35407E-05,1000.0000,CBoT 10y Monday Call Options P 105.25 Dec-2025,VBYM P 105.25 12/22/2025,USD,0,-0.001168738,-0.000667856,0.000579857,-0.002679172,0.001429531,0.000708556,0.000345832,VY4W10525X25
2025-12-09 00:00:00,0.001,VBYM P 105.25 12/22/2025 P 105.25,2025-12-22 00:00:00,0.036278,112.09375,105.25,P,0.112620783,-0.001464919,0.001077039,0.002004169,-0.000375024,-5.88663E-05,1000.0000,CBoT 10y Monday Call Options P 105.25 Dec-2025,VBYM P 105.25 12/22/2025,USD,0,-0.001252139,-0.000753583,0.000542227,-0.002804894,0.001552951,0.000787935,0.000404744,VY4W10525X25
2025-12-17 00:00:00,7.015625,VBYM C 105.5 12/22/2025 C 105.5,2025-12-22 00:00:00,0.03607,112.421875,105.5,C,0.336988871,0.948075984,0.013875208,0.023785501,-0.041854828,0.013639566,1000.0000,CBoT 10y Monday Call Options C 105.5 Dec-2025,VBYM C 105.5 12/22/2025,USD,0,-0.004980784,-8.43567E-05,0.016878379,-0.009835268,0.001266048,0.001068847,-1.28481E-05,VY4W1055L25
2025-12-16 00:00:00,7.015625,VBYM C 105.5 12/22/2025 C 105.5,2025-12-22 00:00:00,0.036157,112.515625,105.5,C,0.194279638,0.994707907,0.001994442,0.004880163,-0.001778449,0.017244581,1000.0000,CBoT 10y Monday Call Options C 105.5 Dec-2025,VBYM C 105.5 12/22/2025,USD,0,-0.001810832,-0.000435334,0.003030267,-0.00508821,0.001605412,0.000678438,0.000128515,VY4W1055L25
2025-12-15 00:00:00,6.78125,VBYM C 105.5 12/22/2025 C 105.5,2025-12-22 00:00:00,0.036259,112.28125,105.5,C,0.177079069,0.993962226,0.002412951,0.005570116,-0.001774598,0.020102856,1000.0000,CBoT 10y Monday Call Options C 105.5 Dec-2025,VBYM C 105.5 12/22/2025,USD,0,-0.002189576,-0.000549427,0.002868226,-0.005797927,0.001925956,0.000869062,0.000169466,VY4W1055L25
2025-12-12 00:00:00,6.671875,VBYM C 105.5 12/22/2025 C 105.5,2025-12-22 00:00:00,0.03623,112.171875,105.5,C,0.151936526,0.991890342,0.003717471,0.007009266,-0.001786238,0.028654857,1000.0000,CBoT 10y Monday Call Options C 105.5 Dec-2025,VBYM C 105.5 12/22/2025,USD,0,-0.003156881,-0.000817604,0.002496683,-0.006830998,0.00255913,0.001436566,0.000278478,VY4W1055L25
2025-12-11 00:00:00,6.953125,VBYM C 105.5 12/22/2025 C 105.5,2025-12-22 00:00:00,0.036223,112.453125,105.5,C,0.152509037,0.991241269,0.004169868,0.00709161,-0.001857651,0.031497653,1000.0000,CBoT 10y Monday Call Options C 105.5 Dec-2025,VBYM C 105.5 12/22/2025,USD,0,-0.00331911,-0.000827097,0.002399255,-0.006492686,0.002515908,0.001570617,0.000289525,VY4W1055L25
2025-12-10 00:00:00,6.71875,VBYM C 105.5 12/22/2025 C 105.5,2025-12-22 00:00:00,0.03625,112.21875,105.5,C,0.142759541,0.990577735,0.004629451,0.007736146,-0.001788578,0.034337259,1000.0000,CBoT 10y Monday Call Options C 105.5 Dec-2025,VBYM C 105.5 12/22/2025,USD,0,-0.003734052,-0.000961959,0.002319511,-0.007166955,0.002851223,0.001822013,0.000343133,VY4W1055L25
2025-12-09 00:00:00,6.59375,VBYM C 105.5 12/22/2025 C 105.5,2025-12-22 00:00:00,0.036278,112.09375,105.5,C,0.136034534,0.989927992,0.00509606,0.008264338,-0.001746328,0.037173162,1000.0000,CBoT 10y Monday Call Options C 105.5 Dec-2025,VBYM C 105.5 12/22/2025,USD,0,-0.00410601,-0.001076119,0.002246695,-0.007642942,0.003116312,0.002062318,0.000390537,VY4W1055L25
2025-12-17 00:00:00,0.001,VBYM P 105.5 12/22/2025 P 105.5,2025-12-22 00:00:00,0.03607,112.421875,105.5,P,0.182987072,-0.001450656,0.000638517,0.001965631,-0.000751584,-2.24783E-05,1000.0000,CBoT 10y Monday Call Options P 105.5 Dec-2025,VBYM P 105.5 12/22/2025,USD,0,-0.000764638,-0.000284008,0.001399046,-0.002733018,0.000942407,0.000299606,9.50265E-05,VY4W1055X25
2025-12-16 00:00:00,0.001,VBYM P 105.5 12/22/2025 P 105.5,2025-12-22 00:00:00,0.036157,112.515625,105.5,P,0.169036795,-0.001433555,0.000695553,0.001919922,-0.000673962,-2.66808E-05,1000.0000,CBoT 10y Monday Call Options P 105.5 Dec-2025,VBYM P 105.5 12/22/2025,USD,0,-0.000819751,-0.000330602,0.001154592,-0.002641179,0.000999926,0.000352577,0.000121486,VY4W1055X25
2025-12-15 00:00:00,0.001,VBYM P 105.5 12/22/2025 P 105.5,2025-12-22 00:00:00,0.036259,112.28125,105.5,P,0.151882518,-0.001477034,0.000775335,0.002037177,-0.000606258,-3.20007E-05,1000.0000,CBoT 10y Monday Call Options P 105.5 Dec-2025,VBYM P 105.5 12/22/2025,USD,0,-0.000934841,-0.000416373,0.001014039,-0.002878736,0.001170441,0.000432052,0.000164188,VY4W1055X25
2025-12-12 00:00:00,0.001,VBYM P 105.5 12/22/2025 P 105.5,2025-12-22 00:00:00,0.03623,112.171875,105.5,P,0.125268574,-0.001498219,0.000952927,0.002095549,-0.000463635,-4.63289E-05,1000.0000,CBoT 10y Monday Call Options P 105.5 Dec-2025,VBYM P 105.5 12/22/2025,USD,0,-0.001146624,-0.000616871,0.000718031,-0.002999387,0.001453554,0.000631821,0.000289828,VY4W1055X25
2025-12-11 00:00:00,0.001,VBYM P 105.5 12/22/2025 P 105.5,2025-12-22 00:00:00,0.036223,112.453125,105.5,P,0.123866986,-0.001444783,0.000971302,0.001949864,-0.000431341,-4.92794E-05,1000.0000,CBoT 10y Monday Call Options P 105.5 Dec-2025,VBYM P 105.5 12/22/2025,USD,0,-0.001125728,-0.000618239,0.000633677,-0.002701176,0.001382489,0.000654657,0.000307061,VY4W1055X25
2025-12-10 00:00:00,0.001,VBYM P 105.5 12/22/2025 P 105.5,2025-12-22 00:00:00,0.03625,112.21875,105.5,P,0.11506416,-0.001488988,0.001048234,0.002070006,-0.000400164,-5.52837E-05,1000.0000,CBoT 10y Monday Call Options P 105.5 Dec-2025,VBYM P 105.5 12/22/2025,USD,0,-0.001241991,-0.000728563,0.000595305,-0.002946365,0.001565944,0.000750469,0.000375468,VY4W1055X25
2025-12-09 00:00:00,0.001,VBYM P 105.5 12/22/2025 P 105.5,2025-12-22 00:00:00,0.036278,112.09375,105.5,P,0.108735362,-0.001513721,0.001113488,0.002138783,-0.000373485,-6.08173E-05,1000.0000,CBoT 10y Monday Call Options P 105.5 Dec-2025,VBYM P 105.5 12/22/2025,USD,0,-0.001332017,-0.000823297,0.000556916,-0.003089754,0.001703818,0.000835363,0.00044003,VY4W1055X25
2025-12-17 00:00:00,6.765625,VBYM C 105.75 12/22/2025 C 105.75,2025-12-22 00:00:00,0.03607,112.421875,105.75,C,0.326849776,0.946745827,0.014159192,0.025025824,-0.041534543,0.013653328,1000.0000,CBoT 10y Monday Call Options C 105.75 Dec-2025,VBYM C 105.75 12/22/2025,USD,0,-0.005203311,-8.48769E-05,0.01710057,-0.010587475,0.001340548,0.001108052,-1.5025E-05,VY4W10575L25
2025-12-16 00:00:00,6.765625,VBYM C 105.75 12/22/2025 C 105.75,2025-12-22 00:00:00,0.036157,112.515625,105.75,C,0.187136923,0.9947017,0.00199845,0.005072398,-0.00171508,0.017285562,1000.0000,CBoT 10y Monday Call Options C 105.75 Dec-2025,VBYM C 105.75 12/22/2025,USD,0,-0.0018825,-0.000469877,0.003034246,-0.005489539,0.001732351,0.000705166,0.000138678,VY4W10575L25
2025-12-15 00:00:00,6.53125,VBYM C 105.75 12/22/2025 C 105.75,2025-12-22 00:00:00,0.036259,112.28125,105.75,C,0.170350826,0.993955143,0.002418058,0.005796937,-0.001709181,0.020150648,1000.0000,CBoT 10y Monday Call Options C 105.75 Dec-2025,VBYM C 105.75 12/22/2025,USD,0,-0.002279161,-0.000594549,0.002872003,-0.006271211,0.002083562,0.000904456,0.000183336,VY4W10575L25
2025-12-12 00:00:00,6.421875,VBYM C 105.75 12/22/2025 C 105.75,2025-12-22 00:00:00,0.03623,112.171875,105.75,C,0.146071828,0.991880828,0.003725634,0.007299278,-0.001719314,0.028723056,1000.0000,CBoT 10y Monday Call Options C 105.75 Dec-2025,VBYM C 105.75 12/22/2025,USD,0,-0.003288161,-0.000885894,0.002499993,-0.007397788,0.002772033,0.001496013,0.000301649,VY4W10575L25
2025-12-11 00:00:00,6.703125,VBYM C 105.75 12/22/2025 C 105.75,2025-12-22 00:00:00,0.036223,112.453125,105.75,C,0.146853175,0.991230999,0.004178553,0.007373413,-0.001790868,0.031572645,1000.0000,CBoT 10y Monday Call Options C 105.75 Dec-2025,VBYM C 105.75 12/22/2025,USD,0,-0.003451716,-0.000893374,0.002402441,-0.007009276,0.002716652,0.001633039,0.000312631,VY4W10575L25
2025-12-10 00:00:00,6.46875,VBYM C 105.75 12/22/2025 C 105.75,2025-12-22 00:00:00,0.03625,112.21875,105.75,C,0.137286346,0.990566681,0.004639536,0.008054046,-0.001722034,0.034419038,1000.0000,CBoT 10y Monday Call Options C 105.75 Dec-2025,VBYM C 105.75 12/22/2025,USD,0,-0.003888314,-0.001041764,0.002322597,-0.00775734,0.003086751,0.001896896,0.000371484,VY4W10575L25
2025-12-09 00:00:00,6.34375,VBYM C 105.75 12/22/2025 C 105.75,2025-12-22 00:00:00,0.036278,112.09375,105.75,C,0.130723293,0.989916174,0.005107438,0.008610256,-0.001680125,0.037261725,1000.0000,CBoT 10y Monday Call Options C 105.75 Dec-2025,VBYM C 105.75 12/22/2025,USD,0,-0.004278795,-0.001167117,0.00224969,-0.008284643,0.00337869,0.002148653,0.000423425,VY4W10575L25
2025-12-17 00:00:00,0.001,VBYM P 105.75 12/22/2025 P 105.75,2025-12-22 00:00:00,0.03607,112.421875,105.75,P,0.176742472,-0.001498448,0.000658568,0.002096172,-0.000749769,-2.32144E-05,1000.0000,CBoT 10y Monday Call Options P 105.75 Dec-2025,VBYM P 105.75 12/22/2025,USD,0,-0.000812877,-0.000309991,0.00143655,-0.003007415,0.001032931,0.000317443,0.000103222,VY4W10575X25
2025-12-16 00:00:00,0.001,VBYM P 105.75 12/22/2025 P 105.75,2025-12-22 00:00:00,0.036157,112.515625,105.75,P,0.163341853,-0.00148017,0.00071728,0.002045742,-0.000672082,-2.75431E-05,1000.0000,CBoT 10y Monday Call Options P 105.75 Dec-2025,VBYM P 105.75 12/22/2025,USD,0,-0.000870792,-0.000360457,0.00118516,-0.0029028,0.001094706,0.000373297,0.00013183,VY4W10575X25
2025-12-15 00:00:00,0.001,VBYM P 105.75 12/22/2025 P 105.75,2025-12-22 00:00:00,0.036259,112.28125,105.75,P,0.146596826,-0.001526679,0.000800624,0.002175247,-0.000604301,-3.30701E-05,1000.0000,CBoT 10y Monday Call Options P 105.75 Dec-2025,VBYM P 105.75 12/22/2025,USD,0,-0.00099501,-0.000455234,0.001041743,-0.003173782,0.001285178,0.000458288,0.000178627,VY4W10575X25
2025-12-12 00:00:00,0.001,VBYM P 105.75 12/22/2025 P 105.75,2025-12-22 00:00:00,0.03623,112.171875,105.75,P,0.120840844,-0.001549379,0.000985327,0.002239883,-0.000461828,-4.79024E-05,1000.0000,CBoT 10y Monday Call Options P 105.75 Dec-2025,VBYM P 105.75 12/22/2025,USD,0,-0.001221604,-0.000675363,0.000737945,-0.003311867,0.001598358,0.000670793,0.000315712,VY4W10575X25
2025-12-11 00:00:00,0.001,VBYM P 105.75 12/22/2025 P 105.75,2025-12-22 00:00:00,0.036223,112.453125,105.75,P,0.119658079,-0.001492174,0.001003153,0.00207878,-0.000429687,-5.08869E-05,1000.0000,CBoT 10y Monday Call Options P 105.75 Dec-2025,VBYM P 105.75 12/22/2025,USD,0,-0.001196433,-0.000674552,0.000650592,-0.002971148,0.001514694,0.000693462,0.000333428,VY4W10575X25
2025-12-10 00:00:00,0.001,VBYM P 105.75 12/22/2025 P 105.75,2025-12-22 00:00:00,0.03625,112.21875,105.75,P,0.111024241,-0.001539487,0.001084164,0.002211593,-0.000398523,-5.7149E-05,1000.0000,CBoT 10y Monday Call Options P 105.75 Dec-2025,VBYM P 105.75 12/22/2025,USD,0,-0.001322654,-0.000797175,0.000611708,-0.003251165,0.001720864,0.000796448,0.000408778,VY4W10575X25
2025-12-09 00:00:00,0.001,VBYM P 105.75 12/22/2025 P 105.75,2025-12-22 00:00:00,0.036278,112.09375,105.75,P,0.10484852,-0.001566008,0.001152736,0.002287827,-0.000371884,-6.29077E-05,1000.0000,CBoT 10y Monday Call Options P 105.75 Dec-2025,VBYM P 105.75 12/22/2025,USD,0,-0.001420131,-0.000902264,0.000572531,-0.00341549,0.001875548,0.000887479,0.000479773,VY4W10575X25
2025-12-17 00:00:00,6.515625,VBYM C 106 12/22/2025 C 106,2025-12-22 00:00:00,0.03607,112.421875,106,C,0.316686684,0.945334496,0.01445811,0.026374894,-0.041203166,0.013665839,1000.0000,CBoT 10y Monday Call Options C 106 Dec-2025,VBYM C 106 12/22/2025,USD,0,-0.005442902,-8.49571E-05,0.017330367,-0.011423969,0.001421238,0.001149781,-1.75217E-05,VY4W106L25
2025-12-16 00:00:00,6.515625,VBYM C 106 12/22/2025 C 106,2025-12-22 00:00:00,0.036157,112.515625,106,C,0.180011111,0.994695499,0.002002657,0.005279388,-0.00165171,0.017326543,1000.0000,CBoT 10y Monday Call Options C 106 Dec-2025,VBYM C 106 12/22/2025,USD,0,-0.00195967,-0.000508544,0.003038221,-0.005938687,0.001874428,0.000733945,0.000150053,VY4W106L25
2025-12-15 00:00:00,6.28125,VBYM C 106 12/22/2025 C 106,2025-12-22 00:00:00,0.036259,112.28125,106,C,0.163638507,0.993948064,0.002423446,0.006041817,-0.001643763,0.020198441,1000.0000,CBoT 10y Monday Call Options C 106 Dec-2025,VBYM C 106 12/22/2025,USD,0,-0.002375879,-0.00064526,0.002875776,-0.006803002,0.002260667,0.000942667,0.000198922,VY4W106L25
2025-12-12 00:00:00,6.171875,VBYM C 106 12/22/2025 C 106,2025-12-22 00:00:00,0.03623,112.171875,106,C,0.140221011,0.99187132,0.003734275,0.007612788,-0.001652388,0.028791254,1000.0000,CBoT 10y Monday Call Options C 106 Dec-2025,VBYM C 106 12/22/2025,USD,0,-0.00343008,-0.000962797,0.0025033,-0.008035888,0.003011746,0.001560276,0.000327739,VY4W106L25
2025-12-11 00:00:00,6.453125,VBYM C 106 12/22/2025 C 106,2025-12-22 00:00:00,0.036223,112.453125,106,C,0.141210705,0.991220735,0.004187692,0.007677056,-0.001724083,0.031647636,1000.0000,CBoT 10y Monday Call Options C 106 Dec-2025,VBYM C 106 12/22/2025,USD,0,-0.003594601,-0.000967644,0.002405625,-0.007588011,0.002941568,0.001700299,0.000338519,VY4W106L25
2025-12-10 00:00:00,6.21875,VBYM C 106 12/22/2025 C 106,2025-12-22 00:00:00,0.03625,112.21875,106,C,0.131826107,0.990555636,0.0046502,0.008397511,-0.001655489,0.034500818,1000.0000,CBoT 10y Monday Call Options C 106 Dec-2025,VBYM C 106 12/22/2025,USD,0,-0.004054984,-0.001131558,0.00232568,-0.008421438,0.003351715,0.001977801,0.000403377,VY4W106L25
2025-12-09 00:00:00,6.09375,VBYM C 106 12/22/2025 C 106,2025-12-22 00:00:00,0.036278,112.09375,106,C,0.125424624,0.989904365,0.005119502,0.008984562,-0.001613921,0.037350289,1000.0000,CBoT 10y Monday Call Options C 106 Dec-2025,VBYM C 106 12/22/2025,USD,0,-0.00446576,-0.00126974,0.002252682,-0.009008117,0.003674535,0.002242073,0.000460508,VY4W106L25
2025-12-17 00:00:00,0.001,VBYM P 106 12/22/2025 P 106,2025-12-22 00:00:00,0.03607,112.421875,106,P,0.170495782,-0.001549613,0.000680039,0.002240539,-0.000747873,-2.40025E-05,1000.0000,CBoT 10y Monday Call Options P 106 Dec-2025,VBYM P 106 12/22/2025,USD,0,-0.000866029,-0.000339383,0.001476389,-0.003320709,0.001135825,0.000337022,0.00011244,VY4W106X25
2025-12-16 00:00:00,0.001,VBYM P 106 12/22/2025 P 106,2025-12-22 00:00:00,0.036157,112.515625,106,P,0.15764525,-0.001530027,0.000740537,0.002184699,-0.000670122,-2.84655E-05,1000.0000,CBoT 10y Monday Call Options P 106 Dec-2025,VBYM P 106 12/22/2025,USD,0,-0.000926959,-0.000394171,0.001217605,-0.003200979,0.001202255,0.000396013,0.000143448,VY4W106X25
2025-12-15 00:00:00,0.001,VBYM P 106 12/22/2025 P 106,2025-12-22 00:00:00,0.036259,112.28125,106,P,0.141309007,-0.001579902,0.000827781,0.002328263,-0.000602259,-3.42165E-05,1000.0000,CBoT 10y Monday Call Options P 106 Dec-2025,VBYM P 106 12/22/2025,USD,0,-0.001061442,-0.000499302,0.001071209,-0.003511583,0.001415936,0.000487142,0.000194907,VY4W106X25
2025-12-12 00:00:00,0.001,VBYM P 106 12/22/2025 P 106,2025-12-22 00:00:00,0.03623,112.171875,106,P,0.116411093,-0.001604292,0.001020233,0.002400114,-0.000459946,-4.95914E-05,1000.0000,CBoT 10y Monday Call Options P 106 Dec-2025,VBYM P 106 12/22/2025,USD,0,-0.001304526,-0.000741826,0.000759147,-0.003670426,0.001763734,0.000713722,0.000344952,VY4W106X25
2025-12-11 00:00:00,0.001,VBYM P 106 12/22/2025 P 106,2025-12-22 00:00:00,0.036223,112.453125,106,P,0.115447823,-0.001542892,0.001037371,0.002221285,-0.000427966,-5.26073E-05,1000.0000,CBoT 10y Monday Call Options P 106 Dec-2025,VBYM P 106 12/22/2025,USD,0,-0.001274307,-0.000738217,0.000668556,-0.003279207,0.001664877,0.00073604,0.000363071,VY4W106X25
2025-12-10 00:00:00,0.001,VBYM P 106 12/22/2025 P 106,2025-12-22 00:00:00,0.03625,112.21875,106,P,0.106982571,-0.001593663,0.001122894,0.002368659,-0.000396814,-5.91501E-05,1000.0000,CBoT 10y Monday Call Options P 106 Dec-2025,VBYM P 106 12/22/2025,USD,0,-0.001411796,-0.000875071,0.000629165,-0.003600573,0.00189763,0.000847059,0.000446375,VY4W106X25
2025-12-09 00:00:00,0.001,VBYM P 106 12/22/2025 P 106,2025-12-22 00:00:00,0.036278,112.09375,106,P,0.100959744,-0.001622179,0.001195134,0.002453494,-0.000370216,-6.51535E-05,1000.0000,CBoT 10y Monday Call Options P 106 Dec-2025,VBYM P 106 12/22/2025,USD,0,-0.001517692,-0.000992125,0.000589169,-0.003789869,0.002071984,0.000944951,0.00052473,VY4W106X25
2025-12-17 00:00:00,6.265625,VBYM C 106.25 12/22/2025 C 106.25,2025-12-22 00:00:00,0.03607,112.421875,106.25,C,0.306497094,0.943833796,0.014773305,0.02784662,-0.040859816,0.013676974,1000.0000,CBoT 10y Monday Call Options C 106.25 Dec-2025,VBYM C 106.25 12/22/2025,USD,0,-0.005701495,-8.44721E-05,0.017568188,-0.012357562,0.001508767,0.001194273,-2.03931E-05,VY4W10625L25
2025-12-16 00:00:00,6.265625,VBYM C 106.25 12/22/2025 C 106.25,2025-12-22 00:00:00,0.036157,112.515625,106.25,C,0.172902123,0.994689301,0.002007094,0.005502899,-0.001588339,0.017367524,1000.0000,CBoT 10y Monday Call Options C 106.25 Dec-2025,VBYM C 106.25 12/22/2025,USD,0,-0.002043,-0.000552013,0.003042193,-0.006443497,0.002034127,0.000765021,0.000162838,VY4W10625L25
2025-12-15 00:00:00,6.03125,VBYM C 106.25 12/22/2025 C 106.25,2025-12-22 00:00:00,0.036259,112.28125,106.25,C,0.156942036,0.99394099,0.002429163,0.006307003,-0.001578345,0.020246233,1000.0000,CBoT 10y Monday Call Options C 106.25 Dec-2025,VBYM C 106.25 12/22/2025,USD,0,-0.002480618,-0.000702516,0.002879546,-0.007403273,0.002460597,0.000984047,0.000216517,VY4W10625L25
2025-12-12 00:00:00,5.921875,VBYM C 106.25 12/22/2025 C 106.25,2025-12-22 00:00:00,0.03623,112.171875,106.25,C,0.134384012,0.991861818,0.003743475,0.007952774,-0.001585462,0.028859453,1000.0000,CBoT 10y Monday Call Options C 106.25 Dec-2025,VBYM C 106.25 12/22/2025,USD,0,-0.003583985,-0.001049808,0.002506604,-0.008757683,0.003282929,0.001629966,0.000357253,VY4W10625L25
2025-12-11 00:00:00,6.203125,VBYM C 106.25 12/22/2025 C 106.25,2025-12-22 00:00:00,0.036223,112.453125,106.25,C,0.135581559,0.991210479,0.004197361,0.008005179,-0.001657298,0.031722628,1000.0000,CBoT 10y Monday Call Options C 106.25 Dec-2025,VBYM C 106.25 12/22/2025,USD,0,-0.003749006,-0.001051233,0.002408805,-0.008239186,0.003194664,0.001772981,0.000367651,VY4W10625L25
2025-12-10 00:00:00,5.96875,VBYM C 106.25 12/22/2025 C 106.25,2025-12-22 00:00:00,0.03625,112.21875,106.25,C,0.126378763,0.990544599,0.004661542,0.008769754,-0.001588944,0.034582597,1000.0000,CBoT 10y Monday Call Options C 106.25 Dec-2025,VBYM C 106.25 12/22/2025,USD,0,-0.00423562,-0.001233063,0.002328761,-0.009171946,0.003651188,0.002065483,0.000439425,VY4W10625L25
2025-12-09 00:00:00,5.84375,VBYM C 106.25 12/22/2025 C 106.25,2025-12-22 00:00:00,0.036278,112.09375,106.25,C,0.120138468,0.989892563,0.005132372,0.0093909,-0.001547715,0.037438851,1000.0000,CBoT 10y Monday Call Options C 106.25 Dec-2025,VBYM C 106.25 12/22/2025,USD,0,-0.004668727,-0.001386036,0.002255671,-0.009827756,0.004009741,0.002343486,0.000502525,VY4W10625L25
2025-12-17 00:00:00,0.001,VBYM P 106.25 12/22/2025 P 106.25,2025-12-22 00:00:00,0.03607,112.421875,106.25,P,0.1642462,-0.00160453,0.000703094,0.002400806,-0.000745889,-2.48483E-05,1000.0000,CBoT 10y Monday Call Options P 106.25 Dec-2025,VBYM P 106.25 12/22/2025,USD,0,-0.00092481,-0.00037278,0.001518806,-0.003680201,0.001253337,0.000358588,0.000122853,VY4W10625X25
2025-12-16 00:00:00,0.001,VBYM P 106.25 12/22/2025 P 106.25,2025-12-22 00:00:00,0.036157,112.515625,106.25,P,0.151946276,-0.001583487,0.0007655,0.002338734,-0.000668075,-2.94545E-05,1000.0000,CBoT 10y Monday Call Options P 106.25 Dec-2025,VBYM P 106.25 12/22/2025,USD,0,-0.000988988,-0.000432414,0.001252118,-0.003542472,0.001324857,0.000421002,0.00015655,VY4W10625X25
2025-12-15 00:00:00,0.001,VBYM P 106.25 12/22/2025 P 106.25,2025-12-22 00:00:00,0.036259,112.28125,106.25,P,0.136018356,-0.001637119,0.000857032,0.002498519,-0.000600126,-3.54491E-05,1000.0000,CBoT 10y Monday Call Options P 106.25 Dec-2025,VBYM P 106.25 12/22/2025,USD,0,-0.001135069,-0.000549512,0.001102625,-0.003900348,0.001565696,0.00051899,0.000213343,VY4W10625X25
2025-12-12 00:00:00,0.001,VBYM P 106.25 12/22/2025 P 106.25,2025-12-22 00:00:00,0.03623,112.171875,106.25,P,0.111978706,-0.001663401,0.001057959,0.002578727,-0.000457981,-5.14095E-05,1000.0000,CBoT 10y Monday Call Options P 106.25 Dec-2025,VBYM P 106.25 12/22/2025,USD,0,-0.001396591,-0.000817718,0.000781777,-0.004084074,0.001953579,0.000761186,0.000378135,VY4W10625X25
2025-12-11 00:00:00,0.001,VBYM P 106.25 12/22/2025 P 106.25,2025-12-22 00:00:00,0.036223,112.453125,106.25,P,0.111235685,-0.001597311,0.001074242,0.002379406,-0.000426174,-5.44535E-05,1000.0000,CBoT 10y Monday Call Options P 106.25 Dec-2025,VBYM P 106.25 12/22/2025,USD,0,-0.001360387,-0.000810515,0.000687676,-0.003632463,0.00183629,0.000782919,0.000396538,VY4W10625X25
2025-12-10 00:00:00,0.001,VBYM P 106.25 12/22/2025 P 106.25,2025-12-22 00:00:00,0.03625,112.21875,106.25,P,0.102938601,-0.001651946,0.00116478,0.002543604,-0.000395031,-6.13032E-05,1000.0000,CBoT 10y Monday Call Options P 106.25 Dec-2025,VBYM P 106.25 12/22/2025,USD,0,-0.001510692,-0.000963931,0.000647788,-0.004003245,0.002100347,0.000902978,0.000489003,VY4W10625X25
2025-12-09 00:00:00,0.001,VBYM P 106.25 12/22/2025 P 106.25,2025-12-22 00:00:00,0.036278,112.09375,106.25,P,0.097068485,-0.001682698,0.001241095,0.002638416,-0.000368476,-6.75736E-05,1000.0000,CBoT 10y Monday Call Options P 106.25 Dec-2025,VBYM P 106.25 12/22/2025,USD,0,-0.001626152,-0.001094898,0.000606941,-0.004222534,0.002297865,0.001008574,0.000575825,VY4W10625X25
2025-12-17 00:00:00,6.015625,VBYM C 106.5 12/22/2025 C 106.5,2025-12-22 00:00:00,0.03607,112.421875,106.5,C,0.296278273,0.942234346,0.015106295,0.029457304,-0.040503506,0.013686588,1000.0000,CBoT 10y Monday Call Options C 106.5 Dec-2025,VBYM C 106.5 12/22/2025,USD,0,-0.005981324,-8.32626E-05,0.017814477,-0.013403573,0.001603859,0.001241804,-2.37058E-05,VY4W1065L25
2025-12-16 00:00:00,6.015625,VBYM C 106.5 12/22/2025 C 106.5,2025-12-22 00:00:00,0.036157,112.515625,106.5,C,0.165809878,0.994683107,0.002011802,0.005744992,-0.001524968,0.017408505,1000.0000,CBoT 10y Monday Call Options C 106.5 Dec-2025,VBYM C 106.5 12/22/2025,USD,0,-0.002133258,-0.000601105,0.00304616,-0.007013484,0.002214461,0.00079868,0.000177276,VY4W1065L25
2025-12-15 00:00:00,5.78125,VBYM C 106.5 12/22/2025 C 106.5,2025-12-22 00:00:00,0.036259,112.28125,106.5,C,0.150261335,0.993933921,0.002435267,0.006595128,-0.001512925,0.020294025,1000.0000,CBoT 10y Monday Call Options C 106.5 Dec-2025,VBYM C 106.5 12/22/2025,USD,0,-0.002594417,-0.00076748,0.002883313,-0.008084211,0.002687416,0.001029005,0.000236478,VY4W1065L25
2025-12-12 00:00:00,5.671875,VBYM C 106.5 12/22/2025 C 106.5,2025-12-22 00:00:00,0.03623,112.171875,106.5,C,0.12856076,0.991852322,0.003753337,0.008322737,-0.001518535,0.028927651,1000.0000,CBoT 10y Monday Call Options C 106.5 Dec-2025,VBYM C 106.5 12/22/2025,USD,0,-0.003751461,-0.001148763,0.002509905,-0.009578355,0.003591291,0.0017058,0.000390814,VY4W1065L25
2025-12-11 00:00:00,5.953125,VBYM C 106.5 12/22/2025 C 106.5,2025-12-22 00:00:00,0.036223,112.453125,106.5,C,0.129965675,0.99120023,0.004207652,0.008360865,-0.001590511,0.031797619,1000.0000,CBoT 10y Monday Call Options C 106.5 Dec-2025,VBYM C 106.5 12/22/2025,USD,0,-0.003916383,-0.001145751,0.002411983,-0.008975315,0.003480808,0.001851767,0.000400587,VY4W1065L25
2025-12-10 00:00:00,5.71875,VBYM C 106.5 12/22/2025 C 106.5,2025-12-22 00:00:00,0.03625,112.21875,106.5,C,0.120944252,0.990533568,0.004673686,0.009174548,-0.001522397,0.034664376,1000.0000,CBoT 10y Monday Call Options C 106.5 Dec-2025,VBYM C 106.5 12/22/2025,USD,0,-0.004432053,-0.001348389,0.002331839,-0.010024412,0.00399138,0.002160833,0.000480374,VY4W1065L25
2025-12-09 00:00:00,5.59375,VBYM C 106.5 12/22/2025 C 106.5,2025-12-22 00:00:00,0.036278,112.09375,106.5,C,0.114864766,0.98988077,0.005146197,0.009833564,-0.001481509,0.037527413,1000.0000,CBoT 10y Monday Call Options C 106.5 Dec-2025,VBYM C 106.5 12/22/2025,USD,0,-0.004889842,-0.001518525,0.002258657,-0.010761253,0.004391553,0.002453965,0.000550384,VY4W1065L25
2025-12-17 00:00:00,0.001,VBYM P 106.5 12/22/2025 P 106.5,2025-12-22 00:00:00,0.03607,112.421875,106.5,P,0.157992867,-0.001663643,0.000727924,0.002579458,-0.000743809,-2.57588E-05,1000.0000,CBoT 10y Monday Call Options P 106.5 Dec-2025,VBYM P 106.5 12/22/2025,USD,0,-0.000990072,-0.000410914,0.00156408,-0.004094924,0.001388235,0.000382434,0.00013467,VY4W1065X25
2025-12-16 00:00:00,0.001,VBYM P 106.5 12/22/2025 P 106.5,2025-12-22 00:00:00,0.036157,112.515625,106.5,P,0.146244171,-0.00164097,0.000792374,0.002510167,-0.000665933,-3.05179E-05,1000.0000,CBoT 10y Monday Call Options P 106.5 Dec-2025,VBYM P 106.5 12/22/2025,USD,0,-0.001057752,-0.000476,0.001288921,-0.003935618,0.001465321,0.000448591,0.000171392,VY4W1065X25
2025-12-15 00:00:00,0.001,VBYM P 106.5 12/22/2025 P 106.5,2025-12-22 00:00:00,0.036259,112.28125,106.5,P,0.130724105,-0.001698812,0.000888642,0.002688775,-0.000597893,-3.67781E-05,1000.0000,CBoT 10y Monday Call Options P 106.5 Dec-2025,VBYM P 106.5 12/22/2025,USD,0,-0.001217009,-0.000607011,0.001136205,-0.004350289,0.001738143,0.000554284,0.000234323,VY4W1065X25
2025-12-12 00:00:00,0.001,VBYM P 106.5 12/22/2025 P 106.5,2025-12-22 00:00:00,0.03623,112.171875,106.5,P,0.107543016,-0.001727222,0.001098881,0.002778721,-0.000455926,-5.33727E-05,1000.0000,CBoT 10y Monday Call Options P 106.5 Dec-2025,VBYM P 106.5 12/22/2025,USD,0,-0.001499246,-0.000904834,0.000805996,-0.004564063,0.00217273,0.000813879,0.000415979,VY4W1065X25
2025-12-11 00:00:00,0.001,VBYM P 106.5 12/22/2025 P 106.5,2025-12-22 00:00:00,0.036223,112.453125,106.5,P,0.107021088,-0.001655867,0.001114103,0.002555573,-0.000424305,-5.64401E-05,1000.0000,CBoT 10y Monday Call Options P 106.5 Dec-2025,VBYM P 106.5 12/22/2025,USD,0,-0.00145591,-0.000893016,0.000708077,-0.004039708,0.002032932,0.000834725,0.000434495,VY4W1065X25
2025-12-10 00:00:00,0.001,VBYM P 106.5 12/22/2025 P 106.5,2025-12-22 00:00:00,0.03625,112.21875,106.5,P,0.09889173,-0.001714838,0.001210243,0.002739321,-0.00039317,-6.36268E-05,1000.0000,CBoT 10y Monday Call Options P 106.5 Dec-2025,VBYM P 106.5 12/22/2025,USD,0,-0.001620872,-0.00106583,0.000667708,-0.004469969,0.002334105,0.000965008,0.000537572,VY4W1065X25
2025-12-09 00:00:00,0.001,VBYM P 106.5 12/22/2025 P 106.5,2025-12-22 00:00:00,0.036278,112.09375,106.5,P,0.09317414,-0.001748108,0.001291107,0.002845781,-0.000366656,-7.01894E-05,1000.0000,CBoT 10y Monday Call Options P 106.5 Dec-2025,VBYM P 106.5 12/22/2025,USD,0,-0.001747258,-0.001213078,0.000625977,-0.004725556,0.002559094,0.001079301,0.000634193,VY4W1065X25
2025-12-17 00:00:00,5.765625,VBYM C 106.75 12/22/2025 C 106.75,2025-12-22 00:00:00,0.03607,112.421875,106.75,C,0.286027221,0.940525357,0.015458803,0.031226166,-0.04013312,0.013694516,1000.0000,CBoT 10y Monday Call Options C 106.75 Dec-2025,VBYM C 106.75 12/22/2025,USD,0,-0.006284982,-8.11254E-05,0.018069704,-0.014580445,0.001707321,0.001292683,-2.75408E-05,VY4W10675L25
2025-12-16 00:00:00,5.765625,VBYM C 106.75 12/22/2025 C 106.75,2025-12-22 00:00:00,0.036157,112.515625,106.75,C,0.158734299,0.994676917,0.002016829,0.006008085,-0.001461596,0.017449486,1000.0000,CBoT 10y Monday Call Options C 106.75 Dec-2025,VBYM C 106.75 12/22/2025,USD,0,-0.002231345,-0.000656824,0.003050125,-0.007660276,0.002419113,0.000835259,0.000193661,VY4W10675L25
2025-12-15 00:00:00,5.53125,VBYM C 106.75 12/22/2025 C 106.75,2025-12-22 00:00:00,0.036259,112.28125,106.75,C,0.143596331,0.993926856,0.00244183,0.006909303,-0.001447505,0.020341817,1000.0000,CBoT 10y Monday Call Options C 106.75 Dec-2025,VBYM C 106.75 12/22/2025,USD,0,-0.002718507,-0.000841589,0.002887076,-0.008860828,0.00294613,0.001078029,0.000259245,VY4W10675L25
2025-12-12 00:00:00,5.421875,VBYM C 106.75 12/22/2025 C 106.75,2025-12-22 00:00:00,0.03623,112.171875,106.75,C,0.122751192,0.991842832,0.003763986,0.008726823,-0.001451608,0.028995849,1000.0000,CBoT 10y Monday Call Options C 106.75 Dec-2025,VBYM C 106.75 12/22/2025,USD,0,-0.003934385,-0.001261935,0.002513203,-0.010516683,0.003943898,0.001788627,0.000429191,VY4W10675L25
2025-12-11 00:00:00,5.703125,VBYM C 106.75 12/22/2025 C 106.75,2025-12-22 00:00:00,0.036223,112.453125,106.75,C,0.12436299,0.991189987,0.004218677,0.008747742,-0.001523724,0.03187261,1000.0000,CBoT 10y Monday Call Options C 106.75 Dec-2025,VBYM C 106.75 12/22/2025,USD,0,-0.004098438,-0.001253173,0.002415158,-0.009811722,0.003805966,0.001937462,0.000438013,VY4W10675L25
2025-12-10 00:00:00,5.46875,VBYM C 106.75 12/22/2025 C 106.75,2025-12-22 00:00:00,0.03625,112.21875,106.75,C,0.115522512,0.990522545,0.004686783,0.009616358,-0.00145585,0.034746155,1000.0000,CBoT 10y Monday Call Options C 106.75 Dec-2025,VBYM C 106.75 12/22/2025,USD,0,-0.00464645,-0.00148014,0.002334914,-0.010998029,0.00437996,0.002264901,0.000527148,VY4W10675L25
2025-12-09 00:00:00,5.34375,VBYM C 106.75 12/22/2025 C 106.75,2025-12-22 00:00:00,0.036278,112.09375,106.75,C,0.109603457,0.989868983,0.005161161,0.010317655,-0.001415302,0.037615974,1000.0000,CBoT 10y Monday Call Options C 106.75 Dec-2025,VBYM C 106.75 12/22/2025,USD,0,-0.00513165,-0.001670329,0.002261641,-0.011830552,0.004828956,0.002574781,0.000605211,VY4W10675L25
2025-12-17 00:00:00,0.001,VBYM P 106.75 12/22/2025 P 106.75,2025-12-22 00:00:00,0.03607,112.421875,106.75,P,0.151734837,-0.001727469,0.000754754,0.002779496,-0.000741623,-2.67419E-05,1000.0000,CBoT 10y Monday Call Options P 106.75 Dec-2025,VBYM P 106.75 12/22/2025,USD,0,-0.001062841,-0.000454688,0.00161253,-0.004576159,0.001543956,0.000408906,0.000148147,VY4W10675X25
2025-12-16 00:00:00,0.001,VBYM P 106.75 12/22/2025 P 106.75,2025-12-22 00:00:00,0.036157,112.515625,106.75,P,0.140538102,-0.001702961,0.000821401,0.002701794,-0.000663689,-3.16648E-05,1000.0000,CBoT 10y Monday Call Options P 106.75 Dec-2025,VBYM P 106.75 12/22/2025,USD,0,-0.001134299,-0.00052593,0.001328267,-0.004390793,0.001627121,0.000479171,0.000188287,VY4W10675X25
2025-12-15 00:00:00,0.001,VBYM P 106.75 12/22/2025 P 106.75,2025-12-22 00:00:00,0.036259,112.28125,106.75,P,0.12542542,-0.001765547,0.000922925,0.002902378,-0.000595552,-3.82157E-05,1000.0000,CBoT 10y Monday Call Options P 106.75 Dec-2025,VBYM P 106.75 12/22/2025,USD,0,-0.001308607,-0.000673224,0.0011722,-0.004874218,0.001937877,0.000593561,0.000258321,VY4W10675X25
2025-12-12 00:00:00,0.001,VBYM P 106.75 12/22/2025 P 106.75,2025-12-22 00:00:00,0.03623,112.171875,106.75,P,0.103103297,-0.001796362,0.001143443,0.003003747,-0.000453774,-5.54997E-05,1000.0000,CBoT 10y Monday Call Options P 106.75 Dec-2025,VBYM P 106.75 12/22/2025,USD,0,-0.00161424,-0.001005411,0.000831989,-0.00512457,0.002427247,0.000872636,0.000459371,VY4W10675X25
2025-12-11 00:00:00,0.001,VBYM P 106.75 12/22/2025 P 106.75,2025-12-22 00:00:00,0.036223,112.453125,106.75,P,0.102803406,-0.001719066,0.001157351,0.002752713,-0.000422351,-5.85844E-05,1000.0000,CBoT 10y Monday Call Options P 106.75 Dec-2025,VBYM P 106.75 12/22/2025,USD,0,-0.001562361,-0.000987654,0.000729902,-0.004511908,0.002259765,0.000892209,0.000477756,VY4W10675X25
2025-12-10 00:00:00,0.001,VBYM P 106.75 12/22/2025 P 106.75,2025-12-22 00:00:00,0.03625,112.21875,106.75,P,0.094841307,-0.001782927,0.001259782,0.002959327,-0.000391221,-6.61426E-05,1000.0000,CBoT 10y Monday Call Options P 106.75 Dec-2025,VBYM P 106.75 12/22/2025,USD,0,-0.001744184,-0.001183342,0.000689076,-0.005014316,0.002605267,0.001034118,0.000593204,VY4W10675X25
2025-12-09 00:00:00,0.001,VBYM P 106.75 12/22/2025 P 106.75,2025-12-22 00:00:00,0.036278,112.09375,106.75,P,0.089276054,-0.001819048,0.001345757,0.003079475,-0.000364751,-7.30269E-05,1000.0000,CBoT 10y Monday Call Options P 106.75 Dec-2025,VBYM P 106.75 12/22/2025,USD,0,-0.001883129,-0.001349777,0.000646428,-0.005314189,0.002863087,0.001158283,0.000701237,VY4W10675X25
2025-12-16 00:00:00,5.515625,VBYM C 107 12/22/2025 C 107,2025-12-22 00:00:00,0.036157,112.515625,107,C,0.151675301,0.994670731,0.002022234,0.00629503,-0.001398224,0.017490467,1000.0000,CBoT 10y Monday Call Options C 107 Dec-2025,VBYM C 107 12/22/2025,USD,0,-0.002338327,-0.000720408,0.003054086,-0.008398209,0.002652624,0.000875154,0.000212357,VY4W107L25
2025-12-15 00:00:00,5.28125,VBYM C 107 12/22/2025 C 107,2025-12-22 00:00:00,0.036259,112.28125,107,C,0.136946949,0.993919794,0.002448942,0.007253227,-0.001382085,0.020389609,1000.0000,CBoT 10y Monday Call Options C 107 Dec-2025,VBYM C 107 12/22/2025,USD,0,-0.002854347,-0.000926629,0.002890836,-0.009751787,0.003242961,0.001131694,0.000285368,VY4W107L25
2025-12-12 00:00:00,5.171875,VBYM C 107 12/22/2025 C 107,2025-12-22 00:00:00,0.03623,112.171875,107,C,0.116955241,0.991833348,0.003775579,0.009169981,-0.001384679,0.029064046,1000.0000,CBoT 10y Monday Call Options C 107 Dec-2025,VBYM C 107 12/22/2025,USD,0,-0.004134997,-0.001392157,0.002516498,-0.01159611,0.004349568,0.001879463,0.000473343,VY4W107L25
2025-12-11 00:00:00,5.453125,VBYM C 107 12/22/2025 C 107,2025-12-22 00:00:00,0.036223,112.453125,107,C,0.118773439,0.991179751,0.004230575,0.009170096,-0.001456936,0.031947601,1000.0000,CBoT 10y Monday Call Options C 107 Dec-2025,VBYM C 107 12/22/2025,USD,0,-0.00429719,-0.001375938,0.00241833,-0.01076734,0.004177506,0.002031015,0.000480778,VY4W107L25
2025-12-10 00:00:00,5.21875,VBYM C 107 12/22/2025 C 107,2025-12-22 00:00:00,0.03625,112.21875,107,C,0.110113483,0.990511528,0.004701019,0.010100504,-0.001389302,0.034827932,1000.0000,CBoT 10y Monday Call Options C 107 Dec-2025,VBYM C 107 12/22/2025,USD,0,-0.004881393,-0.001631563,0.002337986,-0.012116715,0.004826486,0.00237894,0.000580896,VY4W107L25
2025-12-09 00:00:00,5.09375,VBYM C 107 12/22/2025 C 107,2025-12-22 00:00:00,0.036278,112.09375,107,C,0.104354482,0.989857204,0.005177494,0.01084927,-0.001349094,0.037704534,1000.0000,CBoT 10y Monday Call Options C 107 Dec-2025,VBYM C 107 12/22/2025,USD,0,-0.005397199,-0.001845362,0.002264622,-0.013063134,0.005333206,0.002707459,0.000668416,VY4W107L25
2025-12-17 00:00:00,0.001,VBYM P 107 12/22/2025 P 107,2025-12-22 00:00:00,0.03607,112.421875,107,P,0.145471089,-0.001796615,0.000783851,0.003004571,-0.000739323,-2.78069E-05,1000.0000,CBoT 10y Monday Call Options P 107 Dec-2025,VBYM P 107 12/22/2025,USD,0,-0.001144358,-0.000505226,0.001664532,-0.005138118,0.001724807,0.000438425,0.0001636,VY4W107X25
2025-12-16 00:00:00,0.001,VBYM P 107 12/22/2025 P 107,2025-12-22 00:00:00,0.036157,112.515625,107,P,0.134827164,-0.001770033,0.000852863,0.002917,-0.000661332,-3.29057E-05,1000.0000,CBoT 10y Monday Call Options P 107 Dec-2025,VBYM P 107 12/22/2025,USD,0,-0.001219895,-0.000583447,0.001370449,-0.004921027,0.001814592,0.000513213,0.000207619,VY4W107X25
2025-12-15 00:00:00,0.001,VBYM P 107 12/22/2025 P 107,2025-12-22 00:00:00,0.036259,112.28125,107,P,0.120121386,-0.00183799,0.000960253,0.00314342,-0.00059309,-3.97764E-05,1000.0000,CBoT 10y Monday Call Options P 107 Dec-2025,VBYM P 107 12/22/2025,USD,0,-0.001411502,-0.000749932,0.0012109,-0.00548837,0.002170689,0.000637475,0.000285926,VY4W107X25
2025-12-12 00:00:00,0.001,VBYM P 107 12/22/2025 P 107,2025-12-22 00:00:00,0.03623,112.171875,107,P,0.098658749,-0.001871538,0.001192177,0.003258283,-0.000451513,-5.78126E-05,1000.0000,CBoT 10y Monday Call Options P 107 Dec-2025,VBYM P 107 12/22/2025,USD,0,-0.00174371,-0.001122257,0.000859976,-0.005783638,0.002724794,0.000938472,0.000509417,VY4W107X25
2025-12-11 00:00:00,0.001,VBYM P 107 12/22/2025 P 107,2025-12-22 00:00:00,0.036223,112.453125,107,P,0.098581955,-0.001787502,0.001204458,0.002974388,-0.000420305,-6.09066E-05,1000.0000,CBoT 10y Monday Call Options P 107 Dec-2025,VBYM P 107 12/22/2025,USD,0,-0.001681536,-0.001096833,0.000753318,-0.005062863,0.002522995,0.000956271,0.000527324,VY4W107X25
2025-12-10 00:00:00,0.001,VBYM P 107 12/22/2025 P 107,2025-12-22 00:00:00,0.03625,112.21875,107,P,0.090786614,-0.001856908,0.001313998,0.003207927,-0.000389178,-6.88765E-05,1000.0000,CBoT 10y Monday Call Options P 107 Dec-2025,VBYM P 107 12/22/2025,USD,0,-0.001882884,-0.001319696,0.000712068,-0.005653523,0.002921866,0.001111481,0.000657293,VY4W107X25
2025-12-09 00:00:00,0.001,VBYM P 107 12/22/2025 P 107,2025-12-22 00:00:00,0.036278,112.09375,107,P,0.085373501,-0.001896275,0.001405747,0.00334428,-0.00036275,-7.61162E-05,1000.0000,CBoT 10y Monday Call Options P 107 Dec-2025,VBYM P 107 12/22/2025,USD,0,-0.002036361,-0.001508917,0.00066847,-0.006007918,0.003219254,0.001246922,0.000778711,VY4W107X25
2025-12-17 00:00:00,5.265625,VBYM C 107.25 12/22/2025 C 107.25,2025-12-22 00:00:00,0.03607,112.421875,107.25,C,0.26541489,0.936726773,0.01623053,0.035334131,-0.039344918,0.013704509,1000.0000,CBoT 10y Monday Call Options C 107.25 Dec-2025,VBYM C 107.25 12/22/2025,USD,0,-0.006976394,-7.2949E-05,0.018608958,-0.01742115,0.001942999,0.001405941,-3.71958E-05,VY4W10725L25
2025-12-16 00:00:00,5.265625,VBYM C 107.25 12/22/2025 C 107.25,2025-12-22 00:00:00,0.036157,112.515625,107.25,C,0.144632809,0.994664548,0.002028091,0.006609228,-0.001334852,0.017531448,1000.0000,CBoT 10y Monday Call Options C 107.25 Dec-2025,VBYM C 107.25 12/22/2025,USD,0,-0.002455469,-0.000793398,0.003058043,-0.009245114,0.002920643,0.000918838,0.000233815,VY4W10725L25
2025-12-15 00:00:00,5.03125,VBYM C 107.25 12/22/2025 C 107.25,2025-12-22 00:00:00,0.036259,112.28125,107.25,C,0.130313112,0.993912737,0.002456715,0.007631336,-0.001316664,0.020437401,1000.0000,CBoT 10y Monday Call Options C 107.25 Dec-2025,VBYM C 107.25 12/22/2025,USD,0,-0.003003689,-0.001024841,0.002894593,-0.010780518,0.003585725,0.001190692,0.000315532,VY4W10725L25
2025-12-12 00:00:00,4.921875,VBYM C 107.25 12/22/2025 C 107.25,2025-12-22 00:00:00,0.03623,112.171875,107.25,C,0.111172844,0.991823868,0.003788312,0.009658165,-0.00131775,0.029132243,1000.0000,CBoT 10y Monday Call Options C 107.25 Dec-2025,VBYM C 107.25 12/22/2025,USD,0,-0.004355993,-0.001543007,0.00251979,-0.012846205,0.004819425,0.001979528,0.000524481,VY4W10725L25
2025-12-11 00:00:00,5.203125,VBYM C 107.25 12/22/2025 C 107.25,2025-12-22 00:00:00,0.036223,112.453125,107.25,C,0.113196961,0.991169521,0.004243518,0.009633044,-0.001390147,0.032022591,1000.0000,CBoT 10y Monday Call Options C 107.25 Dec-2025,VBYM C 107.25 12/22/2025,USD,0,-0.004515046,-0.001517087,0.002421499,-0.011865777,0.004604618,0.002133559,0.000529939,VY4W10725L25
2025-12-10 00:00:00,4.96875,VBYM C 107.25 12/22/2025 C 107.25,2025-12-22 00:00:00,0.03625,112.21875,107.25,C,0.104717104,0.990500517,0.00471663,0.010633376,-0.001322753,0.034909709,1000.0000,CBoT 10y Monday Call Options C 107.25 Dec-2025,VBYM C 107.25 12/22/2025,USD,0,-0.005139983,-0.001806744,0.002341056,-0.013410578,0.005342989,0.002504456,0.000643068,VY4W10725L25
2025-12-09 00:00:00,4.84375,VBYM C 107.25 12/22/2025 C 107.25,2025-12-22 00:00:00,0.036278,112.09375,107.25,C,0.099117783,0.989845431,0.005195487,0.01143577,-0.001282885,0.037793092,1000.0000,CBoT 10y Monday Call Options C 107.25 Dec-2025,VBYM C 107.25 12/22/2025,USD,0,-0.005690165,-0.002048576,0.0022676,-0.014493778,0.005918545,0.002853832,0.000741787,VY4W10725L25
2025-12-17 00:00:00,0.001,VBYM P 107.25 12/22/2025 P 107.25,2025-12-22 00:00:00,0.03607,112.421875,107.25,P,0.139200493,-0.001871797,0.000815531,0.003259162,-0.000736895,-2.8965E-05,1000.0000,CBoT 10y Monday Call Options P 107.25 Dec-2025,VBYM P 107.25 12/22/2025,USD,0,-0.001236136,-0.000563939,0.001720522,-0.005798893,0.001936233,0.0004715,0.000181422,VY4W10725X25
2025-12-16 00:00:00,0.001,VBYM P 107.25 12/22/2025 P 107.25,2025-12-22 00:00:00,0.036157,112.515625,107.25,P,0.129110367,-0.001842857,0.000887098,0.003159932,-0.000658852,-3.42531E-05,1000.0000,CBoT 10y Monday Call Options P 107.25 Dec-2025,VBYM P 107.25 12/22/2025,USD,0,-0.001316078,-0.000650107,0.001415811,-0.005542837,0.002033201,0.000551285,0.000229865,VY4W10725X25
2025-12-15 00:00:00,0.001,VBYM P 107.25 12/22/2025 P 107.25,2025-12-22 00:00:00,0.036259,112.28125,107.25,P,0.114810994,-0.001916931,0.001001072,0.003416945,-0.000590497,-4.14771E-05,1000.0000,CBoT 10y Monday Call Options P 107.25 Dec-2025,VBYM P 107.25 12/22/2025,USD,0,-0.001527706,-0.000839386,0.001252648,-0.006213534,0.002443948,0.000686823,0.000317876,VY4W10725X25
2025-12-12 00:00:00,0.001,VBYM P 107.25 12/22/2025 P 107.25,2025-12-22 00:00:00,0.03623,112.171875,107.25,P,0.094208489,-0.001953606,0.001245727,0.003547874,-0.000449134,-6.03377E-05,1000.0000,CBoT 10y Monday Call Options P 107.25 Dec-2025,VBYM P 107.25 12/22/2025,USD,0,-0.00189029,-0.001258937,0.000890213,-0.006564487,0.003075169,0.001012631,0.000567507,VY4W10725X25
2025-12-11 00:00:00,0.001,VBYM P 107.25 12/22/2025 P 107.25,2025-12-22 00:00:00,0.036223,112.453125,107.25,P,0.094355983,-0.001861878,0.001255989,0.00322496,-0.000418158,-6.34306E-05,1000.0000,CBoT 10y Monday Call Options P 107.25 Dec-2025,VBYM P 107.25 12/22/2025,USD,0,-0.001815624,-0.001223568,0.00077852,-0.005710115,0.002830462,0.001028005,0.000584449,VY4W10725X25
2025-12-10 00:00:00,0.001,VBYM P 107.25 12/22/2025 P 107.25,2025-12-22 00:00:00,0.03625,112.21875,107.25,P,0.086726863,-0.001937608,0.001373613,0.003490446,-0.000387029,-7.18591E-05,1000.0000,CBoT 10y Monday Call Options P 107.25 Dec-2025,VBYM P 107.25 12/22/2025,USD,0,-0.002039743,-0.001478983,0.000736893,-0.006409724,0.003294151,0.001198533,0.000731592,VY4W10725X25
2025-12-09 00:00:00,0.001,VBYM P 107.25 12/22/2025 P 107.25,2025-12-22 00:00:00,0.036278,112.09375,107.25,P,0.081465683,-0.001980693,0.001471934,0.003646137,-0.000360646,-7.94939E-05,1000.0000,CBoT 10y Monday Call Options P 107.25 Dec-2025,VBYM P 107.25 12/22/2025,USD,0,-0.002210162,-0.001695494,0.000692312,-0.006831901,0.003639664,0.00134694,0.00086883,VY4W10725X25
2025-12-17 00:00:00,5.015625,VBYM C 107.5 12/22/2025 C 107.5,2025-12-22 00:00:00,0.03607,112.421875,107.5,C,0.255045901,0.934605625,0.016654605,0.037733336,-0.038924026,0.013706089,1000.0000,CBoT 10y Monday Call Options C 107.5 Dec-2025,VBYM C 107.5 12/22/2025,USD,0,-0.007371877,-6.61348E-05,0.018894028,-0.019145927,0.002077252,0.001469183,-4.3289E-05,VY4W1075L25
2025-12-16 00:00:00,5.015625,VBYM C 107.5 12/22/2025 C 107.5,2025-12-22 00:00:00,0.036157,112.515625,107.5,C,0.137606741,0.994658368,0.002034493,0.006954753,-0.001271478,0.017572429,1000.0000,CBoT 10y Monday Call Options C 107.5 Dec-2025,VBYM C 107.5 12/22/2025,USD,0,-0.002584291,-0.000877729,0.003061997,-0.010223391,0.003230264,0.000966877,0.000258604,VY4W1075L25
2025-12-15 00:00:00,4.78125,VBYM C 107.5 12/22/2025 C 107.5,2025-12-22 00:00:00,0.036259,112.28125,107.5,C,0.12369475,0.993905682,0.002465292,0.008048992,-0.001251243,0.020485193,1000.0000,CBoT 10y Monday Call Options C 107.5 Dec-2025,VBYM C 107.5 12/22/2025,USD,0,-0.003168652,-0.001139072,0.002898346,-0.011976761,0.003984339,0.001255861,0.000350612,VY4W1075L25
2025-12-12 00:00:00,4.671875,VBYM C 107.5 12/22/2025 C 107.5,2025-12-22 00:00:00,0.03623,112.171875,107.5,C,0.105403936,0.991814393,0.003802437,0.010198604,-0.00125082,0.029200439,1000.0000,CBoT 10y Monday Call Options C 107.5 Dec-2025,VBYM C 107.5 12/22/2025,USD,0,-0.004600646,-0.001719047,0.002523079,-0.014304683,0.00536766,0.002090302,0.000584149,VY4W1075L25
2025-12-11 00:00:00,4.953125,VBYM C 107.5 12/22/2025 C 107.5,2025-12-22 00:00:00,0.036223,112.453125,107.5,C,0.107633493,0.991159296,0.004257723,0.010142732,-0.001323358,0.03209758,1000.0000,CBoT 10y Monday Call Options C 107.5 Dec-2025,VBYM C 107.5 12/22/2025,USD,0,-0.004754898,-0.001680452,0.002424665,-0.013136768,0.005098875,0.002246455,0.000586829,VY4W1075L25
2025-12-10 00:00:00,4.71875,VBYM C 107.5 12/22/2025 C 107.5,2025-12-22 00:00:00,0.03625,112.21875,107.5,C,0.099333314,0.990489511,0.004733916,0.011222719,-0.001256204,0.034991484,1000.0000,CBoT 10y Monday Call Options C 107.5 Dec-2025,VBYM C 107.5 12/22/2025,USD,0,-0.005425978,-0.002010886,0.002344122,-0.014917939,0.005944781,0.002643272,0.000715506,VY4W1075L25
2025-12-09 00:00:00,4.59375,VBYM C 107.5 12/22/2025 C 107.5,2025-12-22 00:00:00,0.036278,112.09375,107.5,C,0.0938933,0.989833663,0.005215509,0.012086115,-0.001216676,0.037881649,1000.0000,CBoT 10y Monday Call Options C 107.5 Dec-2025,VBYM C 107.5 12/22/2025,USD,0,-0.006015025,-0.002286315,0.002270576,-0.016167012,0.006603212,0.003016139,0.000827607,VY4W1075L25
2025-12-17 00:00:00,0.001,VBYM P 107.5 12/22/2025 P 107.5,2025-12-22 00:00:00,0.03607,112.421875,107.5,P,0.132921807,-0.001953871,0.000850172,0.003548816,-0.000734326,-3.02292E-05,1000.0000,CBoT 10y Monday Call Options P 107.5 Dec-2025,VBYM P 107.5 12/22/2025,USD,0,-0.001340042,-0.000632618,0.001781015,-0.006581762,0.002185196,0.000508757,0.000202109,VY4W1075X25
2025-12-16 00:00:00,0.001,VBYM P 107.5 12/22/2025 P 107.5,2025-12-22 00:00:00,0.036157,112.515625,107.5,P,0.123386614,-0.001922235,0.000924511,0.003435701,-0.000656236,-3.57217E-05,1000.0000,CBoT 10y Monday Call Options P 107.5 Dec-2025,VBYM P 107.5 12/22/2025,USD,0,-0.001424738,-0.000727877,0.001464756,-0.006277391,0.002289905,0.000594082,0.000255623,VY4W1075X25
2025-12-15 00:00:00,0.001,VBYM P 107.5 12/22/2025 P 107.5,2025-12-22 00:00:00,0.036259,112.28125,107.5,P,0.10949313,-0.002003318,0.001045924,0.003729237,-0.000587759,-4.33383E-05,1000.0000,CBoT 10y Monday Call Options P 107.5 Dec-2025,VBYM P 107.5 12/22/2025,USD,0,-0.001659708,-0.000944457,0.001297848,-0.007076638,0.002767134,0.000742587,0.000355106,VY4W1075X25
2025-12-12 00:00:00,0.001,VBYM P 107.5 12/22/2025 P 107.5,2025-12-22 00:00:00,0.03623,112.171875,107.5,P,0.089751543,-0.002043592,0.001304877,0.003879461,-0.000446624,-6.31067E-05,1000.0000,CBoT 10y Monday Call Options P 107.5 Dec-2025,VBYM P 107.5 12/22/2025,USD,0,-0.002057255,-0.001420024,0.000923006,-0.007497356,0.003491045,0.001096649,0.000635409,VY4W1075X25
2025-12-11 00:00:00,0.001,VBYM P 107.5 12/22/2025 P 107.5,2025-12-22 00:00:00,0.036223,112.453125,107.5,P,0.090124661,-0.001943029,0.001312628,0.003509825,-0.0004159,-6.61849E-05,1000.0000,CBoT 10y Monday Call Options P 107.5 Dec-2025,VBYM P 107.5 12/22/2025,USD,0,-0.001967322,-0.001371683,0.000805736,-0.006476205,0.003192177,0.001108752,0.000650701,VY4W1075X25
2025-12-10 00:00:00,0.001,VBYM P 107.5 12/22/2025 P 107.5,2025-12-22 00:00:00,0.03625,112.21875,107.5,P,0.082661179,-0.002026018,0.001439513,0.003813533,-0.000384766,-7.51271E-05,1000.0000,CBoT 10y Monday Call Options P 107.5 Dec-2025,VBYM P 107.5 12/22/2025,USD,0,-0.002218204,-0.001666438,0.000763796,-0.007311679,0.003735346,0.001297048,0.000818322,VY4W1075X25
2025-12-09 00:00:00,0.001,VBYM P 107.5 12/22/2025 P 107.5,2025-12-22 00:00:00,0.036278,112.09375,107.5,P,0.077551715,-0.002073392,0.001545366,0.003992507,-0.000358426,-8.32036E-05,1000.0000,CBoT 10y Monday Call Options P 107.5 Dec-2025,VBYM P 107.5 12/22/2025,USD,0,-0.002408538,-0.00191594,0.000718203,-0.007819041,0.004139991,0.001460476,0.000974416,VY4W1075X25
2025-12-17 00:00:00,4.765625,VBYM C 107.75 12/22/2025 C 107.75,2025-12-22 00:00:00,0.03607,112.421875,107.75,C,0.244629149,0.932310798,0.017108045,0.040413521,-0.038482842,0.013704994,1000.0000,CBoT 10y Monday Call Options C 107.75 Dec-2025,VBYM C 107.75 12/22/2025,USD,0,-0.007806908,-5.67826E-05,0.019190105,-0.02112667,0.002223919,0.001537518,-5.04657E-05,VY4W10775L25
2025-12-16 00:00:00,4.765625,VBYM C 107.75 12/22/2025 C 107.75,2025-12-22 00:00:00,0.036157,112.515625,107.75,C,0.130597023,0.99465219,0.002041559,0.007336535,-0.001208105,0.01761341,1000.0000,CBoT 10y Monday Call Options C 107.75 Dec-2025,VBYM C 107.75 12/22/2025,USD,0,-0.002726632,-0.000975858,0.003065947,-0.011361494,0.003590502,0.001019956,0.000287446,VY4W10775L25
2025-12-15 00:00:00,4.53125,VBYM C 107.75 12/22/2025 C 107.75,2025-12-22 00:00:00,0.036259,112.28125,107.75,C,0.117091786,0.99389863,0.002474854,0.008512741,-0.001185821,0.020532985,1000.0000,CBoT 10y Monday Call Options C 107.75 Dec-2025,VBYM C 107.75 12/22/2025,USD,0,-0.003351821,-0.001272975,0.002902096,-0.013378708,0.004451541,0.001328222,0.000391728,VY4W10775L25
2025-12-12 00:00:00,4.421875,VBYM C 107.75 12/22/2025 C 107.75,2025-12-22 00:00:00,0.03623,112.171875,107.75,C,0.099648452,0.991804921,0.003818275,0.01080016,-0.00118389,0.029268635,1000.0000,CBoT 10y Monday Call Options C 107.75 Dec-2025,VBYM C 107.75 12/22/2025,USD,0,-0.004872967,-0.00192617,0.002526365,-0.016020257,0.0060126,0.002213603,0.000654342,VY4W10775L25
2025-12-11 00:00:00,4.703125,VBYM C 107.75 12/22/2025 C 107.75,2025-12-22 00:00:00,0.036223,112.453125,107.75,C,0.102082973,0.991149076,0.004273464,0.010706613,-0.001256567,0.032172568,1000.0000,CBoT 10y Monday Call Options C 107.75 Dec-2025,VBYM C 107.75 12/22/2025,USD,0,-0.005020254,-0.001870914,0.002427828,-0.014618188,0.005675022,0.002371354,0.000653144,VY4W10775L25
2025-12-10 00:00:00,4.46875,VBYM C 107.75 12/22/2025 C 107.75,2025-12-22 00:00:00,0.03625,112.21875,107.75,C,0.093962053,0.990478511,0.00475326,0.011878011,-0.001189654,0.035073258,1000.0000,CBoT 10y Monday Call Options C 107.75 Dec-2025,VBYM C 107.75 12/22/2025,USD,0,-0.005743979,-0.002250693,0.002347186,-0.016688169,0.006651595,0.002797621,0.000800586,VY4W10775L25
2025-12-09 00:00:00,4.34375,VBYM C 107.75 12/22/2025 C 107.75,2025-12-22 00:00:00,0.036278,112.09375,107.75,C,0.088680975,0.989821901,0.00523804,0.012811328,-0.001150466,0.037970203,1000.0000,CBoT 10y Monday Call Options C 107.75 Dec-2025,VBYM C 107.75 12/22/2025,USD,0,-0.006377284,-0.002566803,0.002273548,-0.018140587,0.007410861,0.003197129,0.000928843,VY4W10775L25
2025-12-17 00:00:00,0.001,VBYM P 107.75 12/22/2025 P 107.75,2025-12-22 00:00:00,0.03607,112.421875,107.75,P,0.12663365,-0.002043865,0.000888234,0.003880475,-0.000731601,-3.16154E-05,1000.0000,CBoT 10y Monday Call Options P 107.75 Dec-2025,VBYM P 107.75 12/22/2025,USD,0,-0.001458399,-0.00071356,0.001846622,-0.007517041,0.002480701,0.000550966,0.000226291,VY4W10775X25
2025-12-16 00:00:00,0.001,VBYM P 107.75 12/22/2025 P 107.75,2025-12-22 00:00:00,0.036157,112.515625,107.75,P,0.117654701,-0.002009124,0.000965589,0.003750683,-0.000653468,-3.73293E-05,1000.0000,CBoT 10y Monday Call Options P 107.75 Dec-2025,VBYM P 107.75 12/22/2025,USD,0,-0.001548219,-0.000819267,0.001517761,-0.007152127,0.002593663,0.000642461,0.00028565,VY4W10775X25
2025-12-15 00:00:00,0.001,VBYM P 107.75 12/22/2025 P 107.75,2025-12-22 00:00:00,0.036259,112.28125,107.75,P,0.104166553,-0.002098294,0.001095469,0.00408821,-0.000584858,-4.53846E-05,1000.0000,CBoT 10y Monday Call Options P 107.75 Dec-2025,VBYM P 107.75 12/22/2025,USD,0,-0.001810626,-0.001068858,0.001346982,-0.00811301,0.003152593,0.000805988,0.00039881,VY4W10775X25
2025-12-12 00:00:00,0.001,VBYM P 107.75 12/22/2025 P 107.75,2025-12-22 00:00:00,0.03623,112.171875,107.75,P,0.085286816,-0.002142742,0.001370595,0.004261828,-0.000443968,-6.61582E-05,1000.0000,CBoT 10y Monday Call Options P 107.75 Dec-2025,VBYM P 107.75 12/22/2025,USD,0,-0.002248727,-0.001611459,0.000958721,-0.008622152,0.00398902,0.00119245,0.000715395,VY4W10775X25
2025-12-11 00:00:00,0.001,VBYM P 107.75 12/22/2025 P 107.75,2025-12-22 00:00:00,0.036223,112.453125,107.75,P,0.085887076,-0.00203196,0.001375207,0.003835728,-0.00041352,-6.92036E-05,1000.0000,CBoT 10y Monday Call Options P 107.75 Dec-2025,VBYM P 107.75 12/22/2025,USD,0,-0.00213998,-0.001546075,0.000835238,-0.007390442,0.003621064,0.001200165,0.000728073,VY4W10775X25
2025-12-10 00:00:00,0.001,VBYM P 107.75 12/22/2025 P 107.75,2025-12-22 00:00:00,0.03625,112.21875,107.75,P,0.078588587,-0.002123339,0.001512787,0.004185582,-0.000382374,-7.87252E-05,1000.0000,CBoT 10y Monday Call Options P 107.75 Dec-2025,VBYM P 107.75 12/22/2025,USD,0,-0.00242259,-0.001888849,0.000793072,-0.008397243,0.004262733,0.001409238,0.000920332,VY4W10775X25
2025-12-09 00:00:00,0.001,VBYM P 107.75 12/22/2025 P 107.75,2025-12-22 00:00:00,0.036278,112.09375,107.75,P,0.073630602,-0.002175699,0.001627347,0.004392866,-0.000356078,-8.72987E-05,1000.0000,CBoT 10y Monday Call Options P 107.75 Dec-2025,VBYM P 107.75 12/22/2025,USD,0,-0.002636545,-0.002178645,0.000746439,-0.009012947,0.004740852,0.001590212,0.001099114,VY4W10775X25
2025-12-16 00:00:00,4.515625,VBYM C 108 12/22/2025 C 108,2025-12-22 00:00:00,0.036157,112.515625,108,C,0.123603577,0.994646014,0.002049438,0.007760598,-0.001144731,0.01765439,1000.0000,CBoT 10y Monday Call Options C 108 Dec-2025,VBYM C 108 12/22/2025,USD,0,-0.002884736,-0.001090946,0.003069894,-0.012695992,0.00401294,0.001078913,0.000321267,VY4W108L25
2025-12-15 00:00:00,4.28125,VBYM C 108 12/22/2025 C 108,2025-12-22 00:00:00,0.036259,112.28125,108,C,0.110504149,0.993891579,0.002485637,0.009030657,-0.001120398,0.020580776,1000.0000,CBoT 10y Monday Call Options C 108 Dec-2025,VBYM C 108 12/22/2025,USD,0,-0.003556385,-0.001431308,0.002905843,-0.015036059,0.005003907,0.001409034,0.000440338,VY4W108L25
2025-12-12 00:00:00,4.171875,VBYM C 108 12/22/2025 C 108,2025-12-22 00:00:00,0.03623,112.171875,108,C,0.093906329,0.991795452,0.003836247,0.011473823,-0.001116959,0.029336829,1000.0000,CBoT 10y Monday Call Options C 108 Dec-2025,VBYM C 108 12/22/2025,USD,0,-0.00517793,-0.002172095,0.002529648,-0.018056711,0.006778245,0.002351683,0.000737672,VY4W108L25
2025-12-11 00:00:00,4.453125,VBYM C 108 12/22/2025 C 108,2025-12-22 00:00:00,0.036223,112.453125,108,C,0.09654534,0.99113886,0.004291096,0.011333816,-0.001189777,0.032247555,1000.0000,CBoT 10y Monday Call Options C 108 Dec-2025,VBYM C 108 12/22/2025,USD,0,-0.005315409,-0.002094765,0.002430989,-0.016358873,0.00635207,0.002510277,0.000731074,VY4W108L25
2025-12-10 00:00:00,4.21875,VBYM C 108 12/22/2025 C 108,2025-12-22 00:00:00,0.03625,112.21875,108,C,0.088603263,0.990467513,0.004775163,0.012610977,-0.001123103,0.035155029,1000.0000,CBoT 10y Monday Call Options C 108 Dec-2025,VBYM C 108 12/22/2025,USD,0,-0.006099674,-0.002534918,0.002350248,-0.018785741,0.007489195,0.002970264,0.000901408,VY4W108L25
2025-12-09 00:00:00,4.09375,VBYM C 108 12/22/2025 C 108,2025-12-22 00:00:00,0.036278,112.09375,108,C,0.083480752,0.989810141,0.005263707,0.013625128,-0.001084255,0.038058753,1000.0000,CBoT 10y Monday Call Options C 108 Dec-2025,VBYM C 108 12/22/2025,USD,0,-0.006783795,-0.002900864,0.002276519,-0.02049047,0.008372608,0.003400226,0.001049395,VY4W108L25
2025-12-17 00:00:00,0.001,VBYM P 108 12/22/2025 P 108,2025-12-22 00:00:00,0.03607,112.421875,108,P,0.120334484,-0.002143023,0.00093028,0.004262925,-0.000728701,-3.31428E-05,1000.0000,CBoT 10y Monday Call Options P 108 Dec-2025,VBYM P 108 12/22/2025,USD,0,-0.001594128,-0.000809752,0.001918074,-0.008644741,0.002834542,0.000599096,0.000254776,VY4W108X25
2025-12-16 00:00:00,0.001,VBYM P 108 12/22/2025 P 108,2025-12-22 00:00:00,0.036157,112.515625,108,P,0.111913279,-0.002104681,0.001010929,0.004112908,-0.000650532,-3.90974E-05,1000.0000,CBoT 10y Monday Call Options P 108 Dec-2025,VBYM P 108 12/22/2025,USD,0,-0.001689454,-0.000927526,0.001575395,-0.008203072,0.00295615,0.000697488,0.000320916,VY4W108X25
2025-12-15 00:00:00,0.001,VBYM P 108 12/22/2025 P 108,2025-12-22 00:00:00,0.036259,112.28125,108,P,0.098829879,-0.002203255,0.001150522,0.004503948,-0.000581776,-4.76463E-05,1000.0000,CBoT 10y Monday Call Options P 108 Dec-2025,VBYM P 108 12/22/2025,USD,0,-0.00198441,-0.001217447,0.001400631,-0.00936965,0.003616629,0.000878564,0.000450535,VY4W108X25
2025-12-12 00:00:00,0.001,VBYM P 108 12/22/2025 P 108,2025-12-22 00:00:00,0.03623,112.171875,108,P,0.080813089,-0.002252585,0.001444087,0.004706232,-0.000441149,-6.95392E-05,1000.0000,CBoT 10y Monday Call Options P 108 Dec-2025,VBYM P 108 12/22/2025,USD,0,-0.002469955,-0.001841067,0.0009978,-0.009992325,0.00459115,0.001302467,0.000810428,VY4W108X25
2025-12-11 00:00:00,0.001,VBYM P 108 12/22/2025 P 108,2025-12-22 00:00:00,0.036223,112.453125,108,P,0.081642201,-0.002129885,0.001444753,0.004211193,-0.000411004,-7.25281E-05,1000.0000,CBoT 10y Monday Call Options P 108 Dec-2025,VBYM P 108 12/22/2025,USD,0,-0.002337805,-0.001753096,0.00086735,-0.008491441,0.004134028,0.001304311,0.000819122,VY4W108X25
2025-12-10 00:00:00,0.001,VBYM P 108 12/22/2025 P 108,2025-12-22 00:00:00,0.03625,112.21875,108,P,0.074507998,-0.002231041,0.001594793,0.004617328,-0.000379839,-8.27079E-05,1000.0000,CBoT 10y Monday Call Options P 108 Dec-2025,VBYM P 108 12/22/2025,USD,0,-0.002658392,-0.002155126,0.000825076,-0.009716971,0.004899208,0.001537897,0.001041328,VY4W108X25
2025-12-09 00:00:00,0.001,VBYM P 108 12/22/2025 P 108,2025-12-22 00:00:00,0.036278,112.09375,108,P,0.069701233,-0.002289245,0.001719512,0.00485941,-0.000353585,-9.18448E-05,1000.0000,CBoT 10y Monday Call Options P 108 Dec-2025,VBYM P 108 12/22/2025,USD,0,-0.002900649,-0.002494709,0.000777383,-0.010472316,0.005469771,0.001739557,0.001247694,VY4W108X25
2025-12-17 00:00:00,4.265625,VBYM C 108.25 12/22/2025 C 108.25,2025-12-22 00:00:00,0.03607,112.421875,108.25,C,0.223631297,0.927099674,0.018117762,0.046824032,-0.037530471,0.013693233,1000.0000,CBoT 10y Monday Call Options C 108.25 Dec-2025,VBYM C 108.25 12/22/2025,USD,0,-0.008820652,-2.71643E-05,0.019817356,-0.026080042,0.002559039,0.001692003,-6.90913E-05,VY4W10825L25
2025-12-16 00:00:00,4.265625,VBYM C 108.25 12/22/2025 C 108.25,2025-12-22 00:00:00,0.036157,112.515625,108.25,C,0.116626325,0.99463984,0.002058326,0.008234374,-0.001081357,0.017695371,1000.0000,CBoT 10y Monday Call Options C 108.25 Dec-2025,VBYM C 108.25 12/22/2025,USD,0,-0.003061375,-0.001227108,0.003073837,-0.014274512,0.004512669,0.001144781,0.000361277,VY4W10825L25
2025-12-15 00:00:00,4.03125,VBYM C 108.25 12/22/2025 C 108.25,2025-12-22 00:00:00,0.036259,112.28125,108.25,C,0.103931767,0.99388453,0.002497952,0.009612821,-0.001054976,0.020628567,1000.0000,CBoT 10y Monday Call Options C 108.25 Dec-2025,VBYM C 108.25 12/22/2025,USD,0,-0.003786325,-0.001620354,0.002909586,-0.017014446,0.005663329,0.001499869,0.00049837,VY4W10825L25
2025-12-12 00:00:00,3.921875,VBYM C 108.25 12/22/2025 C 108.25,2025-12-22 00:00:00,0.03623,112.171875,108.25,C,0.088177504,0.991785984,0.003856911,0.012233382,-0.001050028,0.029405022,1000.0000,CBoT 10y Monday Call Options C 108.25 Dec-2025,VBYM C 108.25 12/22/2025,USD,0,-0.005521779,-0.002467086,0.002532928,-0.020498856,0.007696509,0.002507367,0.000837613,VY4W10825L25
2025-12-11 00:00:00,4.203125,VBYM C 108.25 12/22/2025 C 108.25,2025-12-22 00:00:00,0.036223,112.453125,108.25,C,0.091020532,0.991128648,0.00431108,0.012035639,-0.001122985,0.032322541,1000.0000,CBoT 10y Monday Call Options C 108.25 Dec-2025,VBYM C 108.25 12/22/2025,USD,0,-0.005645681,-0.002360236,0.002434147,-0.018422653,0.007154869,0.002665728,0.000823477,VY4W10825L25
2025-12-10 00:00:00,3.96875,VBYM C 108.25 12/22/2025 C 108.25,2025-12-22 00:00:00,0.03625,112.21875,108.25,C,0.083256883,0.990456519,0.004800283,0.013436296,-0.001056551,0.035236798,1000.0000,CBoT 10y Monday Call Options C 108.25 Dec-2025,VBYM C 108.25 12/22/2025,USD,0,-0.006500187,-0.00287517,0.002353306,-0.021296125,0.008491744,0.003164659,0.001022086,VY4W10825L25
2025-12-09 00:00:00,3.84375,VBYM C 108.25 12/22/2025 C 108.25,2025-12-22 00:00:00,0.036278,112.09375,108.25,C,0.078292573,0.989798384,0.005293346,0.014544801,-0.001018044,0.0381473,1000.0000,CBoT 10y Monday Call Options C 108.25 Dec-2025,VBYM C 108.25 12/22/2025,USD,0,-0.007243193,-0.003302964,0.002279486,-0.023318196,0.009530047,0.003629743,0.001194476,VY4W10825L25
2025-12-17 00:00:00,0.001,VBYM P 108.25 12/22/2025 P 108.25,2025-12-22 00:00:00,0.03607,112.421875,108.25,P,0.114022583,-0.002252875,0.000977005,0.004707424,-0.000725603,-3.4835E-05,1000.0000,CBoT 10y Monday Call Options P 108.25 Dec-2025,VBYM P 108.25 12/22/2025,USD,0,-0.00175095,-0.000925125,0.001996256,-0.010018447,0.00326239,0.000654367,0.000288619,VY4W10825X25
2025-12-16 00:00:00,0.001,VBYM P 108.25 12/22/2025 P 108.25,2025-12-22 00:00:00,0.036157,112.515625,108.25,P,0.106160842,-0.00221032,0.001061267,0.004532619,-0.000647407,-4.10522E-05,1000.0000,CBoT 10y Monday Call Options P 108.25 Dec-2025,VBYM P 108.25 12/22/2025,USD,0,-0.001852165,-0.001056909,0.001638343,-0.009478201,0.003392797,0.000760507,0.000362677,VY4W10825X25
2025-12-15 00:00:00,0.001,VBYM P 108.25 12/22/2025 P 108.25,2025-12-22 00:00:00,0.036259,112.28125,108.25,P,0.093481538,-0.002319922,0.001212106,0.00498947,-0.00057849,-5.01603E-05,1000.0000,CBoT 10y Monday Call Options P 108.25 Dec-2025,VBYM P 108.25 12/22/2025,USD,0,-0.002186125,-0.001396673,0.001459501,-0.010910068,0.004181086,0.000962274,0.000512311,VY4W10825X25
2025-12-12 00:00:00,0.001,VBYM P 108.25 12/22/2025 P 108.25,2025-12-22 00:00:00,0.03623,112.171875,108.25,P,0.076328976,-0.002375013,0.001526878,0.005227298,-0.000438146,-7.33082E-05,1000.0000,CBoT 10y Monday Call Options P 108.25 Dec-2025,VBYM P 108.25 12/22/2025,USD,0,-0.002727714,-0.002119308,0.001040783,-0.011680628,0.005327205,0.001429819,0.000924418,VY4W10825X25
2025-12-11 00:00:00,0.001,VBYM P 108.25 12/22/2025 P 108.25,2025-12-22 00:00:00,0.036223,112.453125,108.25,P,0.077388892,-0.002238293,0.001522546,0.004647123,-0.000408335,-7.62091E-05,1000.0000,CBoT 10y Monday Call Options P 108.25 Dec-2025,VBYM P 108.25 12/22/2025,USD,0,-0.002566149,-0.002001097,0.000902466,-0.009830818,0.004753485,0.001423799,0.000927176,VY4W10825X25
2025-12-10 00:00:00,0.001,VBYM P 108.25 12/22/2025 P 108.25,2025-12-22 00:00:00,0.03625,112.21875,108.25,P,0.070418174,-0.00235094,0.001687247,0.005122678,-0.000377142,-8.71427E-05,1000.0000,CBoT 10y Monday Call Options P 108.25 Dec-2025,VBYM P 108.25 12/22/2025,USD,0,-0.002932679,-0.002477152,0.000860241,-0.01133946,0.005675579,0.001686595,0.00118619,VY4W10825X25
2025-12-09 00:00:00,0.001,VBYM P 108.25 12/22/2025 P 108.25,2025-12-22 00:00:00,0.036278,112.09375,108.25,P,0.06576234,-0.00241606,0.001823943,0.005408062,-0.00035093,-9.69238E-05,1000.0000,CBoT 10y Monday Call Options P 108.25 Dec-2025,VBYM P 108.25 12/22/2025,USD,0,-0.003209234,-0.002879047,0.000811478,-0.012277487,0.006364095,0.001912897,0.001426486,VY4W10825X25
2025-12-17 00:00:00,4.015625,VBYM C 108.5 12/22/2025 C 108.5,2025-12-22 00:00:00,0.03607,112.421875,108.5,C,0.213037866,0.924119883,0.018683131,0.050690699,-0.037013719,0.013681589,1000.0000,CBoT 10y Monday Call Options C 108.5 Dec-2025,VBYM C 108.5 12/22/2025,USD,0,-0.009415289,-4.5049E-06,0.020149454,-0.029204725,0.002749504,0.001779688,-8.12371E-05,VY4W1085L25
2025-12-16 00:00:00,4.015625,VBYM C 108.5 12/22/2025 C 108.5,2025-12-22 00:00:00,0.036157,112.515625,108.5,C,0.109665191,0.994633666,0.002068482,0.00876715,-0.001017982,0.017736352,1000.0000,CBoT 10y Monday Call Options C 108.5 Dec-2025,VBYM C 108.5 12/22/2025,USD,0,-0.003260012,-0.001389784,0.003077777,-0.016160011,0.005109634,0.001218852,0.000409072,VY4W1085L25
2025-12-15 00:00:00,3.78125,VBYM C 108.5 12/22/2025 C 108.5,2025-12-22 00:00:00,0.036259,112.28125,108.5,C,0.097374567,0.993877479,0.002512214,0.010271975,-0.000989552,0.020676358,1000.0000,CBoT 10y Monday Call Options C 108.5 Dec-2025,VBYM C 108.5 12/22/2025,USD,0,-0.004046675,-0.001848545,0.002913326,-0.019401963,0.006459193,0.001602717,0.000568409,VY4W1085L25
2025-12-12 00:00:00,3.671875,VBYM C 108.5 12/22/2025 C 108.5,2025-12-22 00:00:00,0.03623,112.171875,108.5,C,0.082461912,0.991776517,0.003881016,0.013096381,-0.000983096,0.029473213,1000.0000,CBoT 10y Monday Call Options C 108.5 Dec-2025,VBYM C 108.5 12/22/2025,USD,0,-0.005912455,-0.002825027,0.002536206,-0.023461422,0.008810566,0.002684251,0.000958864,VY4W1085L25
2025-12-11 00:00:00,3.953125,VBYM C 108.5 12/22/2025 C 108.5,2025-12-22 00:00:00,0.036223,112.453125,108.5,C,0.085508491,0.991118437,0.004334024,0.012826241,-0.001056193,0.032397524,1000.0000,CBoT 10y Monday Call Options C 108.5 Dec-2025,VBYM C 108.5 12/22/2025,USD,0,-0.006017732,-0.002678243,0.002437302,-0.020894233,0.008116398,0.002840841,0.000934151,VY4W1085L25
2025-12-10 00:00:00,3.71875,VBYM C 108.5 12/22/2025 C 108.5,2025-12-22 00:00:00,0.03625,112.21875,108.5,C,0.077922857,0.990445525,0.004829508,0.014372596,-0.000989999,0.035318563,1000.0000,CBoT 10y Monday Call Options C 108.5 Dec-2025,VBYM C 108.5 12/22/2025,USD,0,-0.006954557,-0.003287101,0.002356362,-0.024334555,0.009705298,0.003385192,0.001168162,VY4W1085L25
2025-12-09 00:00:00,3.59375,VBYM C 108.5 12/22/2025 C 108.5,2025-12-22 00:00:00,0.036278,112.09375,108.5,C,0.07311638,0.989786627,0.005328085,0.015592442,-0.000951832,0.038235841,1000.0000,CBoT 10y Monday Call Options C 108.5 Dec-2025,VBYM C 108.5 12/22/2025,USD,0,-0.007766513,-0.00379279,0.002282451,-0.026761918,0.010939772,0.003891194,0.00137118,VY4W1085L25
2025-12-17 00:00:00,0.001,VBYM P 108.5 12/22/2025 P 108.5,2025-12-22 00:00:00,0.03607,112.421875,108.5,P,0.107695998,-0.002375314,0.001029281,0.005228602,-0.000722282,-3.67211E-05,1000.0000,CBoT 10y Monday Call Options P 108.5 Dec-2025,VBYM P 108.5 12/22/2025,USD,0,-0.001933668,-0.001064935,0.002082249,-0.011711102,0.003785399,0.000718347,0.000329214,VY4W1085X25
2025-12-16 00:00:00,0.001,VBYM P 108.5 12/22/2025 P 108.5,2025-12-22 00:00:00,0.036157,112.515625,108.5,P,0.10039569,-0.002327786,0.001117522,0.005023053,-0.000644069,-4.32258E-05,1000.0000,CBoT 10y Monday Call Options P 108.5 Dec-2025,VBYM P 108.5 12/22/2025,USD,0,-0.002041127,-0.001213071,0.001707439,-0.011042408,0.003924302,0.00083323,0.000412583,VY4W1085X25
2025-12-15 00:00:00,0.001,VBYM P 108.5 12/22/2025 P 108.5,2025-12-22 00:00:00,0.036259,112.28125,108.5,P,0.088119756,-0.002450444,0.001281513,0.005561843,-0.000574972,-5.29731E-05,1000.0000,CBoT 10y Monday Call Options P 108.5 Dec-2025,VBYM P 108.5 12/22/2025,USD,0,-0.002422366,-0.00161524,0.001524459,-0.012821595,0.00487574,0.00105965,0.000586848,VY4W1085X25
2025-12-12 00:00:00,0.001,VBYM P 108.5 12/22/2025 P 108.5,2025-12-22 00:00:00,0.03623,112.171875,108.5,P,0.071832899,-0.002512404,0.001620922,0.005844334,-0.000434933,-7.75386E-05,1000.0000,CBoT 10y Monday Call Options P 108.5 Dec-2025,VBYM P 108.5 12/22/2025,USD,0,-0.003030882,-0.002460402,0.001088336,-0.013787936,0.006238081,0.001578563,0.001062618,VY4W1085X25
2025-12-11 00:00:00,0.001,VBYM P 108.5 12/22/2025 P 108.5,2025-12-22 00:00:00,0.036223,112.453125,108.5,P,0.073125853,-0.002359025,0.001610204,0.005157662,-0.000405494,-8.03094E-05,1000.0000,CBoT 10y Monday Call Options P 108.5 Dec-2025,VBYM P 108.5 12/22/2025,USD,0,-0.002831905,-0.002301217,0.000941063,-0.011478683,0.005509631,0.00156197,0.001056623,VY4W1085X25
2025-12-10 00:00:00,0.001,VBYM P 108.5 12/22/2025 P 108.5,2025-12-22 00:00:00,0.03625,112.21875,108.5,P,0.066317716,-0.002485312,0.001792346,0.005719937,-0.000374264,-9.21142E-05,1000.0000,CBoT 10y Monday Call Options P 108.5 Dec-2025,VBYM P 108.5 12/22/2025,USD,0,-0.003254688,-0.002871023,0.000899101,-0.013359476,0.006634026,0.001859965,0.001361449,VY4W1085X25
2025-12-09 00:00:00,0.001,VBYM P 108.5 12/22/2025 P 108.5,2025-12-22 00:00:00,0.036278,112.09375,108.5,P,0.061812482,-0.002558705,0.001943332,0.006059949,-0.000348091,-0.000102639,1000.0000,CBoT 10y Monday Call Options P 108.5 Dec-2025,VBYM P 108.5 12/22/2025,USD,0,-0.003573344,-0.003352052,0.000849274,-0.014540538,0.007475442,0.002115968,0.001644035,VY4W1085X25
2025-12-17 00:00:00,3.765625,VBYM C 108.75 12/22/2025 C 108.75,2025-12-22 00:00:00,0.03607,112.421875,108.75,C,0.202371692,0.920836372,0.019296397,0.055119692,-0.03646534,0.013665267,1000.0000,CBoT 10y Monday Call Options C 108.75 Dec-2025,VBYM C 108.75 12/22/2025,USD,0,-0.010082099,2.57326E-05,0.020494314,-0.032901118,0.00295603,0.001875569,-9.59138E-05,VY4W10875L25
2025-12-16 00:00:00,3.765625,VBYM C 108.75 12/22/2025 C 108.75,2025-12-22 00:00:00,0.036157,112.515625,108.75,C,0.1027201,0.994627491,0.002080251,0.009370678,-0.000954607,0.017777332,1000.0000,CBoT 10y Monday Call Options C 108.75 Dec-2025,VBYM C 108.75 12/22/2025,USD,0,-0.003485026,-0.001586286,0.003081713,-0.018437086,0.005830638,0.001302757,0.000466797,VY4W10875L25
2025-12-15 00:00:00,3.53125,VBYM C 108.75 12/22/2025 C 108.75,2025-12-22 00:00:00,0.036259,112.28125,108.75,C,0.09083248,0.993870427,0.00252899,0.011024473,-0.000924129,0.020724148,1000.0000,CBoT 10y Monday Call Options C 108.75 Dec-2025,VBYM C 108.75 12/22/2025,USD,0,-0.004343891,-0.002127414,0.002917062,-0.022319056,0.007431675,0.001720128,0.000653991,VY4W10875L25
2025-12-12 00:00:00,3.421875,VBYM C 108.75 12/22/2025 C 108.75,2025-12-22 00:00:00,0.03623,112.171875,108.75,C,0.076759496,0.991767046,0.003909591,0.014085498,-0.000916164,0.029541401,1000.0000,CBoT 10y Monday Call Options C 108.75 Dec-2025,VBYM C 108.75 12/22/2025,USD,0,-0.006360222,-0.003265076,0.00253948,-0.027102662,0.010179968,0.002886983,0.001107905,VY4W10875L25
2025-12-11 00:00:00,3.703125,VBYM C 108.75 12/22/2025 C 108.75,2025-12-22 00:00:00,0.036223,112.453125,108.75,C,0.080009155,0.991108227,0.004360747,0.013723604,-0.000989401,0.032472505,1000.0000,CBoT 10y Monday Call Options C 108.75 Dec-2025,VBYM C 108.75 12/22/2025,USD,0,-0.006440024,-0.003063529,0.002440454,-0.023887936,0.009281167,0.003039599,0.001068218,VY4W10875L25
2025-12-10 00:00:00,3.46875,VBYM C 108.75 12/22/2025 C 108.75,2025-12-22 00:00:00,0.03625,112.21875,108.75,C,0.072601124,0.99043453,0.004864045,0.015443872,-0.000923447,0.035400323,1000.0000,CBoT 10y Monday Call Options C 108.75 Dec-2025,VBYM C 108.75 12/22/2025,USD,0,-0.007474429,-0.003792218,0.002359415,-0.02805936,0.011193145,0.003637514,0.001347256,VY4W10875L25
2025-12-09 00:00:00,3.34375,VBYM C 108.75 12/22/2025 C 108.75,2025-12-22 00:00:00,0.036278,112.09375,108.75,C,0.067952118,0.989774867,0.005369484,0.016796756,-0.00088562,0.038324375,1000.0000,CBoT 10y Monday Call Options C 108.75 Dec-2025,VBYM C 108.75 12/22/2025,USD,0,-0.008368096,-0.004397682,0.002285413,-0.03101346,0.01268037,0.004191742,0.001589358,VY4W10875L25
2025-12-17 00:00:00,0.001,VBYM P 108.75 12/22/2025 P 108.75,2025-12-22 00:00:00,0.03607,112.421875,108.75,P,0.101352499,-0.002512717,0.001088214,0.00584577,-0.000718706,-3.88378E-05,1000.0000,CBoT 10y Monday Call Options P 108.75 Dec-2025,VBYM P 108.75 12/22/2025,USD,0,-0.002148575,-0.001236327,0.002177387,-0.013823835,0.004432627,0.000793075,0.00037843,VY4W10875X25
2025-12-16 00:00:00,0.001,VBYM P 108.75 12/22/2025 P 108.75,2025-12-22 00:00:00,0.036157,112.515625,108.75,P,0.094615895,-0.002459259,0.001180861,0.005601578,-0.00064049,-4.56588E-05,1000.0000,CBoT 10y Monday Call Options P 108.75 Dec-2025,VBYM P 108.75 12/22/2025,USD,0,-0.002262564,-0.001403648,0.00178371,-0.01298503,0.004578909,0.000917872,0.000472837,VY4W10875X25
2025-12-15 00:00:00,0.001,VBYM P 108.75 12/22/2025 P 108.75,2025-12-22 00:00:00,0.036259,112.28125,108.75,P,0.082742501,-0.002597541,0.001360412,0.006243813,-0.000571189,-5.61434E-05,1000.0000,CBoT 10y Monday Call Options P 108.75 Dec-2025,VBYM P 108.75 12/22/2025,USD,0,-0.002701854,-0.001885105,0.001596586,-0.015226684,0.005741944,0.001174015,0.000677813,VY4W10875X25
2025-12-12 00:00:00,0.001,VBYM P 108.75 12/22/2025 P 108.75,2025-12-22 00:00:00,0.03623,112.171875,108.75,P,0.067323045,-0.002667789,0.001728765,0.006583276,-0.000431482,-8.23242E-05,1000.0000,CBoT 10y Monday Call Options P 108.75 Dec-2025,VBYM P 108.75 12/22/2025,USD,0,-0.003391293,-0.002884056,0.001141296,-0.016457019,0.007381092,0.001754063,0.001232205,VY4W10875X25
2025-12-11 00:00:00,0.001,VBYM P 108.75 12/22/2025 P 108.75,2025-12-22 00:00:00,0.036223,112.453125,108.75,P,0.068851609,-0.002494392,0.001709796,0.005761441,-0.00040246,-8.49078E-05,1000.0000,CBoT 10y Monday Call Options P 108.75 Dec-2025,VBYM P 108.75 12/22/2025,USD,0,-0.003144089,-0.002668573,0.000983732,-0.01353201,0.006443854,0.001723159,0.00121334,VY4W10875X25
2025-12-10 00:00:00,0.001,VBYM P 108.75 12/22/2025 P 108.75,2025-12-22 00:00:00,0.03625,112.21875,108.75,P,0.06220501,-0.002637049,0.001912952,0.006433607,-0.000371177,-9.773E-05,1000.0000,CBoT 10y Monday Call Options P 108.75 Dec-2025,VBYM P 108.75 12/22/2025,USD,0,-0.003636689,-0.003358965,0.000942323,-0.015910601,0.007833428,0.00206411,0.001575998,VY4W10875X25
2025-12-09 00:00:00,0.001,VBYM P 108.75 12/22/2025 P 108.75,2025-12-22 00:00:00,0.036278,112.09375,108.75,P,0.057849988,-0.002720458,0.002081209,0.006843624,-0.00034504,-0.000109122,1000.0000,CBoT 10y Monday Call Options P 108.75 Dec-2025,VBYM P 108.75 12/22/2025,USD,0,-0.004007783,-0.003942165,0.000891461,-0.017421212,0.008876634,0.002356395,0.001912086,VY4W10875X25
2025-12-17 00:00:00,3.515625,VBYM C 109 12/22/2025 C 109,2025-12-22 00:00:00,0.03607,112.421875,109,C,0.191624028,0.917196247,0.019964713,0.060234601,-0.035881038,0.013643453,1000.0000,CBoT 10y Monday Call Options C 109 Dec-2025,VBYM C 109 12/22/2025,USD,0,-0.010834438,6.61701E-05,0.020852026,-0.037316072,0.003178241,0.001980773,-0.000113797,VY4W109L25
2025-12-16 00:00:00,3.515625,VBYM C 109 12/22/2025 C 109,2025-12-22 00:00:00,0.036157,112.515625,109,C,0.095790977,0.994621313,0.002094104,0.010060054,-0.000891232,0.017818311,1000.0000,CBoT 10y Monday Call Options C 109 Dec-2025,VBYM C 109 12/22/2025,USD,0,-0.003742046,-0.001826625,0.003085646,-0.021221542,0.006712375,0.001398597,0.000537392,VY4W109L25
2025-12-15 00:00:00,3.28125,VBYM C 109 12/22/2025 C 109,2025-12-22 00:00:00,0.036259,112.28125,109,C,0.084305432,0.99386337,0.002549061,0.011891652,-0.000858705,0.020771937,1000.0000,CBoT 10y Monday Call Options C 109 Dec-2025,VBYM C 109 12/22/2025,USD,0,-0.004686402,-0.002473061,0.002920796,-0.025933882,0.008636872,0.00185543,0.000760054,VY4W109L25
2025-12-12 00:00:00,3.171875,VBYM C 109 12/22/2025 C 109,2025-12-22 00:00:00,0.03623,112.171875,109,C,0.071070189,0.991757569,0.003944073,0.015230552,-0.000849231,0.029609585,1000.0000,CBoT 10y Monday Call Options C 109 Dec-2025,VBYM C 109 12/22/2025,USD,0,-0.006878579,-0.00381425,0.002542752,-0.031645745,0.011888705,0.003121674,0.001293879,VY4W109L25
2025-12-11 00:00:00,3.453125,VBYM C 109 12/22/2025 C 109,2025-12-22 00:00:00,0.036223,112.453125,109,C,0.074522465,0.991098014,0.004392365,0.014750918,-0.000922608,0.032547481,1000.0000,CBoT 10y Monday Call Options C 109 Dec-2025,VBYM C 109 12/22/2025,USD,0,-0.006923469,-0.003536374,0.002443603,-0.027561051,0.01071042,0.003267138,0.001232728,VY4W109L25
2025-12-10 00:00:00,3.21875,VBYM C 109 12/22/2025 C 109,2025-12-22 00:00:00,0.03625,112.21875,109,C,0.067291628,0.99042353,0.004905578,0.016681579,-0.000856894,0.035482077,1000.0000,CBoT 10y Monday Call Options C 109 Dec-2025,VBYM C 109 12/22/2025,USD,0,-0.008075065,-0.004420726,0.002362465,-0.032692851,0.01304415,0.003929034,0.001570063,VY4W109L25
2025-12-09 00:00:00,3.09375,VBYM C 109 12/22/2025 C 109,2025-12-22 00:00:00,0.036278,112.09375,109,C,0.062799729,0.9897631,0.005419736,0.01819573,-0.000819407,0.038412899,1000.0000,CBoT 10y Monday Call Options C 109 Dec-2025,VBYM C 109 12/22/2025,USD,0,-0.009066912,-0.005156491,0.002288373,-0.036345393,0.014863513,0.004540865,0.001863008,VY4W109L25
2025-12-17 00:00:00,0.001,VBYM P 109 12/22/2025 P 109,2025-12-22 00:00:00,0.03607,112.421875,109,P,0.094989529,-0.002668115,0.001155235,0.00658487,-0.000714835,-4.12318E-05,1000.0000,CBoT 10y Monday Call Options P 109 Dec-2025,VBYM P 109 12/22/2025,USD,0,-0.002404061,-0.001449203,0.002283342,-0.016499787,0.005244801,0.000881244,0.000438824,VY4W109X25
2025-12-16 00:00:00,0.001,VBYM P 109 12/22/2025 P 109,2025-12-22 00:00:00,0.036157,112.515625,109,P,0.088819245,-0.002607501,0.001252781,0.006291366,-0.000636634,-4.84023E-05,1000.0000,CBoT 10y Monday Call Options P 109 Dec-2025,VBYM P 109 12/22/2025,USD,0,-0.002524714,-0.001639149,0.001868435,-0.015431496,0.00539589,0.001017346,0.000546429,VY4W109X25
2025-12-15 00:00:00,0.001,VBYM P 109 12/22/2025 P 109,2025-12-22 00:00:00,0.036259,112.28125,109,P,0.077347416,-0.002764711,0.001450983,0.007066268,-0.000567102,-5.97467E-05,1000.0000,CBoT 10y Monday Call Options P 109 Dec-2025,VBYM P 109 12/22/2025,USD,0,-0.003036339,-0.002223033,0.001677247,-0.018300886,0.00683837,0.001309807,0.000790279,VY4W109X25
2025-12-12 00:00:00,0.001,VBYM P 109 12/22/2025 P 109,2025-12-22 00:00:00,0.03623,112.171875,109,P,0.062797307,-0.002845093,0.001853785,0.007479674,-0.000427755,-8.77864E-05,1000.0000,CBoT 10y Monday Call Options P 109 Dec-2025,VBYM P 109 12/22/2025,USD,0,-0.003825031,-0.003418174,0.001200726,-0.019894756,0.008838397,0.001963546,0.001443185,VY4W109X25
2025-12-11 00:00:00,0.001,VBYM P 109 12/22/2025 P 109,2025-12-22 00:00:00,0.036223,112.453125,109,P,0.064564466,-0.00264733,0.001824018,0.006483431,-0.000399204,-9.01046E-05,1000.0000,CBoT 10y Monday Call Options P 109 Dec-2025,VBYM P 109 12/22/2025,USD,0,-0.003514693,-0.003124053,0.001031211,-0.016127676,0.007613999,0.001913087,0.001405342,VY4W109X25
2025-12-10 00:00:00,0.015625,VBYM P 109 12/22/2025 P 109,2025-12-22 00:00:00,0.03625,112.21875,109,P,0.082002747,-0.024694785,0.011862043,0.034661402,-0.003776367,-0.000916541,1000.0000,CBoT 10y Monday Call Options P 109 Dec-2025,VBYM P 109 12/22/2025,USD,0,-0.013751579,-0.003057563,0.004696161,-0.045800427,0.013427754,0.005497459,0.000556994,VY4W109X25
2025-12-09 00:00:00,0.001,VBYM P 109 12/22/2025 P 109,2025-12-22 00:00:00,0.036278,112.09375,109,P,0.053872917,-0.002905592,0.002242308,0.007798491,-0.000341745,-0.000116547,1000.0000,CBoT 10y Monday Call Options P 109 Dec-2025,VBYM P 109 12/22/2025,USD,0,-0.004532807,-0.004689957,0.000938925,-0.021152848,0.010672873,0.002644518,0.002247131,VY4W109X25
2025-12-17 00:00:00,3.265625,VBYM C 109.25 12/22/2025 C 109.25,2025-12-22 00:00:00,0.03607,112.421875,109.25,C,0.18078463,0.91313297,0.020696836,0.066196871,-0.035255588,0.013615123,1000.0000,CBoT 10y Monday Call Options C 109.25 Dec-2025,VBYM C 109.25 12/22/2025,USD,0,-0.011689097,0.000120514,0.021222329,-0.042646712,0.00341412,0.002096617,-0.000135789,VY4W10925L25
2025-12-16 00:00:00,3.265625,VBYM C 109.25 12/22/2025 C 109.25,2025-12-22 00:00:00,0.036157,112.515625,109.25,C,0.088877748,0.99461513,0.002110694,0.010854995,-0.000827856,0.017859291,1000.0000,CBoT 10y Monday Call Options C 109.25 Dec-2025,VBYM C 109.25 12/22/2025,USD,0,-0.004038422,-0.002124795,0.003089576,-0.024675283,0.007806145,0.001509111,0.000624962,VY4W10925L25
2025-12-15 00:00:00,3.03125,VBYM C 109.25 12/22/2025 C 109.25,2025-12-22 00:00:00,0.036259,112.28125,109.25,C,0.077793354,0.993856304,0.002573542,0.012901891,-0.000793281,0.020819725,1000.0000,CBoT 10y Monday Call Options C 109.25 Dec-2025,VBYM C 109.25 12/22/2025,USD,0,-0.005085415,-0.002908514,0.002924526,-0.030486896,0.010155002,0.002013051,0.000893655,VY4W10925L25
2025-12-12 00:00:00,2.921875,VBYM C 109.25 12/22/2025 C 109.25,2025-12-22 00:00:00,0.03623,112.171875,109.25,C,0.065393931,0.991748083,0.003986524,0.016571575,-0.000782297,0.029677764,1000.0000,CBoT 10y Monday Call Options C 109.25 Dec-2025,VBYM C 109.25 12/22/2025,USD,0,-0.007485645,-0.004511637,0.00254602,-0.037413516,0.014058282,0.003396526,0.00153001,VY4W10925L25
2025-12-11 00:00:00,3.203125,VBYM C 109.25 12/22/2025 C 109.25,2025-12-22 00:00:00,0.036223,112.453125,109.25,C,0.069048362,0.991087796,0.004430439,0.015938611,-0.000855814,0.032622453,1000.0000,CBoT 10y Monday Call Options C 109.25 Dec-2025,VBYM C 109.25 12/22/2025,USD,0,-0.007482385,-0.004125301,0.00244675,-0.032134734,0.012490275,0.003530196,0.001437592,VY4W10925L25
2025-12-10 00:00:00,2.984375,VBYM C 109.25 12/22/2025 C 109.25,2025-12-22 00:00:00,0.03625,112.21875,109.25,C,0.07923071,0.968342972,0.014084744,0.042739207,-0.004085142,0.034744335,1000.0000,CBoT 10y Monday Call Options C 109.25 Dec-2025,VBYM C 109.25 12/22/2025,USD,0,-0.016167288,-0.003010326,0.005433445,-0.055735625,0.015030382,0.006163034,0.000375654,VY4W10925L25
2025-12-09 00:00:00,2.859375,VBYM C 109.25 12/22/2025 C 109.25,2025-12-22 00:00:00,0.036278,112.09375,109.25,C,0.073596086,0.967097169,0.015098179,0.045627245,-0.003765596,0.037591243,1000.0000,CBoT 10y Monday Call Options C 109.25 Dec-2025,VBYM C 109.25 12/22/2025,USD,0,-0.017790655,-0.003421334,0.005131978,-0.061005041,0.016837467,0.006989141,0.000401527,VY4W10925L25
2025-12-17 00:00:00,0.001,VBYM P 109.25 12/22/2025 P 109.25,2025-12-22 00:00:00,0.03607,112.421875,109.25,P,0.088604115,-0.002845435,0.001232224,0.007481459,-0.000710622,-4.39637E-05,1000.0000,CBoT 10y Monday Call Options P 109.25 Dec-2025,VBYM P 109.25 12/22/2025,USD,0,-0.002711525,-0.001717586,0.002402242,-0.019946365,0.006280297,0.000986486,0.00051396,VY4W10925X25
2025-12-16 00:00:00,0.001,VBYM P 109.25 12/22/2025 P 109.25,2025-12-22 00:00:00,0.036157,112.515625,109.25,P,0.083003177,-0.002776066,0.001335243,0.007123928,-0.000632457,-5.15221E-05,1000.0000,CBoT 10y Monday Call Options P 109.25 Dec-2025,VBYM P 109.25 12/22/2025,USD,0,-0.002838692,-0.001934323,0.001963229,-0.018561891,0.006431049,0.001135544,0.000637493,VY4W10925X25
2025-12-15 00:00:00,0.001,VBYM P 109.25 12/22/2025 P 109.25,2025-12-22 00:00:00,0.036259,112.28125,109.25,P,0.07193175,-0.002956532,0.001556143,0.008072085,-0.000562658,-6.3882E-05,1000.0000,CBoT 10y Monday Call Options P 109.25 Dec-2025,VBYM P 109.25 12/22/2025,USD,0,-0.003441984,-0.002653085,0.001768192,-0.022302345,0.008250323,0.001473079,0.000931403,VY4W10925X25
2025-12-12 00:00:00,0.001,VBYM P 109.25 12/22/2025 P 109.25,2025-12-22 00:00:00,0.03623,112.171875,109.25,P,0.058253208,-0.003049498,0.002000559,0.008583385,-0.000423706,-9.40857E-05,1000.0000,CBoT 10y Monday Call Options P 109.25 Dec-2025,VBYM P 109.25 12/22/2025,USD,0,-0.004354448,-0.004103254,0.001268,-0.024409108,0.010730865,0.002216959,0.001709835,VY4W10925X25
2025-12-11 00:00:00,0.001,VBYM P 109.25 12/22/2025 P 109.25,2025-12-22 00:00:00,0.036223,112.453125,109.25,P,0.060262457,-0.002821636,0.001956442,0.007357765,-0.000395691,-9.60295E-05,1000.0000,CBoT 10y Monday Call Options P 109.25 Dec-2025,VBYM P 109.25 12/22/2025,USD,0,-0.003959972,-0.003697155,0.001084437,-0.0194634,0.009102742,0.002139443,0.001643773,VY4W10925X25
2025-12-10 00:00:00,0.015625,VBYM P 109.25 12/22/2025 P 109.25,2025-12-22 00:00:00,0.03625,112.21875,109.25,P,0.076551755,-0.026248021,0.012482726,0.039075422,-0.003718074,-0.000973907,1000.0000,CBoT 10y Monday Call Options P 109.25 Dec-2025,VBYM P 109.25 12/22/2025,USD,0,-0.015302546,-0.003445902,0.00487838,-0.054572713,0.015643647,0.006035993,0.000576375,VY4W10925X25
2025-12-09 00:00:00,0.015625,VBYM P 109.25 12/22/2025 P 109.25,2025-12-22 00:00:00,0.036278,112.09375,109.25,P,0.07099629,-0.027108036,0.013339342,0.041630565,-0.003419636,-0.001088355,1000.0000,CBoT 10y Monday Call Options P 109.25 Dec-2025,VBYM P 109.25 12/22/2025,USD,0,-0.016831078,-0.003961758,0.004593245,-0.059796876,0.017603048,0.006852517,0.000654495,VY4W10925X25
2025-12-17 00:00:00,3.015625,VBYM C 109.5 12/22/2025 C 109.5,2025-12-22 00:00:00,0.03607,112.421875,109.5,C,0.169841351,0.908561516,0.021503617,0.073221226,-0.034582551,0.013578966,1000.0000,CBoT 10y Monday Call Options C 109.5 Dec-2025,VBYM C 109.5 12/22/2025,USD,0,-0.012667465,0.000194105,0.021604379,-0.04916264,0.003658605,0.002224641,-0.000163121,VY4W1095L25
2025-12-16 00:00:00,3.015625,VBYM C 109.5 12/22/2025 C 109.5,2025-12-22 00:00:00,0.036157,112.515625,109.5,C,0.081980337,0.994608939,0.002130951,0.011781758,-0.00076448,0.017900269,1000.0000,CBoT 10y Monday Call Options C 109.5 Dec-2025,VBYM C 109.5 12/22/2025,USD,0,-0.004383942,-0.002500846,0.003093502,-0.029030196,0.009185429,0.00163795,0.000735391,VY4W1095L25
2025-12-15 00:00:00,2.78125,VBYM C 109.5 12/22/2025 C 109.5,2025-12-22 00:00:00,0.036259,112.28125,109.5,C,0.071296178,0.993849224,0.002604051,0.014093773,-0.000727856,0.020867511,1000.0000,CBoT 10y Monday Call Options C 109.5 Dec-2025,VBYM C 109.5 12/22/2025,USD,0,-0.005556164,-0.003467626,0.002928252,-0.036331586,0.012103996,0.00219901,0.001065175,VY4W1095L25
2025-12-12 00:00:00,2.671875,VBYM C 109.5 12/22/2025 C 109.5,2025-12-22 00:00:00,0.03623,112.171875,109.5,C,0.059730663,0.991738577,0.004039975,0.018163585,-0.000715364,0.029745936,1000.0000,CBoT 10y Monday Call Options C 109.5 Dec-2025,VBYM C 109.5 12/22/2025,USD,0,-0.008206323,-0.00541549,0.002549286,-0.044887046,0.016869764,0.003722814,0.001836003,VY4W1095L25
2025-12-11 00:00:00,2.953125,VBYM C 109.5 12/22/2025 C 109.5,2025-12-22 00:00:00,0.036223,112.453125,109.5,C,0.063586786,0.991077567,0.004477196,0.017327418,-0.00078902,0.032697419,1000.0000,CBoT 10y Monday Call Options C 109.5 Dec-2025,VBYM C 109.5 12/22/2025,USD,0,-0.00813594,-0.004871433,0.002449893,-0.037927838,0.014744893,0.003837795,0.001697103,VY4W1095L25
2025-12-10 00:00:00,2.734375,VBYM C 109.5 12/22/2025 C 109.5,2025-12-22 00:00:00,0.03625,112.21875,109.5,C,0.073393235,0.966662404,0.014720797,0.048233218,-0.003979363,0.034764445,1000.0000,CBoT 10y Monday Call Options C 109.5 Dec-2025,VBYM C 109.5 12/22/2025,USD,0,-0.018021851,-0.003411328,0.005607179,-0.067038686,0.017673734,0.006782543,0.000366369,VY4W1095L25
2025-12-09 00:00:00,2.625,VBYM C 109.5 12/22/2025 C 109.5,2025-12-22 00:00:00,0.036278,112.09375,109.5,C,0.076194054,0.947776592,0.022080879,0.064916178,-0.006010965,0.036903253,1000.0000,CBoT 10y Monday Call Options C 109.5 Dec-2025,VBYM C 109.5 12/22/2025,USD,0,-0.022259178,-0.001874654,0.006617344,-0.073823049,0.015763242,0.007700227,-0.000353212,VY4W1095L25
2025-12-17 00:00:00,0.001,VBYM P 109.5 12/22/2025 P 109.5,2025-12-22 00:00:00,0.03607,112.421875,109.5,P,0.08219276,-0.003049859,0.001321703,0.008585405,-0.000706006,-4.71133E-05,1000.0000,CBoT 10y Monday Call Options P 109.5 Dec-2025,VBYM P 109.5 12/22/2025,USD,0,-0.003086814,-0.002061824,0.002536836,-0.024472321,0.007625,0.001113799,0.000608922,VY4W1095X25
2025-12-16 00:00:00,0.001,VBYM P 109.5 12/22/2025 P 109.5,2025-12-22 00:00:00,0.036157,112.515625,109.5,P,0.077164695,-0.002969614,0.001430866,0.008143061,-0.000627906,-5.51046E-05,1000.0000,CBoT 10y Monday Call Options P 109.5 Dec-2025,VBYM P 109.5 12/22/2025,USD,0,-0.003219807,-0.002310374,0.002070168,-0.022641476,0.007765649,0.00127778,0.000751876,VY4W1095X25
2025-12-15 00:00:00,0.001,VBYM P 109.5 12/22/2025 P 109.5,2025-12-22 00:00:00,0.036259,112.28125,109.5,P,0.066492247,-0.003179121,0.001679878,0.009322275,-0.000557795,-6.86813E-05,1000.0000,CBoT 10y Monday Call Options P 109.5 Dec-2025,VBYM P 109.5 12/22/2025,USD,0,-0.003941571,-0.003210729,0.001871712,-0.027621931,0.010105367,0.001672272,0.001111551,VY4W1095X25
2025-12-12 00:00:00,0.001,VBYM P 109.5 12/22/2025 P 109.5,2025-12-22 00:00:00,0.03623,112.171875,109.5,P,0.053687794,-0.003288,0.002175438,0.009966229,-0.000419275,-0.000101439,1000.0000,CBoT 10y Monday Call Options P 109.5 Dec-2025,VBYM P 109.5 12/22/2025,USD,0,-0.005011416,-0.004999777,0.001344933,-0.030473083,0.013241738,0.002528344,0.002053078,VY4W1095X25
2025-12-11 00:00:00,0.001,VBYM P 109.5 12/22/2025 P 109.5,2025-12-22 00:00:00,0.036223,112.453125,109.5,P,0.055943277,-0.003022309,0.002111899,0.008432171,-0.000391881,-0.000102853,1000.0000,CBoT 10y Monday Call Options P 109.5 Dec-2025,VBYM P 109.5 12/22/2025,USD,0,-0.00450245,-0.004430547,0.001144617,-0.023832458,0.011031293,0.002412779,0.001944483,VY4W1095X25
2025-12-10 00:00:00,0.015625,VBYM P 109.5 12/22/2025 P 109.5,2025-12-22 00:00:00,0.03625,112.21875,109.5,P,0.071058204,-0.028035822,0.013185236,0.044475404,-0.003654759,-0.001039945,1000.0000,CBoT 10y Monday Call Options P 109.5 Dec-2025,VBYM P 109.5 12/22/2025,USD,0,-0.017167725,-0.003905723,0.005080164,-0.065930182,0.018425943,0.006671905,0.000585283,VY4W1095X25
2025-12-09 00:00:00,0.03125,VBYM P 109.5 12/22/2025 P 109.5,2025-12-22 00:00:00,0.036278,112.09375,109.5,P,0.07463883,-0.04749438,0.020897475,0.062672045,-0.00579432,-0.00190795,1000.0000,CBoT 10y Monday Call Options P 109.5 Dec-2025,VBYM P 109.5 12/22/2025,USD,0,-0.021941376,-0.002215557,0.006294044,-0.074258811,0.016585918,0.007747068,-0.000246911,VY4W1095X25
2025-12-17 00:00:00,2.765625,VBYM C 109.75 12/22/2025 C 109.75,2025-12-22 00:00:00,0.03607,112.421875,109.75,C,0.15877961,0.903371228,0.022398712,0.081599221,-0.033853872,0.013533278,1000.0000,CBoT 10y Monday Call Options C 109.75 Dec-2025,VBYM C 109.75 12/22/2025,USD,0,-0.013797184,0.000294801,0.021996388,-0.057240495,0.003900989,0.002366634,-0.000197494,VY4W10975L25
2025-12-16 00:00:00,2.765625,VBYM C 109.75 12/22/2025 C 109.75,2025-12-22 00:00:00,0.036157,112.515625,109.75,C,0.075098672,0.994602734,0.002156233,0.012876097,-0.000701104,0.017941247,1000.0000,CBoT 10y Monday Call Options C 109.75 Dec-2025,VBYM C 109.75 12/22/2025,USD,0,-0.004791933,-0.002984307,0.003097424,-0.034627816,0.010958456,0.001790082,0.000877345,VY4W10975L25
2025-12-15 00:00:00,2.53125,VBYM C 109.75 12/22/2025 C 109.75,2025-12-22 00:00:00,0.036259,112.28125,109.75,C,0.064813832,0.993842124,0.002643017,0.015521126,-0.000662431,0.020915294,1000.0000,CBoT 10y Monday Call Options C 109.75 Dec-2025,VBYM C 109.75 12/22/2025,USD,0,-0.006119907,-0.004201811,0.002931975,-0.044004711,0.014662937,0.002421702,0.001290372,VY4W10975L25
2025-12-12 00:00:00,2.421875,VBYM C 109.75 12/22/2025 C 109.75,2025-12-22 00:00:00,0.03623,112.171875,109.75,C,0.054080323,0.991729043,0.004109028,0.020084313,-0.00064843,0.029814098,1000.0000,CBoT 10y Monday Call Options C 109.75 Dec-2025,VBYM C 109.75 12/22/2025,USD,0,-0.009075793,-0.0066157,0.002552549,-0.054808575,0.020602526,0.004116466,0.002242266,VY4W10975L25
2025-12-11 00:00:00,2.703125,VBYM C 109.75 12/22/2025 C 109.75,2025-12-22 00:00:00,0.036223,112.453125,109.75,C,0.058137679,0.991067323,0.004535898,0.018973147,-0.000722226,0.032772374,1000.0000,CBoT 10y Monday Call Options C 109.75 Dec-2025,VBYM C 109.75 12/22/2025,USD,0,-0.008910391,-0.005835817,0.002453034,-0.045413596,0.017658567,0.004202291,0.002032472,VY4W10975L25
2025-12-10 00:00:00,2.484375,VBYM C 109.75 12/22/2025 C 109.75,2025-12-22 00:00:00,0.03625,112.21875,109.75,C,0.067524557,0.964697134,0.015451591,0.055051515,-0.003868698,0.034774027,1000.0000,CBoT 10y Monday Call Options C 109.75 Dec-2025,VBYM C 109.75 12/22/2025,USD,0,-0.020283168,-0.003887753,0.005802525,-0.081968472,0.021051875,0.007523735,0.000335364,VY4W10975L25
2025-12-09 00:00:00,2.375,VBYM C 109.75 12/22/2025 C 109.75,2025-12-22 00:00:00,0.036278,112.09375,109.75,C,0.070097189,0.944410291,0.023204311,0.074238539,-0.005846643,0.036857754,1000.0000,CBoT 10y Monday Call Options C 109.75 Dec-2025,VBYM C 109.75 12/22/2025,USD,0,-0.024981332,-0.001935088,0.006828948,-0.090007768,0.018416326,0.008476203,-0.000542656,VY4W10975L25
2025-12-17 00:00:00,0.001,VBYM P 109.75 12/22/2025 P 109.75,2025-12-22 00:00:00,0.03607,112.421875,109.75,P,0.075751305,-0.003288384,0.001427141,0.009968548,-0.00070091,-5.07885E-05,1000.0000,CBoT 10y Monday Call Options P 109.75 Dec-2025,VBYM P 109.75 12/22/2025,USD,0,-0.003552523,-0.00251231,0.002690757,-0.030551886,0.009409118,0.001270237,0.000731161,VY4W10975X25
2025-12-16 00:00:00,0.001,VBYM P 109.75 12/22/2025 P 109.75,2025-12-22 00:00:00,0.036157,112.515625,109.75,P,0.07130025,-0.003194379,0.001543223,0.009411198,-0.000622912,-5.92654E-05,1000.0000,CBoT 10y Monday Call Options P 109.75 Dec-2025,VBYM P 109.75 12/22/2025,USD,0,-0.003689675,-0.002798616,0.002191973,-0.028072695,0.009521446,0.001451482,0.000898058,VY4W10975X25
2025-12-15 00:00:00,0.001,VBYM P 109.75 12/22/2025 P 109.75,2025-12-22 00:00:00,0.036259,112.28125,109.75,P,0.061024992,-0.003440853,0.001827776,0.010906228,-0.000552429,-7.43257E-05,1000.0000,CBoT 10y Monday Call Options P 109.75 Dec-2025,VBYM P 109.75 12/22/2025,USD,0,-0.00456812,-0.003949907,0.001990869,-0.034872066,0.012600633,0.001919492,0.001346165,VY4W10975X25
2025-12-12 00:00:00,0.001,VBYM P 109.75 12/22/2025 P 109.75,2025-12-22 00:00:00,0.03623,112.171875,109.75,P,0.049097499,-0.003570288,0.002387486,0.011734959,-0.000414386,-0.000110146,1000.0000,CBoT 10y Monday Call Options P 109.75 Dec-2025,VBYM P 109.75 12/22/2025,USD,0,-0.005842787,-0.006201145,0.001433977,-0.038840395,0.016658804,0.002918099,0.002504524,VY4W10975X25
2025-12-11 00:00:00,0.001,VBYM P 109.75 12/22/2025 P 109.75,2025-12-22 00:00:00,0.036223,112.453125,109.75,P,0.051604181,-0.00325608,0.00229708,0.009775153,-0.000387719,-0.000110807,1000.0000,CBoT 10y Monday Call Options P 109.75 Dec-2025,VBYM P 109.75 12/22/2025,USD,0,-0.005174134,-0.00538771,0.001213345,-0.029683417,0.013582673,0.002747941,0.002330619,VY4W10975X25
2025-12-10 00:00:00,0.015625,VBYM P 109.75 12/22/2025 P 109.75,2025-12-22 00:00:00,0.03625,112.21875,109.75,P,0.065515662,-0.030119327,0.013988192,0.051198093,-0.003585479,-0.001116918,1000.0000,CBoT 10y Monday Call Options P 109.75 Dec-2025,VBYM P 109.75 12/22/2025,USD,0,-0.019445641,-0.004452767,0.005305317,-0.080961469,0.021981119,0.007432777,0.000574668,VY4W10975X25
2025-12-09 00:00:00,0.03125,VBYM P 109.75 12/22/2025 P 109.75,2025-12-22 00:00:00,0.036278,112.09375,109.75,P,0.068765297,-0.050989471,0.022089514,0.071993344,-0.005662269,-0.002047634,1000.0000,CBoT 10y Monday Call Options P 109.75 Dec-2025,VBYM P 109.75 12/22/2025,USD,0,-0.024698893,-0.002309821,0.006527343,-0.090685487,0.019376359,0.008541362,-0.000433461,VY4W10975X25
2025-12-16 00:00:00,2.515625,VBYM C 110 12/22/2025 C 110,2025-12-22 00:00:00,0.036157,112.515625,110,C,0.068232679,0.994596508,0.002188581,0.014187982,-0.000637728,0.017982222,1000.0000,CBoT 10y Monday Call Options C 110 Dec-2025,VBYM C 110 12/22/2025,USD,0,-0.00528102,-0.003620124,0.003101343,-0.041987891,0.013289937,0.001972452,0.00106401,VY4W110L25
2025-12-15 00:00:00,2.28125,VBYM C 110 12/22/2025 C 110,2025-12-22 00:00:00,0.036259,112.28125,110,C,0.058346249,0.993834989,0.002694211,0.01726138,-0.000597006,0.020963074,1000.0000,CBoT 10y Monday Call Options C 110 Dec-2025,VBYM C 110 12/22/2025,USD,0,-0.006807216,-0.005192204,0.002935695,-0.05435325,0.018114421,0.002693204,0.001594117,VY4W110L25
2025-12-12 00:00:00,2.171875,VBYM C 110 12/22/2025 C 110,2025-12-22 00:00:00,0.03623,112.171875,110,C,0.048442851,0.991719462,0.004200923,0.022447299,-0.000581496,0.029882244,1000.0000,CBoT 10y Monday Call Options C 110 Dec-2025,VBYM C 110 12/22/2025,USD,0,-0.010145439,-0.008256867,0.002555808,-0.068371977,0.025705961,0.004600745,0.002797708,VY4W110L25
2025-12-11 00:00:00,2.453125,VBYM C 110 12/22/2025 C 110,2025-12-22 00:00:00,0.036223,112.453125,110,C,0.052700984,0.99105705,0.004611476,0.020954357,-0.000655431,0.032847317,1000.0000,CBoT 10y Monday Call Options C 110 Dec-2025,VBYM C 110 12/22/2025,USD,0,-0.009842701,-0.00711221,0.002456172,-0.055318751,0.021514322,0.004641081,0.002476277,VY4W110L25
2025-12-10 00:00:00,2.234375,VBYM C 110 12/22/2025 C 110,2025-12-22 00:00:00,0.03625,112.21875,110,C,0.061617479,0.962364029,0.016301103,0.063693069,-0.003752042,0.034770001,1000.0000,CBoT 10y Monday Call Options C 110 Dec-2025,VBYM C 110 12/22/2025,USD,0,-0.023091976,-0.004454176,0.0060242,-0.102215791,0.025459124,0.008424612,0.000266286,VY4W110L25
2025-12-09 00:00:00,2.125,VBYM C 110 12/22/2025 C 110,2025-12-22 00:00:00,0.036278,112.09375,110,C,0.063939508,0.940411133,0.024502378,0.086077194,-0.005669749,0.036786939,1000.0000,CBoT 10y Monday Call Options C 110 Dec-2025,VBYM C 110 12/22/2025,USD,0,-0.028343168,-0.00192298,0.007063655,-0.111892524,0.021753519,0.009405146,-0.000821524,VY4W110L25
2025-12-17 00:00:00,0.001,VBYM P 110 12/22/2025 P 110,2025-12-22 00:00:00,0.03607,112.421875,110,P,0.069274707,-0.003570698,0.001553442,0.011737655,-0.00069523,-5.51389E-05,1000.0000,CBoT 10y Monday Call Options P 110 Dec-2025,VBYM P 110 12/22/2025,USD,0,-0.00414186,-0.003115975,0.002868909,-0.038940698,0.011837137,0.001466047,0.000891936,VY4W110X25
2025-12-16 00:00:00,0.001,VBYM P 110 12/22/2025 P 110,2025-12-22 00:00:00,0.036157,112.515625,110,P,0.065405574,-0.003458909,0.001677329,0.011019995,-0.000617387,-6.4163E-05,1000.0000,CBoT 10y Monday Call Options P 110 Dec-2025,VBYM P 110 12/22/2025,USD,0,-0.004279684,-0.003446768,0.002332284,-0.035487576,0.011887011,0.001667318,0.001088695,VY4W110X25
2025-12-15 00:00:00,0.001,VBYM P 110 12/22/2025 P 110,2025-12-22 00:00:00,0.036259,112.28125,110,P,0.0555252,-0.003753518,0.002007926,0.01295952,-0.000546451,-8.10703E-05,1000.0000,CBoT 10y Monday Call Options P 110 Dec-2025,VBYM P 110 12/22/2025,USD,0,-0.005371124,-0.004955723,0.002129861,-0.045051957,0.016052809,0.00223266,0.001659045,VY4W110X25
2025-12-12 00:00:00,0.001,VBYM P 110 12/22/2025 P 110,2025-12-22 00:00:00,0.03623,112.171875,110,P,0.044477917,-0.003910201,0.002650062,0.014054287,-0.000408938,-0.000120639,1000.0000,CBoT 10y Monday Call Options P 110 Dec-2025,VBYM P 110 12/22/2025,USD,0,-0.006919951,-0.007857439,0.001538537,-0.050765816,0.021453408,0.003416911,0.003113721,VY4W110X25
2025-12-11 00:00:00,0.001,VBYM P 110 12/22/2025 P 110,2025-12-22 00:00:00,0.036223,112.453125,110,P,0.047241855,-0.003532233,0.0025215,0.011488103,-0.000383135,-0.000120208,1000.0000,CBoT 10y Monday Call Options P 110 Dec-2025,VBYM P 110 12/22/2025,USD,0,-0.00602188,-0.006666237,0.001292762,-0.037727513,0.017042959,0.00316641,0.002837009,VY4W110X25
2025-12-10 00:00:00,0.015625,VBYM P 110 12/22/2025 P 110,2025-12-22 00:00:00,0.03625,112.21875,110,P,0.059916176,-0.032583816,0.01491652,0.059744259,-0.003509001,-0.001207984,1000.0000,CBoT 10y Monday Call Options P 110 Dec-2025,VBYM P 110 12/22/2025,USD,0,-0.022279136,-0.005104906,0.005558767,-0.101383489,0.026617753,0.00835744,0.000528337,VY4W110X25
2025-12-09 00:00:00,0.03125,VBYM P 110 12/22/2025 P 110,2025-12-22 00:00:00,0.036278,112.09375,110,P,0.062817739,-0.055131125,0.023461502,0.083843806,-0.005516282,-0.002213183,1000.0000,CBoT 10y Monday Call Options P 110 Dec-2025,VBYM P 110 12/22/2025,USD,0,-0.028104543,-0.00233568,0.006784766,-0.112901455,0.022883775,0.009491231,-0.000710909,VY4W110X25
2025-12-17 00:00:00,2.265625,VBYM C 110.25 12/22/2025 C 110.25,2025-12-22 00:00:00,0.03607,112.421875,110.25,C,0.136225242,0.890492382,0.024529017,0.104212682,-0.03218543,0.013403426,1000.0000,CBoT 10y Monday Call Options C 110.25 Dec-2025,VBYM C 110.25 12/22/2025,USD,0,-0.016668153,0.000631532,0.022794232,-0.080493593,0.004274164,0.002700937,-0.000298038,VY4W11025L25
2025-12-16 00:00:00,2.265625,VBYM C 110.25 12/22/2025 C 110.25,2025-12-22 00:00:00,0.036157,112.515625,110.25,C,0.061382285,0.99459025,0.002231173,0.01578944,-0.000574351,0.018023196,1000.0000,CBoT 10y Monday Call Options C 110.25 Dec-2025,VBYM C 110.25 12/22/2025,USD,0,-0.005878047,-0.004479411,0.003105258,-0.05193273,0.016440475,0.00219507,0.001316251,VY4W11025L25
2025-12-15 00:00:00,2.03125,VBYM C 110.25 12/22/2025 C 110.25,2025-12-22 00:00:00,0.036259,112.28125,110.25,C,0.051893361,0.9938278,0.002763725,0.019430094,-0.000531581,0.021010847,1000.0000,CBoT 10y Monday Call Options C 110.25 Dec-2025,VBYM C 110.25 12/22/2025,USD,0,-0.007663715,-0.00657292,0.002939412,-0.068777075,0.02292554,0.003031538,0.002017516,VY4W11025L25
2025-12-12 00:00:00,1.921875,VBYM C 110.25 12/22/2025 C 110.25,2025-12-22 00:00:00,0.03623,112.171875,110.25,C,0.042818187,0.991709806,0.004327534,0.025425162,-0.000514561,0.029950367,1000.0000,CBoT 10y Monday Call Options C 110.25 Dec-2025,VBYM C 110.25 12/22/2025,USD,0,-0.011493375,-0.010583684,0.002559065,-0.08759725,0.032940461,0.005211016,0.003585091,VY4W11025L25
2025-12-11 00:00:00,2.203125,VBYM C 110.25 12/22/2025 C 110.25,2025-12-22 00:00:00,0.036223,112.453125,110.25,C,0.047276643,0.991046732,0.004711641,0.023385274,-0.000588636,0.032922238,1000.0000,CBoT 10y Monday Call Options C 110.25 Dec-2025,VBYM C 110.25 12/22/2025,USD,0,-0.01098661,-0.008850589,0.002459307,-0.068805668,0.026764861,0.005179457,0.003080625,VY4W11025L25
2025-12-10 00:00:00,1.984375,VBYM C 110.25 12/22/2025 C 110.25,2025-12-22 00:00:00,0.03625,112.21875,110.25,C,0.055662793,0.959542955,0.017302297,0.074929259,-0.00362789,0.034747916,1000.0000,CBoT 10y Monday Call Options C 110.25 Dec-2025,VBYM C 110.25 12/22/2025,USD,0,-0.026659819,-0.005123083,0.006278464,-0.130568321,0.031350964,0.009540441,0.000129203,VY4W11025L25
2025-12-09 00:00:00,1.890625,VBYM C 110.25 12/22/2025 C 110.25,2025-12-22 00:00:00,0.036278,112.09375,110.25,C,0.063097908,0.917862186,0.031425762,0.112227992,-0.007354912,0.035969996,1000.0000,CBoT 10y Monday Call Options C 110.25 Dec-2025,VBYM C 110.25 12/22/2025,USD,0,-0.032924718,0.000359192,0.008081539,-0.131822165,0.018736046,0.009742226,-0.001637124,VY4W11025L25
2025-12-17 00:00:00,0.001,VBYM P 110.25 12/22/2025 P 110.25,2025-12-22 00:00:00,0.03607,112.421875,110.25,P,0.062756758,-0.003910645,0.001707776,0.014057485,-0.000688831,-6.03779E-05,1000.0000,CBoT 10y Monday Call Options P 110.25 Dec-2025,VBYM P 110.25 12/22/2025,USD,0,-0.004905437,-0.003948237,0.003078107,-0.050896777,0.015243986,0.001716648,0.001108894,VY4W11025X25
2025-12-16 00:00:00,0.001,VBYM P 110.25 12/22/2025 P 110.25,2025-12-22 00:00:00,0.036157,112.515625,110.25,P,0.05947544,-0.003775263,0.001840437,0.013108792,-0.000611212,-7.00211E-05,1000.0000,CBoT 10y Monday Call Options P 110.25 Dec-2025,VBYM P 110.25 12/22/2025,USD,0,-0.005036989,-0.004330316,0.002496102,-0.045920183,0.015166097,0.001941115,0.001343342,VY4W11025X25
2025-12-15 00:00:00,0.001,VBYM P 110.25 12/22/2025 P 110.25,2025-12-22 00:00:00,0.036259,112.28125,110.25,P,0.0499869,-0.004134304,0.002232467,0.015696505,-0.000539714,-8.92872E-05,1000.0000,CBoT 10y Monday Call Options P 110.25 Dec-2025,VBYM P 110.25 12/22/2025,USD,0,-0.006427794,-0.00636851,0.002294629,-0.059873317,0.020994973,0.00263935,0.002088383,VY4W11025X25
2025-12-12 00:00:00,0.001,VBYM P 110.25 12/22/2025 P 110.25,2025-12-22 00:00:00,0.03623,112.171875,110.25,P,0.039823494,-0.004328263,0.002983628,0.017190156,-0.00040279,-0.000133555,1000.0000,CBoT 10y Monday Call Options P 110.25 Dec-2025,VBYM P 110.25 12/22/2025,USD,0,-0.008356555,-0.010221673,0.001663507,-0.068452399,0.028437839,0.00407292,0.00396179,VY4W11025X25
2025-12-11 00:00:00,0.001,VBYM P 110.25 12/22/2025 P 110.25,2025-12-22 00:00:00,0.036223,112.453125,110.25,P,0.042852225,-0.003863982,0.002799136,0.013726683,-0.000378038,-0.000131511,1000.0000,CBoT 10y Monday Call Options P 110.25 Dec-2025,VBYM P 110.25 12/22/2025,USD,0,-0.007116741,-0.008422102,0.001385836,-0.049141808,0.021878043,0.003700354,0.003517974,VY4W11025X25
2025-12-10 00:00:00,0.015625,VBYM P 110.25 12/22/2025 P 110.25,2025-12-22 00:00:00,0.03625,112.21875,110.25,P,0.054249686,-0.035552289,0.016004394,0.070888526,-0.003423665,-0.001317701,1000.0000,CBoT 10y Monday Call Options P 110.25 Dec-2025,VBYM P 110.25 12/22/2025,USD,0,-0.025882814,-0.00587909,0.00584703,-0.130027312,0.032812825,0.009502284,0.000416339,VY4W11025X25
2025-12-09 00:00:00,0.046875,VBYM P 110.25 12/22/2025 P 110.25,2025-12-22 00:00:00,0.036278,112.09375,110.25,P,0.062337731,-0.078342918,0.03068688,0.110925081,-0.00726508,-0.003145636,1000.0000,CBoT 10y Monday Call Options P 110.25 Dec-2025,VBYM P 110.25 12/22/2025,USD,0,-0.032942693,0.000111142,0.00789057,-0.133475178,0.019693755,0.009865405,-0.001602705,VY4W11025X25
2025-12-16 00:00:00,2.015625,VBYM C 110.5 12/22/2025 C 110.5,2025-12-22 00:00:00,0.036157,112.515625,110.5,C,0.05454742,0.994583938,0.002289174,0.017788253,-0.000510974,0.018064166,1000.0000,CBoT 10y Monday Call Options C 110.5 Dec-2025,VBYM C 110.5 12/22/2025,USD,0,-0.006623181,-0.0056801,0.003109169,-0.065825821,0.020842203,0.002472912,0.001668666,VY4W1105L25
2025-12-15 00:00:00,1.78125,VBYM C 110.5 12/22/2025 C 110.5,2025-12-22 00:00:00,0.036259,112.28125,110.5,C,0.045455098,0.993820519,0.002861889,0.02220773,-0.000466156,0.021058611,1000.0000,CBoT 10y Monday Call Options C 110.5 Dec-2025,VBYM C 110.5 12/22/2025,USD,0,-0.008760642,-0.008578661,0.002943125,-0.089725741,0.029913666,0.003464845,0.002632501,VY4W1105L25
2025-12-12 00:00:00,1.6875,VBYM C 110.5 12/22/2025 C 110.5,2025-12-22 00:00:00,0.03623,112.171875,110.5,C,0.05296813,0.956075625,0.016935727,0.092773256,-0.004090848,0.028919103,1000.0000,CBoT 10y Monday Call Options C 110.5 Dec-2025,VBYM C 110.5 12/22/2025,USD,0,-0.029427159,-0.005158719,0.007888408,-0.18170447,0.037990157,0.009382193,-0.000117504,VY4W1105L25
2025-12-11 00:00:00,1.96875,VBYM C 110.5 12/22/2025 C 110.5,2025-12-22 00:00:00,0.036223,112.453125,110.5,C,0.05750696,0.95974859,0.016562646,0.075429304,-0.003912756,0.031931838,1000.0000,CBoT 10y Monday Call Options C 110.5 Dec-2025,VBYM C 110.5 12/22/2025,USD,0,-0.02576948,-0.004814677,0.006831267,-0.132979381,0.030681629,0.008854169,0.000123345,VY4W1105L25
2025-12-10 00:00:00,1.75,VBYM C 110.5 12/22/2025 C 110.5,2025-12-22 00:00:00,0.03625,112.21875,110.5,C,0.056655946,0.933056835,0.025810279,0.110941522,-0.005798892,0.033847571,1000.0000,CBoT 10y Monday Call Options C 110.5 Dec-2025,VBYM C 110.5 12/22/2025,USD,0,-0.033800083,-0.001494559,0.008071732,-0.162812547,0.02762975,0.010368464,-0.001359136,VY4W1105L25
2025-12-09 00:00:00,1.65625,VBYM C 110.5 12/22/2025 C 110.5,2025-12-22 00:00:00,0.036278,112.09375,110.5,C,0.060740522,0.89409453,0.037967401,0.141083461,-0.008689752,0.035104374,1000.0000,CBoT 10y Monday Call Options C 110.5 Dec-2025,VBYM C 110.5 12/22/2025,USD,0,-0.037112918,0.00274151,0.008759089,-0.154454263,0.014594119,0.009852823,-0.002335122,VY4W1105L25
2025-12-17 00:00:00,0.001,VBYM P 110.5 12/22/2025 P 110.5,2025-12-22 00:00:00,0.03607,112.421875,110.5,P,0.056189617,-0.004328747,0.001901049,0.017194033,-0.000681522,-6.68224E-05,1000.0000,CBoT 10y Monday Call Options P 110.5 Dec-2025,VBYM P 110.5 12/22/2025,USD,0,-0.005923813,-0.005136236,0.00332814,-0.068628837,0.020206849,0.002046226,0.001410926,VY4W1105X25
2025-12-16 00:00:00,0.001,VBYM P 110.5 12/22/2025 P 110.5,2025-12-22 00:00:00,0.036157,112.515625,110.5,P,0.053503314,-0.004161061,0.002043437,0.015898526,-0.000604226,-7.71669E-05,1000.0000,CBoT 10y Monday Call Options P 110.5 Dec-2025,VBYM P 110.5 12/22/2025,USD,0,-0.006035359,-0.005574105,0.002690519,-0.061147926,0.019871653,0.002297293,0.001693464,VY4W1105X25
2025-12-15 00:00:00,0.001,VBYM P 110.5 12/22/2025 P 110.5,2025-12-22 00:00:00,0.036259,112.28125,110.5,P,0.044402443,-0.004609337,0.002520436,0.019473831,-0.000532009,-9.95425E-05,1000.0000,CBoT 10y Monday Call Options P 110.5 Dec-2025,VBYM P 110.5 12/22/2025,USD,0,-0.007864648,-0.008432459,0.002493896,-0.082449282,0.028377251,0.003184038,0.002698526,VY4W1105X25
2025-12-12 00:00:00,0.015625,VBYM P 110.5 12/22/2025 P 110.5,2025-12-22 00:00:00,0.03623,112.171875,110.5,P,0.051960853,-0.039995379,0.016025064,0.089294353,-0.003930826,-0.001234124,1000.0000,CBoT 10y Monday Call Options P 110.5 Dec-2025,VBYM P 110.5 12/22/2025,USD,0,-0.028875475,-0.005799423,0.007498002,-0.18171929,0.039488117,0.009383865,8.76039E-05,VY4W1105X25
2025-12-11 00:00:00,0.015625,VBYM P 110.5 12/22/2025 P 110.5,2025-12-22 00:00:00,0.036223,112.453125,110.5,P,0.056170058,-0.035760155,0.015420125,0.071703305,-0.00371109,-0.001217321,1000.0000,CBoT 10y Monday Call Options P 110.5 Dec-2025,VBYM P 110.5 12/22/2025,USD,0,-0.025082825,-0.005461639,0.006400559,-0.132482069,0.031989972,0.008822213,0.00035886,VY4W1105X25
2025-12-10 00:00:00,0.03125,VBYM P 110.5 12/22/2025 P 110.5,2025-12-22 00:00:00,0.03625,112.21875,110.5,P,0.055856494,-0.063055169,0.024992876,0.108926662,-0.005688698,-0.002337765,1000.0000,CBoT 10y Monday Call Options P 110.5 Dec-2025,VBYM P 110.5 12/22/2025,USD,0,-0.033664419,-0.001903273,0.00782864,-0.164448471,0.028940444,0.010473652,-0.001270535,VY4W1105X25
2025-12-09 00:00:00,0.0625,VBYM P 110.5 12/22/2025 P 110.5,2025-12-22 00:00:00,0.036278,112.09375,110.5,P,0.060200134,-0.102604767,0.037431341,0.140360945,-0.008641859,-0.004120032,1000.0000,CBoT 10y Monday Call Options P 110.5 Dec-2025,VBYM P 110.5 12/22/2025,USD,0,-0.037257329,0.002601691,0.008616326,-0.156421691,0.015385244,0.009979142,-0.002339633,VY4W1105X25
2025-12-16 00:00:00,1.765625,VBYM C 110.75 12/22/2025 C 110.75,2025-12-22 00:00:00,0.036157,112.515625,110.75,C,0.047728013,0.994577537,0.002371388,0.020353263,-0.000447597,0.01810513,1000.0000,CBoT 10y Monday Call Options C 110.75 Dec-2025,VBYM C 110.75 12/22/2025,USD,0,-0.007579332,-0.007429398,0.003113077,-0.086062619,0.02725435,0.002829436,0.002182041,VY4W11075L25
2025-12-15 00:00:00,1.546875,VBYM C 110.75 12/22/2025 C 110.75,2025-12-22 00:00:00,0.036259,112.28125,110.75,C,0.058483394,0.954719007,0.01460981,0.103441904,-0.005515561,0.020261423,1000.0000,CBoT 10y Monday Call Options C 110.75 Dec-2025,VBYM C 110.75 12/22/2025,USD,0,-0.02720454,-0.004045589,0.011459226,-0.217055611,0.037226062,0.007189014,-0.000154303,VY4W11075L25
2025-12-12 00:00:00,1.453125,VBYM C 110.75 12/22/2025 C 110.75,2025-12-22 00:00:00,0.03623,112.171875,110.75,C,0.053352558,0.925405415,0.025626907,0.140825983,-0.006562287,0.028040566,1000.0000,CBoT 10y Monday Call Options C 110.75 Dec-2025,VBYM C 110.75 12/22/2025,USD,0,-0.037654981,-0.000568886,0.010136804,-0.231063337,0.032175957,0.010130275,-0.001734123,VY4W11075L25
2025-12-11 00:00:00,1.71875,VBYM C 110.75 12/22/2025 C 110.75,2025-12-22 00:00:00,0.036223,112.453125,110.75,C,0.05125617,0.95619546,0.017736632,0.090804314,-0.003771217,0.03188654,1000.0000,CBoT 10y Monday Call Options C 110.75 Dec-2025,VBYM C 110.75 12/22/2025,USD,0,-0.030323635,-0.005539449,0.007159773,-0.175475676,0.03867856,0.010179265,-0.000116159,VY4W11075L25
2025-12-10 00:00:00,1.515625,VBYM C 110.75 12/22/2025 C 110.75,2025-12-22 00:00:00,0.03625,112.21875,110.75,C,0.055087291,0.906163858,0.033353588,0.147973381,-0.007466652,0.032932208,1000.0000,CBoT 10y Monday Call Options C 110.75 Dec-2025,VBYM C 110.75 12/22/2025,USD,0,-0.039562886,0.001923785,0.00917088,-0.196142423,0.022298258,0.010658189,-0.002438451,VY4W11075L25
2025-12-09 00:00:00,1.421875,VBYM C 110.75 12/22/2025 C 110.75,2025-12-22 00:00:00,0.036278,112.09375,110.75,C,0.057244248,0.86788883,0.044432295,0.175377637,-0.009697036,0.034141371,1000.0000,CBoT 10y Monday Call Options C 110.75 Dec-2025,VBYM C 110.75 12/22/2025,USD,0,-0.041216374,0.00549756,0.009160878,-0.182099577,0.008454404,0.009780678,-0.002996707,VY4W11075L25
2025-12-16 00:00:00,0.001,VBYM P 110.75 12/22/2025 P 110.75,2025-12-22 00:00:00,0.036157,112.515625,110.75,P,0.04748082,-0.004643165,0.002303438,0.019758121,-0.000596204,-8.60992E-05,1000.0000,CBoT 10y Monday Call Options P 110.75 Dec-2025,VBYM P 110.75 12/22/2025,USD,0,-0.007396087,-0.007396198,0.002925976,-0.084417042,0.026921607,0.002775369,0.002192255,VY4W11075X25
2025-12-15 00:00:00,0.015625,VBYM P 110.75 12/22/2025 P 110.75,2025-12-22 00:00:00,0.036259,112.28125,110.75,P,0.057742146,-0.042580762,0.014091886,0.100950426,-0.005376413,-0.000920159,1000.0000,CBoT 10y Monday Call Options P 110.75 Dec-2025,VBYM P 110.75 12/22/2025,USD,0,-0.026891704,-0.004396883,0.01108709,-0.217287802,0.038253772,0.007197138,-6.38804E-05,VY4W11075X25
2025-12-12 00:00:00,0.03125,VBYM P 110.75 12/22/2025 P 110.75,2025-12-22 00:00:00,0.03623,112.171875,110.75,P,0.052801967,-0.071530279,0.025075855,0.139215932,-0.006483093,-0.002207736,1000.0000,CBoT 10y Monday Call Options P 110.75 Dec-2025,VBYM P 110.75 12/22/2025,USD,0,-0.037614978,-0.000886747,0.009923624,-0.233195437,0.033433533,0.010224394,-0.001683773,VY4W11075X25
2025-12-11 00:00:00,0.015625,VBYM P 110.75 12/22/2025 P 110.75,2025-12-22 00:00:00,0.036223,112.453125,110.75,P,0.050174997,-0.039468814,0.016679355,0.087004559,-0.003606627,-0.001343235,1000.0000,CBoT 10y Monday Call Options P 110.75 Dec-2025,VBYM P 110.75 12/22/2025,USD,0,-0.029683966,-0.006298795,0.006766051,-0.175437462,0.040357098,0.010178153,0.000141284,VY4W11075X25
2025-12-10 00:00:00,0.046875,VBYM P 110.75 12/22/2025 P 110.75,2025-12-22 00:00:00,0.03625,112.21875,110.75,P,0.054564598,-0.090574651,0.03279628,0.146910144,-0.007409515,-0.003358439,1000.0000,CBoT 10y Monday Call Options P 110.75 Dec-2025,VBYM P 110.75 12/22/2025,USD,0,-0.039657711,0.001702403,0.009007284,-0.198467574,0.023362005,0.01078531,-0.002424967,VY4W11075X25
2025-12-09 00:00:00,0.078125,VBYM P 110.75 12/22/2025 P 110.75,2025-12-22 00:00:00,0.036278,112.09375,110.75,P,0.056856404,-0.129217272,0.044046626,0.175074255,-0.009677603,-0.00518832,1000.0000,CBoT 10y Monday Call Options P 110.75 Dec-2025,VBYM P 110.75 12/22/2025,USD,0,-0.041428459,0.005438271,0.009046669,-0.184261094,0.00908621,0.009897424,-0.00302346,VY4W11075X25
2025-12-17 00:00:00,1.390625,VBYM C 111 12/22/2025 C 111,2025-12-22 00:00:00,0.03607,112.421875,111,C,,,,,,,1000.0000,CBoT 10y Monday Call Options C 111 Dec-2025,VBYM C 111 12/22/2025,USD,0,,,,,,,,VY4W111L25
2025-12-16 00:00:00,1.515625,VBYM C 111 12/22/2025 C 111,2025-12-22 00:00:00,0.036157,112.515625,111,C,0.040923989,0.994570982,0.00249376,0.023764765,-0.00038422,0.018146084,1000.0000,CBoT 10y Monday Call Options C 111 Dec-2025,VBYM C 111 12/22/2025,USD,0,-0.008850919,-0.010119028,0.00311698,-0.117171176,0.037112124,0.003303576,0.002971284,VY4W111L25
2025-12-15 00:00:00,1.3125,VBYM C 111 12/22/2025 C 111,2025-12-22 00:00:00,0.036259,112.28125,111,C,0.058586513,0.921347029,0.022451907,0.15999729,-0.008971695,0.019587686,1000.0000,CBoT 10y Monday Call Options C 111 Dec-2025,VBYM C 111 12/22/2025,USD,0,-0.035090274,2.89699E-05,0.014775932,-0.279748436,0.03069128,0.007740276,-0.001320004,VY4W111L25
2025-12-12 00:00:00,1.21875,VBYM C 111 12/22/2025 C 111,2025-12-22 00:00:00,0.03623,112.171875,111,C,0.050954155,0.893354084,0.033425134,0.193011237,-0.008383306,0.027119562,1000.0000,CBoT 10y Monday Call Options C 111 Dec-2025,VBYM C 111 12/22/2025,USD,0,-0.044472047,0.003982221,0.011418853,-0.28592883,0.023391922,0.010316576,-0.002934802,VY4W111L25
2025-12-11 00:00:00,1.484375,VBYM C 111 12/22/2025 C 111,2025-12-22 00:00:00,0.036223,112.453125,111,C,0.051665086,0.926096526,0.026708687,0.137170818,-0.00602506,0.030936871,1000.0000,CBoT 10y Monday Call Options C 111 Dec-2025,VBYM C 111 12/22/2025,USD,0,-0.038711456,-0.000724099,0.009182956,-0.222462661,0.032926534,0.01099278,-0.00190896,VY4W111L25
2025-12-10 00:00:00,1.28125,VBYM C 111 12/22/2025 C 111,2025-12-22 00:00:00,0.03625,112.21875,111,C,0.051937938,0.87679123,0.040609241,0.191450654,-0.008709763,0.031925311,1000.0000,CBoT 10y Monday Call Options C 111 Dec-2025,VBYM C 111 12/22/2025,USD,0,-0.04498704,0.005748083,0.009822638,-0.236687912,0.014251731,0.010657281,-0.003397031,VY4W111L25
2025-12-09 00:00:00,1.21875,VBYM C 111 12/22/2025 C 111,2025-12-22 00:00:00,0.036278,112.09375,111,C,0.058532783,0.813062821,0.05607905,0.215930139,-0.012661842,0.032024917,1000.0000,CBoT 10y Monday Call Options C 111 Dec-2025,VBYM C 111 12/22/2025,USD,0,-0.040294823,0.008430587,0.009152228,-0.174591435,-0.008771382,0.007613592,-0.002877588,VY4W111L25
2025-12-16 00:00:00,0.001,VBYM P 111 12/22/2025 P 111,2025-12-22 00:00:00,0.036157,112.515625,111,P,0.04139686,-0.005264789,0.002648842,0.025345128,-0.000586809,-9.76216E-05,1000.0000,CBoT 10y Monday Call Options P 111 Dec-2025,VBYM P 111 12/22/2025,USD,0,-0.009331523,-0.010204436,0.00321861,-0.122128208,0.038082961,0.003443256,0.002935312,VY4W111X25
2025-12-15 00:00:00,0.03125,VBYM P 111 12/22/2025 P 111,2025-12-22 00:00:00,0.036259,112.28125,111,P,0.058190846,-0.076569473,0.022148093,0.158901151,-0.008905463,-0.001655123,1000.0000,CBoT 10y Monday Call Options P 111 Dec-2025,VBYM P 111 12/22/2025,USD,0,-0.035088176,-0.000135938,0.014576756,-0.281611998,0.031525383,0.00779214,-0.001301322,VY4W111X25
2025-12-12 00:00:00,0.046875,VBYM P 111 12/22/2025 P 111,2025-12-22 00:00:00,0.03623,112.171875,111,P,0.05060941,-0.104118356,0.033067561,0.192277466,-0.008348329,-0.003213731,1000.0000,CBoT 10y Monday Call Options P 111 Dec-2025,VBYM P 111 12/22/2025,USD,0,-0.044606796,0.00383386,0.011277284,-0.28872243,0.024365046,0.010417849,-0.002940164,VY4W111X25
2025-12-11 00:00:00,0.03125,VBYM P 111 12/22/2025 P 111,2025-12-22 00:00:00,0.036223,112.453125,111,P,0.051070856,-0.070513597,0.026064221,0.135393596,-0.005942946,-0.002400313,1000.0000,CBoT 10y Monday Call Options P 111 Dec-2025,VBYM P 111 12/22/2025,USD,0,-0.038657206,-0.001105141,0.008966896,-0.224703932,0.034345424,0.011104318,-0.001843743,VY4W111X25
2025-12-10 00:00:00,0.0625,VBYM P 111 12/22/2025 P 111,2025-12-22 00:00:00,0.03625,112.21875,111,P,0.051583699,-0.120420534,0.040226322,0.190987712,-0.008686052,-0.00446499,1000.0000,CBoT 10y Monday Call Options P 111 Dec-2025,VBYM P 111 12/22/2025,USD,0,-0.045188946,0.005650223,0.009700595,-0.239356455,0.015084821,0.010778034,-0.003420391,VY4W111X25
2025-12-09 00:00:00,0.125,VBYM P 111 12/22/2025 P 111,2025-12-22 00:00:00,0.036278,112.09375,111,P,0.058282668,-0.184635471,0.055882605,0.216123237,-0.012671134,-0.007417452,1000.0000,CBoT 10y Monday Call Options P 111 Dec-2025,VBYM P 111 12/22/2025,USD,0,-0.040506095,0.00846331,0.009061662,-0.176241312,-0.008535192,0.00768595,-0.002908461,VY4W111X25
2025-12-16 00:00:00,1.265625,VBYM C 111.25 12/22/2025 C 111.25,2025-12-22 00:00:00,0.036157,112.515625,111.25,C,0.034135282,0.994564132,0.002687328,0.028524712,-0.000320843,0.018187019,1000.0000,CBoT 10y Monday Call Options C 111.25 Dec-2025,VBYM C 111.25 12/22/2025,USD,0,-0.01062487,-0.014564002,0.00312088,-0.168571549,0.053401424,0.003965033,0.004275455,VY4W11125L25
2025-12-15 00:00:00,1.078125,VBYM C 111.25 12/22/2025 C 111.25,2025-12-22 00:00:00,0.036259,112.28125,111.25,C,0.05532723,0.885870784,0.029521337,0.223379413,-0.011472657,0.018868626,1000.0000,CBoT 10y Monday Call Options C 111.25 Dec-2025,VBYM C 111.25 12/22/2025,USD,0,-0.04169501,0.004191377,0.016565641,-0.352205331,0.020409006,0.007832323,-0.002194,VY4W11125L25
2025-12-12 00:00:00,0.984375,VBYM C 111.25 12/22/2025 C 111.25,2025-12-22 00:00:00,0.03623,112.171875,111.25,C,0.046778866,0.85676009,0.041090027,0.258960502,-0.009626142,0.026058888,1000.0000,CBoT 10y Monday Call Options C 111.25 Dec-2025,VBYM C 111.25 12/22/2025,USD,0,-0.051058187,0.00951091,0.012027263,-0.357750036,0.008439766,0.010140355,-0.004040934,VY4W11125L25
2025-12-11 00:00:00,1.25,VBYM C 111.25 12/22/2025 C 111.25,2025-12-22 00:00:00,0.036223,112.453125,111.25,C,0.049442457,0.894732122,0.034758366,0.187258334,-0.007692097,0.02994429,1000.0000,CBoT 10y Monday Call Options C 111.25 Dec-2025,VBYM C 111.25 12/22/2025,USD,0,-0.045655526,0.004029402,0.010349346,-0.274344619,0.024298176,0.011207853,-0.003240542,VY4W11125L25
2025-12-10 00:00:00,1.0625,VBYM C 111.25 12/22/2025 C 111.25,2025-12-22 00:00:00,0.03625,112.21875,111.25,C,0.05065447,0.82759178,0.051068006,0.246533232,-0.010827298,0.030181944,1000.0000,CBoT 10y Monday Call Options C 111.25 Dec-2025,VBYM C 111.25 12/22/2025,USD,0,-0.047123016,0.010406972,0.01002799,-0.254616798,-0.005948335,0.009095278,-0.003786832,VY4W11125L25
2025-12-09 00:00:00,1.03125,VBYM C 111.25 12/22/2025 C 111.25,2025-12-22 00:00:00,0.036278,112.09375,111.25,C,0.059692726,0.749612376,0.06668877,0.251010697,-0.015458621,0.029558723,1000.0000,CBoT 10y Monday Call Options C 111.25 Dec-2025,VBYM C 111.25 12/22/2025,USD,0,-0.035315284,0.009271469,0.00818245,-0.150696875,-0.025934233,0.005052739,-0.002158875,VY4W11125L25
2025-12-16 00:00:00,0.001,VBYM P 111.25 12/22/2025 P 111.25,2025-12-22 00:00:00,0.036157,112.515625,111.25,P,0.035236101,-0.006100484,0.003130217,0.033935483,-0.000575519,-0.000113122,1000.0000,CBoT 10y Monday Call Options P 111.25 Dec-2025,VBYM P 111.25 12/22/2025,USD,0,-0.012245004,-0.014832061,0.003594948,-0.188227654,0.057095787,0.004427125,0.004108311,VY4W11125X25
2025-12-15 00:00:00,0.046875,VBYM P 111.25 12/22/2025 P 111.25,2025-12-22 00:00:00,0.036259,112.28125,111.25,P,0.055086566,-0.11242946,0.029331419,0.222935321,-0.011446057,-0.002430392,1000.0000,CBoT 10y Monday Call Options P 111.25 Dec-2025,VBYM P 111.25 12/22/2025,USD,0,-0.041795063,0.004123017,0.016434164,-0.354573335,0.021034472,0.007885201,-0.002200283,VY4W11125X25
2025-12-12 00:00:00,0.0625,VBYM P 111.25 12/22/2025 P 111.25,2025-12-22 00:00:00,0.03623,112.171875,111.25,P,0.046559264,-0.141124304,0.040861624,0.258788443,-0.009617402,-0.00435556,1000.0000,CBoT 10y Monday Call Options P 111.25 Dec-2025,VBYM P 111.25 12/22/2025,USD,0,-0.051266669,0.009475764,0.011920684,-0.360880516,0.009143612,0.010229437,-0.00407206,VY4W11125X25
2025-12-11 00:00:00,0.046875,VBYM P 111.25 12/22/2025 P 111.25,2025-12-22 00:00:00,0.036223,112.453125,111.25,P,0.049068197,-0.10246538,0.034336847,0.186431396,-0.007655185,-0.003488147,1000.0000,CBoT 10y Monday Call Options P 111.25 Dec-2025,VBYM P 111.25 12/22/2025,USD,0,-0.045802962,0.003847784,0.010205599,-0.277301203,0.025402913,0.011329226,-0.003245089,VY4W11125X25
2025-12-10 00:00:00,0.09375,VBYM P 111.25 12/22/2025 P 111.25,2025-12-22 00:00:00,0.03625,112.21875,111.25,P,0.050430859,-0.170160855,0.050857493,0.246647751,-0.01083034,-0.006310501,1000.0000,CBoT 10y Monday Call Options P 111.25 Dec-2025,VBYM P 111.25 12/22/2025,USD,0,-0.047355984,0.01042961,0.009933946,-0.256988109,-0.005542797,0.00918038,-0.003824791,VY4W11125X25
2025-12-09 00:00:00,0.1875,VBYM P 111.25 12/22/2025 P 111.25,2025-12-22 00:00:00,0.036278,112.09375,111.25,P,0.059530146,-0.248520999,0.066603128,0.251386796,-0.015480251,-0.009990052,1000.0000,CBoT 10y Monday Call Options P 111.25 Dec-2025,VBYM P 111.25 12/22/2025,USD,0,-0.035466424,0.009321365,0.008095766,-0.151741274,-0.025927554,0.005087991,-0.002177769,VY4W11125X25
2025-12-16 00:00:00,1.03125,VBYM C 111.5 12/22/2025 C 111.5,2025-12-22 00:00:00,0.036157,112.515625,111.5,C,0.045110138,0.941303522,0.016595309,0.178461755,-0.005768903,0.017240243,1000.0000,CBoT 10y Monday Call Options C 111.5 Dec-2025,VBYM C 111.5 12/22/2025,USD,0,-0.040286292,-0.004056525,0.015237582,-0.484634206,0.064894072,0.009128183,-0.001096942,VY4W1115L25
2025-12-15 00:00:00,0.859375,VBYM C 111.5 12/22/2025 C 111.5,2025-12-22 00:00:00,0.036259,112.28125,111.5,C,0.053937979,0.825425363,0.039480874,0.306016695,-0.015337931,0.017608945,1000.0000,CBoT 10y Monday Call Options C 111.5 Dec-2025,VBYM C 111.5 12/22/2025,USD,0,-0.044301416,0.009316112,0.017150061,-0.38448637,-0.008041505,0.006464873,-0.002548529,VY4W1115L25
2025-12-12 00:00:00,0.78125,VBYM C 111.5 12/22/2025 C 111.5,2025-12-22 00:00:00,0.03623,112.171875,111.5,C,0.047064803,0.78007411,0.054196461,0.337747658,-0.012948051,0.023757904,1000.0000,CBoT 10y Monday Call Options C 111.5 Dec-2025,VBYM C 111.5 12/22/2025,USD,0,-0.048116185,0.014470613,0.011400325,-0.336039974,-0.032624699,0.006924292,-0.003538871,VY4W1115L25
2025-12-11 00:00:00,1.03125,VBYM C 111.5 12/22/2025 C 111.5,2025-12-22 00:00:00,0.036223,112.453125,111.5,C,0.04899793,0.841613136,0.046299597,0.251442985,-0.010347629,0.02820989,1000.0000,CBoT 10y Monday Call Options C 111.5 Dec-2025,VBYM C 111.5 12/22/2025,USD,0,-0.048911254,0.01005401,0.010976933,-0.297064901,7.81283E-05,0.009595549,-0.003914206,VY4W1115L25
2025-12-10 00:00:00,0.859375,VBYM C 111.5 12/22/2025 C 111.5,2025-12-22 00:00:00,0.03625,112.21875,111.5,C,0.049823538,0.762023043,0.06221212,0.30422454,-0.013078578,0.027829733,1000.0000,CBoT 10y Monday Call Options C 111.5 Dec-2025,VBYM C 111.5 12/22/2025,USD,0,-0.043748872,0.013231843,0.009157862,-0.241043094,-0.033858522,0.006371681,-0.003189823,VY4W1115L25
2025-12-09 00:00:00,0.84375,VBYM C 111.5 12/22/2025 C 111.5,2025-12-22 00:00:00,0.036278,112.09375,111.5,C,0.058455422,0.685959635,0.074623397,0.286172878,-0.017005008,0.027084458,1000.0000,CBoT 10y Monday Call Options C 111.5 Dec-2025,VBYM C 111.5 12/22/2025,USD,0,-0.028810918,0.008829494,0.006545696,-0.12631439,-0.0421597,0.002967812,-0.001405729,VY4W1115L25
2025-12-16 00:00:00,0.015625,VBYM P 111.5 12/22/2025 P 111.5,2025-12-22 00:00:00,0.036157,112.515625,111.5,P,0.044746309,-0.056639358,0.016274731,0.176338814,-0.005696015,-0.001050478,1000.0000,CBoT 10y Monday Call Options P 111.5 Dec-2025,VBYM P 111.5 12/22/2025,USD,0,-0.040131863,-0.00443431,0.014958996,-0.486673047,0.066422877,0.009166857,-0.001028328,VY4W1115X25
2025-12-15 00:00:00,0.078125,VBYM P 111.5 12/22/2025 P 111.5,2025-12-22 00:00:00,0.036259,112.28125,111.5,P,0.053801747,-0.173275137,0.039390131,0.306112704,-0.015339856,-0.003746637,1000.0000,CBoT 10y Monday Call Options P 111.5 Dec-2025,VBYM P 111.5 12/22/2025,USD,0,-0.044428424,0.009329554,0.01705655,-0.386549427,-0.007781344,0.006499694,-0.00256339,VY4W1115X25
2025-12-12 00:00:00,0.109375,VBYM P 111.5 12/22/2025 P 111.5,2025-12-22 00:00:00,0.03623,112.171875,111.5,P,0.046943068,-0.218346992,0.05410738,0.338101017,-0.012959929,-0.006741527,1000.0000,CBoT 10y Monday Call Options P 111.5 Dec-2025,VBYM P 111.5 12/22/2025,USD,0,-0.0482927,0.014529046,0.011313365,-0.338129728,-0.032493991,0.006967535,-0.003565621,VY4W1115X25
2025-12-11 00:00:00,0.078125,VBYM P 111.5 12/22/2025 P 111.5,2025-12-22 00:00:00,0.036223,112.453125,111.5,P,0.048775943,-0.156207606,0.046079977,0.251436254,-0.010345182,-0.005319009,1000.0000,CBoT 10y Monday Call Options P 111.5 Dec-2025,VBYM P 111.5 12/22/2025,USD,0,-0.049134433,0.010053042,0.010878036,-0.299755506,0.000608066,0.009682833,-0.003949649,VY4W1115X25
2025-12-10 00:00:00,0.140625,VBYM P 111.5 12/22/2025 P 111.5,2025-12-22 00:00:00,0.03625,112.21875,111.5,P,0.049687027,-0.236187455,0.062120222,0.304636101,-0.01309483,-0.008761792,1000.0000,CBoT 10y Monday Call Options P 111.5 Dec-2025,VBYM P 111.5 12/22/2025,USD,0,-0.043929951,0.013297881,0.00907133,-0.242688906,-0.033805949,0.00641541,-0.003216943,VY4W1115X25
2025-12-09 00:00:00,0.25,VBYM P 111.5 12/22/2025 P 111.5,2025-12-22 00:00:00,0.036278,112.09375,111.5,P,0.05835299,-0.312453534,0.07459139,0.286558526,-0.017026853,-0.012564525,1000.0000,CBoT 10y Monday Call Options P 111.5 Dec-2025,VBYM P 111.5 12/22/2025,USD,0,-0.02890156,0.00886838,0.006455454,-0.126924028,-0.042245786,0.002982257,-0.001414632,VY4W1115X25
2025-12-17 00:00:00,0.765625,VBYM C 111.75 12/22/2025 C 111.75,2025-12-22 00:00:00,0.03607,112.421875,111.75,C,0.062206123,0.795470279,0.037017295,0.346077573,-0.023451575,0.012145442,1000.0000,CBoT 10y Monday Call Options C 111.75 Dec-2025,VBYM C 111.75 12/22/2025,USD,0,-0.037325608,0.007986685,0.023297424,-0.393084876,-0.020149679,0.004061433,-0.001516189,VY4W11175L25
2025-12-16 00:00:00,0.796875,VBYM C 111.75 12/22/2025 C 111.75,2025-12-22 00:00:00,0.036157,112.515625,111.75,C,0.042883722,0.892816588,0.025989457,0.297074074,-0.009134063,0.016381844,1000.0000,CBoT 10y Monday Call Options C 111.75 Dec-2025,VBYM C 111.75 12/22/2025,USD,0,-0.053100954,0.005724377,0.019064832,-0.672452273,0.042256519,0.009533846,-0.003241129,VY4W11175L25
2025-12-15 00:00:00,0.671875,VBYM C 111.75 12/22/2025 C 111.75,2025-12-22 00:00:00,0.036259,112.28125,111.75,C,0.05547297,0.732251706,0.05082983,0.381082757,-0.020649992,0.015638647,1000.0000,CBoT 10y Monday Call Options C 111.75 Dec-2025,VBYM C 111.75 12/22/2025,USD,0,-0.036354539,0.010691511,0.014477701,-0.3081549,-0.047737218,0.003511554,-0.001657906,VY4W11175L25
2025-12-12 00:00:00,0.59375,VBYM C 111.75 12/22/2025 C 111.75,2025-12-22 00:00:00,0.03623,112.171875,111.75,C,0.046382089,0.688887993,0.065126743,0.409502344,-0.015426068,0.021007216,1000.0000,CBoT 10y Monday Call Options C 111.75 Dec-2025,VBYM C 111.75 12/22/2025,USD,0,-0.037025551,0.01416842,0.008654991,-0.263847779,-0.075180286,0.00340045,-0.002022996,VY4W11175L25
2025-12-11 00:00:00,0.8125,VBYM C 111.75 12/22/2025 C 111.75,2025-12-22 00:00:00,0.036223,112.453125,111.75,C,0.045976457,0.78432665,0.056275989,0.325021566,-0.011923892,0.026334243,1000.0000,CBoT 10y Monday Call Options C 111.75 Dec-2025,VBYM C 111.75 12/22/2025,USD,0,-0.049609061,0.015027072,0.010445333,-0.321636373,-0.030404643,0.007649257,-0.003963956,VY4W11175L25
2025-12-10 00:00:00,0.671875,VBYM C 111.75 12/22/2025 C 111.75,2025-12-22 00:00:00,0.03625,112.21875,111.75,C,0.048741027,0.682877509,0.071996084,0.358392683,-0.014867498,0.024971716,1000.0000,CBoT 10y Monday Call Options C 111.75 Dec-2025,VBYM C 111.75 12/22/2025,USD,0,-0.034217348,0.01259797,0.00701694,-0.193866018,-0.064005823,0.003328393,-0.00189568,VY4W11175L25
2025-12-09 00:00:00,0.6875,VBYM C 111.75 12/22/2025 C 111.75,2025-12-22 00:00:00,0.036278,112.09375,111.75,C,0.059068438,0.609889621,0.080932878,0.306497909,-0.018679652,0.024103537,1000.0000,CBoT 10y Monday Call Options C 111.75 Dec-2025,VBYM C 111.75 12/22/2025,USD,0,-0.017502803,0.005823808,0.004037015,-0.07728487,-0.05375078,0.001040782,-0.000515517,VY4W11175L25
2025-12-17 00:00:00,0.015625,VBYM P 111.75 12/22/2025 P 111.75,2025-12-22 00:00:00,0.03607,112.421875,111.75,P,0.035553527,-0.074546075,0.018121809,0.301121066,-0.006171308,-0.001150497,1000.0000,CBoT 10y Monday Call Options P 111.75 Dec-2025,VBYM P 111.75 12/22/2025,USD,0,-0.056990442,-0.001157049,0.020254747,-1.043868831,0.102359945,0.010817718,-0.002814253,VY4W11175X25
2025-12-16 00:00:00,0.03125,VBYM P 111.75 12/22/2025 P 111.75,2025-12-22 00:00:00,0.036157,112.515625,111.75,P,0.042711596,-0.105674436,0.025824848,0.296419727,-0.009110693,-0.001960112,1000.0000,CBoT 10y Monday Call Options P 111.75 Dec-2025,VBYM P 111.75 12/22/2025,USD,0,-0.053198441,0.005602427,0.018924452,-0.676377762,0.043305875,0.009589671,-0.003245281,VY4W11175X25
2025-12-15 00:00:00,0.140625,VBYM P 111.75 12/22/2025 P 111.75,2025-12-22 00:00:00,0.036259,112.28125,111.75,P,0.055400701,-0.266790162,0.050803175,0.381390088,-0.02066467,-0.00577223,1000.0000,CBoT 10y Monday Call Options P 111.75 Dec-2025,VBYM P 111.75 12/22/2025,USD,0,-0.036431914,0.010721484,0.014390309,-0.309203579,-0.047761126,0.003523562,-0.001665112,VY4W11175X25
2025-12-12 00:00:00,0.171875,VBYM P 111.75 12/22/2025 P 111.75,2025-12-22 00:00:00,0.03623,112.171875,111.75,P,0.046318155,-0.309882904,0.065103202,0.409931166,-0.015441179,-0.009571454,1000.0000,CBoT 10y Monday Call Options P 111.75 Dec-2025,VBYM P 111.75 12/22/2025,USD,0,-0.03711629,0.014217064,0.008565032,-0.264848071,-0.075296824,0.003413416,-0.002033022,VY4W11175X25
2025-12-11 00:00:00,0.109375,VBYM P 111.75 12/22/2025 P 111.75,2025-12-22 00:00:00,0.036223,112.453125,111.75,P,0.045841628,-0.213912087,0.056166851,0.325385119,-0.011935663,-0.007284162,1000.0000,CBoT 10y Monday Call Options P 111.75 Dec-2025,VBYM P 111.75 12/22/2025,USD,0,-0.049812112,0.015092771,0.010358173,-0.323883434,-0.030237784,0.007702927,-0.003997394,VY4W11175X25
2025-12-10 00:00:00,0.203125,VBYM P 111.75 12/22/2025 P 111.75,2025-12-22 00:00:00,0.03625,112.21875,111.75,P,0.048663816,-0.315666861,0.071968425,0.35883348,-0.014884851,-0.011714312,1000.0000,CBoT 10y Monday Call Options P 111.75 Dec-2025,VBYM P 111.75 12/22/2025,USD,0,-0.034314813,0.012648451,0.006926524,-0.194715195,-0.064127267,0.003343072,-0.00190657,VY4W11175X25
2025-12-09 00:00:00,0.34375,VBYM P 111.75 12/22/2025 P 111.75,2025-12-22 00:00:00,0.036278,112.09375,111.75,P,0.059013651,-0.388723144,0.080926846,0.306760829,-0.018695057,-0.015642452,1000.0000,CBoT 10y Monday Call Options P 111.75 Dec-2025,VBYM P 111.75 12/22/2025,USD,0,-0.017534751,0.005839203,0.003941325,-0.077492006,-0.053838612,0.001043612,-0.000517372,VY4W11175X25
2025-12-16 00:00:00,0.578125,VBYM C 112 12/22/2025 C 112,2025-12-22 00:00:00,0.036157,112.515625,112,C,0.041172552,0.808112232,0.038632994,0.458664658,-0.013545116,0.014851077,1000.0000,CBoT 10y Monday Call Options C 112 Dec-2025,VBYM C 112 12/22/2025,USD,0,-0.057398614,0.017411966,0.019773781,-0.758328128,-0.030444876,0.0072267,-0.003936838,VY4W112L25
2025-12-15 00:00:00,0.5,VBYM C 112 12/22/2025 C 112,2025-12-22 00:00:00,0.036259,112.28125,112,C,0.05511313,0.629772793,0.058553777,0.440193313,-0.023830088,0.013465025,1000.0000,CBoT 10y Monday Call Options C 112 Dec-2025,VBYM C 112 12/22/2025,USD,0,-0.022230879,0.007726653,0.008814085,-0.19172413,-0.07999844,0.001149088,-0.000603091,VY4W112L25
2025-12-12 00:00:00,0.4375,VBYM C 112 12/22/2025 C 112,2025-12-22 00:00:00,0.03623,112.171875,112,C,0.046641139,0.57965465,0.072427978,0.450883564,-0.017291461,0.017693623,1000.0000,CBoT 10y Monday Call Options C 112 Dec-2025,VBYM C 112 12/22/2025,USD,0,-0.016305064,0.006992407,0.003859971,-0.118261724,-0.104161995,0.000612996,-0.0003893,VY4W112L25
2025-12-11 00:00:00,0.625,VBYM C 112 12/22/2025 C 112,2025-12-22 00:00:00,0.036223,112.453125,112,C,0.045537423,0.695854137,0.067738535,0.39266064,-0.014289039,0.023392762,1000.0000,CBoT 10y Monday Call Options C 112 Dec-2025,VBYM C 112 12/22/2025,USD,0,-0.038848355,0.014969947,0.008110212,-0.255655396,-0.071673571,0.003903433,-0.002348188,VY4W112L25
2025-12-10 00:00:00,0.515625,VBYM C 112 12/22/2025 C 112,2025-12-22 00:00:00,0.03625,112.21875,112,C,0.048994232,0.587951645,0.078986123,0.389789962,-0.016424871,0.021521565,1000.0000,CBoT 10y Monday Call Options C 112 Dec-2025,VBYM C 112 12/22/2025,USD,0,-0.017068216,0.006943252,0.003542743,-0.098323448,-0.0849747,0.000778233,-0.000469126,VY4W112L25
2025-12-09 00:00:00,0.546875,VBYM C 112 12/22/2025 C 112,2025-12-22 00:00:00,0.036278,112.09375,112,C,0.059188161,0.531388871,0.084006509,0.31717454,-0.019453406,0.021020056,1000.0000,CBoT 10y Monday Call Options C 112 Dec-2025,VBYM C 112 12/22/2025,USD,0,-0.00465121,0.001693913,0.001111649,-0.022855122,-0.059733394,7.91983E-05,-4.03668E-05,VY4W112L25
2025-12-17 00:00:00,0.046875,VBYM P 112 12/22/2025 P 112,2025-12-22 00:00:00,0.03607,112.421875,112,P,0.035640559,-0.183090203,0.034060977,0.565387685,-0.012514586,-0.002826443,1000.0000,CBoT 10y Monday Call Options P 112 Dec-2025,VBYM P 112 12/22/2025,USD,0,-0.066895736,0.022379203,0.023823923,-1.224435745,-0.033470503,0.007951659,-0.004880904,VY4W112X25
2025-12-16 00:00:00,0.0625,VBYM P 112 12/22/2025 P 112,2025-12-22 00:00:00,0.036157,112.515625,112,P,0.041094537,-0.190845304,0.038573325,0.458874773,-0.013549067,-0.003540603,1000.0000,CBoT 10y Monday Call Options P 112 Dec-2025,VBYM P 112 12/22/2025,USD,0,-0.057534586,0.017445738,0.019684072,-0.761550082,-0.030155129,0.007257488,-0.003956034,VY4W112X25
2025-12-15 00:00:00,0.21875,VBYM P 112 12/22/2025 P 112,2025-12-22 00:00:00,0.036259,112.28125,112,P,0.055079798,-0.369457934,0.058549701,0.440430905,-0.023841902,-0.007997862,1000.0000,CBoT 10y Monday Call Options P 112 Dec-2025,VBYM P 112 12/22/2025,USD,0,-0.022256654,0.007739648,0.00871967,-0.192057187,-0.080078318,0.0011511,-0.000604485,VY4W112X25
2025-12-12 00:00:00,0.265625,VBYM P 112 12/22/2025 P 112,2025-12-22 00:00:00,0.03623,112.171875,112,P,0.046617617,-0.419314871,0.072426397,0.451102079,-0.017299416,-0.012959641,1000.0000,CBoT 10y Monday Call Options P 112 Dec-2025,VBYM P 112 12/22/2025,USD,0,-0.016321523,0.007002715,0.003762732,-0.118436191,-0.104260734,0.000613913,-0.000390073,VY4W112X25
2025-12-11 00:00:00,0.171875,VBYM P 112 12/22/2025 P 112,2025-12-22 00:00:00,0.036223,112.453125,112,P,0.045464859,-0.302772528,0.06770781,0.393123511,-0.014304882,-0.010314127,1000.0000,CBoT 10y Monday Call Options P 112 Dec-2025,VBYM P 112 12/22/2025,USD,0,-0.038957196,0.015028277,0.008020787,-0.256768183,-0.071791554,0.003920521,-0.002361511,VY4W112X25
2025-12-10 00:00:00,0.296875,VBYM P 112 12/22/2025 P 112,2025-12-22 00:00:00,0.03625,112.21875,112,P,0.048961279,-0.410801004,0.078983337,0.390039639,-0.016434958,-0.015254335,1000.0000,CBoT 10y Monday Call Options P 112 Dec-2025,VBYM P 112 12/22/2025,USD,0,-0.017091119,0.006956824,0.003445881,-0.098516284,-0.08508055,0.000779781,-0.000470364,VY4W112X25
2025-12-09 00:00:00,0.453125,VBYM P 112 12/22/2025 P 112,2025-12-22 00:00:00,0.036278,112.09375,112,P,0.059173752,-0.467313167,0.084006388,0.317251341,-0.019457948,-0.018818536,1000.0000,CBoT 10y Monday Call Options P 112 Dec-2025,VBYM P 112 12/22/2025,USD,0,-0.004653652,0.001695146,0.001012684,-0.022871018,-0.059762242,7.92564E-05,-4.0406E-05,VY4W112X25
2025-12-17 00:00:00,0.328125,VBYM C 112.25 12/22/2025 C 112.25,2025-12-22 00:00:00,0.03607,112.421875,112.25,C,0.044288194,0.616745802,0.050078221,0.654570061,-0.023317459,0.009452975,1000.0000,CBoT 10y Monday Call Options C 112.25 Dec-2025,VBYM C 112.25 12/22/2025,USD,0,-0.025199533,0.010984919,0.011221366,-0.376013613,-0.151685442,0.000987293,-0.000649422,VY4W11225L25
2025-12-16 00:00:00,0.390625,VBYM C 112.25 12/22/2025 C 112.25,2025-12-22 00:00:00,0.036157,112.515625,112.25,C,0.040794886,0.674858785,0.051560698,0.610996114,-0.018222264,0.01241743,1000.0000,CBoT 10y Monday Call Options C 112.25 Dec-2025,VBYM C 112.25 12/22/2025,USD,0,-0.039600654,0.017545314,0.013529387,-0.530948245,-0.134109061,0.002596479,-0.001779533,VY4W11225L25
2025-12-15 00:00:00,0.34375,VBYM C 112.25 12/22/2025 C 112.25,2025-12-22 00:00:00,0.036259,112.28125,112.25,C,0.052903439,0.516254461,0.061934042,0.484208247,-0.024272744,0.011050747,1000.0000,CBoT 10y Monday Call Options C 112.25 Dec-2025,VBYM C 112.25 12/22/2025,USD,0,-0.00258484,0.001080761,0.001028048,-0.027532288,-0.102621724,1.67431E-05,-9.60875E-06,VY4W11225L25
2025-12-12 00:00:00,0.3125,VBYM C 112.25 12/22/2025 C 112.25,2025-12-22 00:00:00,0.03623,112.171875,112.25,C,0.047301554,0.465664653,0.073716905,0.452159935,-0.017863983,0.014225371,1000.0000,CBoT 10y Monday Call Options C 112.25 Dec-2025,VBYM C 112.25 12/22/2025,USD,0,0.007794172,-0.00314356,-0.00179716,0.049095467,-0.106381006,0.000123022,-7.80205E-05,VY4W11225L25
2025-12-11 00:00:00,0.46875,VBYM C 112.25 12/22/2025 C 112.25,2025-12-22 00:00:00,0.036223,112.453125,112.25,C,0.046084025,0.590302564,0.075671753,0.431393985,-0.016183769,0.019863401,1000.0000,CBoT 10y Monday Call Options C 112.25 Dec-2025,VBYM C 112.25 12/22/2025,USD,0,-0.018695097,0.008052569,0.003974697,-0.124017237,-0.099894321,0.00083937,-0.000537346,VY4W11225L25
2025-12-10 00:00:00,0.375,VBYM C 112.25 12/22/2025 C 112.25,2025-12-22 00:00:00,0.03625,112.21875,112.25,C,0.048145681,0.488436129,0.081045239,0.406590461,-0.016576269,0.017897055,1000.0000,CBoT 10y Monday Call Options C 112.25 Dec-2025,VBYM C 112.25 12/22/2025,USD,0,0.002999831,-0.001095518,-0.000553278,0.012822351,-0.094674998,1.68041E-05,-1.07337E-05,VY4W11225L25
2025-12-09 00:00:00,0.40625,VBYM C 112.25 12/22/2025 C 112.25,2025-12-22 00:00:00,0.036278,112.09375,112.25,C,0.056938581,0.449974706,0.083615608,0.328231659,-0.018637783,0.017820317,1000.0000,CBoT 10y Monday Call Options C 112.25 Dec-2025,VBYM C 112.25 12/22/2025,USD,0,0.009374134,-0.003134057,-0.00200816,0.037955194,-0.063534646,0.00024641,-0.000129401,VY4W11225L25
2025-12-16 00:00:00,0.125,VBYM P 112.25 12/22/2025 P 112.25,2025-12-22 00:00:00,0.036157,112.515625,112.25,P,0.040764457,-0.324426464,0.051551921,0.611358955,-0.018231911,-0.006021406,1000.0000,CBoT 10y Monday Call Options P 112.25 Dec-2025,VBYM P 112.25 12/22/2025,USD,0,-0.039654094,0.017578969,0.01343851,-0.532052424,-0.134237406,0.002601901,-0.001784386,VY4W11225X25
2025-12-15 00:00:00,0.3125,VBYM P 112.25 12/22/2025 P 112.25,2025-12-22 00:00:00,0.036259,112.28125,112.25,P,0.052899931,-0.483049496,0.061934036,0.484240304,-0.024274234,-0.010461663,1000.0000,CBoT 10y Monday Call Options P 112.25 Dec-2025,VBYM P 112.25 12/22/2025,USD,0,-0.002585219,0.001080975,0.000928856,-0.027537441,-0.102635303,1.67464E-05,-9.61129E-06,VY4W11225X25
2025-12-12 00:00:00,0.390625,VBYM P 112.25 12/22/2025 P 112.25,2025-12-22 00:00:00,0.03623,112.171875,112.25,P,0.047312066,-0.533335046,0.073717046,0.452060264,-0.017860238,-0.016497313,1000.0000,CBoT 10y Monday Call Options P 112.25 Dec-2025,VBYM P 112.25 12/22/2025,USD,0,0.007790868,-0.003141476,-0.001895949,0.04906183,-0.106334301,0.00012294,-7.79515E-05,VY4W11225X25
2025-12-11 00:00:00,0.265625,VBYM P 112.25 12/22/2025 P 112.25,2025-12-22 00:00:00,0.036223,112.453125,112.25,P,0.046054773,-0.408551663,0.075669056,0.431653975,-0.016193074,-0.013926537,1000.0000,CBoT 10y Monday Call Options P 112.25 Dec-2025,VBYM P 112.25 12/22/2025,USD,0,-0.018718673,0.008067392,0.00387802,-0.12424692,-0.100011169,0.000840943,-0.000538683,VY4W11225X25
2025-12-10 00:00:00,0.40625,VBYM P 112.25 12/22/2025 P 112.25,2025-12-22 00:00:00,0.03625,112.21875,112.25,P,0.048150273,-0.510371422,0.081045247,0.40655172,-0.016574751,-0.018963061,1000.0000,CBoT 10y Monday Call Options P 112.25 Dec-2025,VBYM P 112.25 12/22/2025,USD,0,0.002999328,-0.001095204,-0.000652431,0.012818296,-0.094656967,1.67991E-05,-1.07297E-05,VY4W11225X25
2025-12-09 00:00:00,0.5625,VBYM P 112.25 12/22/2025 P 112.25,2025-12-22 00:00:00,0.036278,112.09375,112.25,P,0.056962704,-0.548711431,0.08361624,0.32809499,-0.018630303,-0.022106682,1000.0000,CBoT 10y Monday Call Options P 112.25 Dec-2025,VBYM P 112.25 12/22/2025,USD,0,0.009366579,-0.003130122,-0.002106636,0.037905874,-0.063482217,0.000246098,-0.000129184,VY4W11225X25
2025-12-17 00:00:00,0.1875,VBYM C 112.5 12/22/2025 C 112.5,2025-12-22 00:00:00,0.03607,112.421875,112.5,C,0.042752056,0.445562274,0.051952733,0.702266407,-0.023418747,0.006836146,1000.0000,CBoT 10y Monday Call Options C 112.5 Dec-2025,VBYM C 112.5 12/22/2025,USD,0,0.013060264,-0.005942755,-0.0055395,0.191343034,-0.18111614,0.000234281,-0.000163415,VY4W1125L25
2025-12-16 00:00:00,0.234375,VBYM C 112.5 12/22/2025 C 112.5,2025-12-22 00:00:00,0.036157,112.515625,112.5,C,0.03937942,0.511673975,0.057489268,0.70150949,-0.019703643,0.009425218,1000.0000,CBoT 10y Monday Call Options C 112.5 Dec-2025,VBYM C 112.5 12/22/2025,USD,0,-0.002528241,0.001413313,0.000880359,-0.041727144,-0.200291406,1.0953E-05,-8.43662E-06,VY4W1125L25
2025-12-15 00:00:00,0.234375,VBYM C 112.5 12/22/2025 C 112.5,2025-12-22 00:00:00,0.036259,112.28125,112.5,C,0.053553167,0.397646715,0.059876237,0.462990255,-0.023728629,0.008517916,1000.0000,CBoT 10y Monday Call Options C 112.5 Dec-2025,VBYM C 112.5 12/22/2025,USD,0,0.019160656,-0.006809676,-0.007289882,0.161524806,-0.090388524,0.000770851,-0.000422027,VY4W1125L25
2025-12-12 00:00:00,0.203125,VBYM C 112.5 12/22/2025 C 112.5,2025-12-22 00:00:00,0.03623,112.171875,112.5,C,0.046197315,0.35230708,0.068657493,0.432579973,-0.016249123,0.010772266,1000.0000,CBoT 10y Monday Call Options C 112.5 Dec-2025,VBYM C 112.5 12/22/2025,USD,0,0.030987323,-0.012303619,-0.007122686,0.213935195,-0.089711108,0.002175722,-0.001344364,VY4W1125L25
2025-12-11 00:00:00,0.34375,VBYM C 112.5 12/22/2025 C 112.5,2025-12-22 00:00:00,0.036223,112.453125,112.5,C,0.047124624,0.480790665,0.077705926,0.4326988,-0.017008907,0.016190499,1000.0000,CBoT 10y Monday Call Options C 112.5 Dec-2025,VBYM C 112.5 12/22/2025,USD,0,0.004648738,-0.001823768,-0.000948059,0.0247812,-0.102989358,4.25194E-05,-2.72792E-05,VY4W1125L25
2025-12-10 00:00:00,0.265625,VBYM C 112.5 12/22/2025 C 112.5,2025-12-22 00:00:00,0.03625,112.21875,112.5,C,0.048053531,0.388154538,0.077755787,0.39153596,-0.015881956,0.014234033,1000.0000,CBoT 10y Monday Call Options C 112.5 Dec-2025,VBYM C 112.5 12/22/2025,USD,0,0.023234596,-0.009126875,-0.004613552,0.127140337,-0.083890871,0.001337588,-0.000812349,VY4W1125L25
2025-12-09 00:00:00,0.296875,VBYM C 112.5 12/22/2025 C 112.5,2025-12-22 00:00:00,0.036278,112.09375,112.5,C,0.055930642,0.367414705,0.079473254,0.318099386,-0.017401021,0.014563729,1000.0000,CBoT 10y Monday Call Options C 112.5 Dec-2025,VBYM C 112.5 12/22/2025,USD,0,0.023418532,-0.007755425,-0.005001227,0.10169544,-0.056265634,0.001671774,-0.000861886,VY4W1125L25
2025-12-17 00:00:00,0.234375,VBYM P 112.5 12/22/2025 P 112.5,2025-12-22 00:00:00,0.03607,112.421875,112.5,P,0.036738254,-0.563044082,0.051750902,0.814431307,-0.020040568,-0.008703038,1000.0000,CBoT 10y Monday Call Options P 112.5 Dec-2025,VBYM P 112.5 12/22/2025,USD,0,0.017544116,-0.009300819,-0.006501043,0.301943443,-0.242726802,0.000367988,-0.000297952,VY4W1125X25
2025-12-16 00:00:00,0.21875,VBYM P 112.5 12/22/2025 P 112.5,2025-12-22 00:00:00,0.036157,112.515625,112.5,P,0.039377806,-0.487731431,0.057489266,0.701538236,-0.019704381,-0.009056935,1000.0000,CBoT 10y Monday Call Options P 112.5 Dec-2025,VBYM P 112.5 12/22/2025,USD,0,-0.00252847,0.001413487,0.000781398,-0.041731989,-0.200307816,1.09544E-05,-8.438E-06,VY4W1125X25
2025-12-15 00:00:00,0.453125,VBYM P 112.5 12/22/2025 P 112.5,2025-12-22 00:00:00,0.036259,112.28125,112.5,P,0.053578532,-0.601609574,0.059878327,0.462786158,-0.023718984,-0.013041412,1000.0000,CBoT 10y Monday Call Options P 112.5 Dec-2025,VBYM P 112.5 12/22/2025,USD,0,0.019143395,-0.00680046,-0.007386014,0.161298578,-0.09031223,0.000769781,-0.000421251,VY4W1125X25
2025-12-12 00:00:00,0.53125,VBYM P 112.5 12/22/2025 P 112.5,2025-12-22 00:00:00,0.03623,112.171875,112.5,P,0.046244565,-0.64655454,0.068668669,0.432202385,-0.016235749,-0.02001467,1000.0000,CBoT 10y Monday Call Options P 112.5 Dec-2025,VBYM P 112.5 12/22/2025,USD,0,0.030929268,-0.012269745,-0.00721573,0.213307468,-0.089572465,0.002169382,-0.001339217,VY4W1125X25
2025-12-11 00:00:00,0.390625,VBYM P 112.5 12/22/2025 P 112.5,2025-12-22 00:00:00,0.036223,112.453125,112.5,P,0.047131205,-0.518115219,0.077705956,0.432638536,-0.017006641,-0.017676531,1000.0000,CBoT 10y Monday Call Options P 112.5 Dec-2025,VBYM P 112.5 12/22/2025,USD,0,0.004647538,-0.001823006,-0.001047073,0.024770225,-0.10296071,4.25014E-05,-2.7264E-05,VY4W1125X25
2025-12-10 00:00:00,0.546875,VBYM P 112.5 12/22/2025 P 112.5,2025-12-22 00:00:00,0.03625,112.21875,112.5,P,0.048096533,-0.610554565,0.077762027,0.391214745,-0.015869485,-0.022704646,1000.0000,CBoT 10y Monday Call Options P 112.5 Dec-2025,VBYM P 112.5 12/22/2025,USD,0,0.023195397,-0.009103789,-0.004709047,0.126805472,-0.08376057,0.001334101,-0.000809549,VY4W1125X25
2025-12-09 00:00:00,0.703125,VBYM P 112.5 12/22/2025 P 112.5,2025-12-22 00:00:00,0.036278,112.09375,112.5,P,0.055996521,-0.63113993,0.079484918,0.317769024,-0.017383681,-0.025447063,1000.0000,CBoT 10y Monday Call Options P 112.5 Dec-2025,VBYM P 112.5 12/22/2025,USD,0,0.023367523,-0.007730287,-0.005095423,0.101347189,-0.056158647,0.001666109,-0.000858038,VY4W1125X25
2025-12-17 00:00:00,0.078125,VBYM C 112.75 12/22/2025 C 112.75,2025-12-22 00:00:00,0.03607,112.421875,112.75,C,0.03824591,0.258107635,0.041956356,0.641941804,-0.016735295,0.003964511,1000.0000,CBoT 10y Monday Call Options C 112.75 Dec-2025,VBYM C 112.75 12/22/2025,USD,0,0.055184327,-0.022642464,-0.021080243,0.930501057,-0.108710436,0.004711308,-0.003173423,VY4W11275L25
2025-12-16 00:00:00,0.125,VBYM C 112.75 12/22/2025 C 112.75,2025-12-22 00:00:00,0.036157,112.515625,112.75,C,0.038696997,0.338171619,0.052419958,0.654750802,-0.017619161,0.00623454,1000.0000,CBoT 10y Monday Call Options C 112.75 Dec-2025,VBYM C 112.75 12/22/2025,USD,0,0.039850058,-0.018663431,-0.012817148,0.550228301,-0.156892212,0.002396816,-0.001749279,VY4W11275L25
2025-12-15 00:00:00,0.140625,VBYM C 112.75 12/22/2025 C 112.75,2025-12-22 00:00:00,0.036259,112.28125,112.75,C,0.051852042,0.281918137,0.052196694,0.418733289,-0.019910188,0.00604407,1000.0000,CBoT 10y Monday Call Options C 112.75 Dec-2025,VBYM C 112.75 12/22/2025,USD,0,0.038009401,-0.012103203,-0.014049602,0.336230813,-0.060153782,0.003407733,-0.001750501,VY4W11275L25
2025-12-12 00:00:00,0.125,VBYM C 112.75 12/22/2025 C 112.75,2025-12-22 00:00:00,0.03623,112.171875,112.75,C,0.045585199,0.248790998,0.058250491,0.374310827,-0.0135776,0.007612885,1000.0000,CBoT 10y Monday Call Options C 112.75 Dec-2025,VBYM C 112.75 12/22/2025,USD,0,0.047611794,-0.015926091,-0.010827271,0.336116499,-0.049354316,0.005989411,-0.003331977,VY4W11275L25
2025-12-11 00:00:00,0.234375,VBYM C 112.75 12/22/2025 C 112.75,2025-12-22 00:00:00,0.036223,112.453125,112.75,C,0.046672287,0.37356655,0.073700389,0.415362675,-0.015983969,0.012590376,1000.0000,CBoT 10y Monday Call Options C 112.75 Dec-2025,VBYM C 112.75 12/22/2025,USD,0,0.026714483,-0.010700933,-0.005630318,0.164741156,-0.089483804,0.001675899,-0.001039441,VY4W11275L25
2025-12-10 00:00:00,0.171875,VBYM C 112.75 12/22/2025 C 112.75,2025-12-22 00:00:00,0.03625,112.21875,112.75,C,0.046715089,0.289672107,0.069109616,0.359695281,-0.01372491,0.010632207,1000.0000,CBoT 10y Monday Call Options C 112.75 Dec-2025,VBYM C 112.75 12/22/2025,USD,0,0.041118727,-0.014735001,-0.007974836,0.234980079,-0.059544705,0.004629607,-0.002665232,VY4W11275L25
2025-12-09 00:00:00,0.21875,VBYM C 112.75 12/22/2025 C 112.75,2025-12-22 00:00:00,0.036278,112.09375,112.75,C,0.056363815,0.293031169,0.072397462,0.288274878,-0.015960175,0.011622288,1000.0000,CBoT 10y Monday Call Options C 112.75 Dec-2025,VBYM C 112.75 12/22/2025,USD,0,0.033790777,-0.010069864,-0.007296172,0.147281269,-0.040067192,0.003884806,-0.001860425,VY4W11275L25
2025-12-17 00:00:00,0.328125,VBYM P 112.75 12/22/2025 P 112.75,2025-12-22 00:00:00,0.03607,112.421875,112.75,P,0.009445064,-0.995276576,,0.099773307,-7.85571E-05,-0.015371718,1000.0000,CBoT 10y Monday Call Options P 112.75 Dec-2025,VBYM P 112.75 12/22/2025,USD,0,0.034507771,0.180887663,-0.00335764,2.371384209,0.704422298,0.011968156,0.050059706,VY4W11275X25
2025-12-16 00:00:00,0.359375,VBYM P 112.75 12/22/2025 P 112.75,2025-12-22 00:00:00,0.036157,112.515625,112.75,P,0.038723407,-0.661129035,0.052427079,0.654382747,-0.017610293,-0.012286773,1000.0000,CBoT 10y Monday Call Options P 112.75 Dec-2025,VBYM P 112.75 12/22/2025,USD,0,0.039800814,-0.018629956,-0.012909018,0.549164689,-0.156742682,0.002392202,-0.001744869,VY4W11275X25
2025-12-15 00:00:00,0.609375,VBYM P 112.75 12/22/2025 P 112.75,2025-12-22 00:00:00,0.036259,112.28125,112.75,P,0.0519141,-0.717151097,0.052219036,0.418400955,-0.019896129,-0.015559176,1000.0000,CBoT 10y Monday Call Options P 112.75 Dec-2025,VBYM P 112.75 12/22/2025,USD,0,0.037934392,-0.012070542,-0.014137884,0.335156216,-0.060106973,0.003396892,-0.001743373,VY4W11275X25
2025-12-12 00:00:00,0.703125,VBYM P 112.75 12/22/2025 P 112.75,2025-12-22 00:00:00,0.03623,112.171875,112.75,P,0.04568266,-0.749753643,0.058312573,0.373881925,-0.013563473,-0.023232807,1000.0000,CBoT 10y Monday Call Options P 112.75 Dec-2025,VBYM P 112.75 12/22/2025,USD,0,0.047456896,-0.015860478,-0.010914208,0.334292392,-0.049374232,0.005957047,-0.003309484,VY4W11275X25
2025-12-11 00:00:00,0.53125,VBYM P 112.75 12/22/2025 P 112.75,2025-12-22 00:00:00,0.036223,112.453125,112.75,P,0.046716127,-0.625225388,0.073708386,0.415014106,-0.01597121,-0.021348138,1000.0000,CBoT 10y Monday Call Options P 112.75 Dec-2025,VBYM P 112.75 12/22/2025,USD,0,0.026667631,-0.010673015,-0.005724814,0.164290222,-0.089344653,0.001671351,-0.001035719,VY4W11275X25
2025-12-10 00:00:00,0.703125,VBYM P 112.75 12/22/2025 P 112.75,2025-12-22 00:00:00,0.03625,112.21875,112.75,P,0.046806015,-0.708763569,0.069154713,0.359213191,-0.013707573,-0.026378581,1000.0000,CBoT 10y Monday Call Options P 112.75 Dec-2025,VBYM P 112.75 12/22/2025,USD,0,0.040985048,-0.014668622,-0.008063503,0.233747317,-0.059453313,0.004605454,-0.002647366,VY4W11275X25
2025-12-09 00:00:00,0.875,VBYM P 112.75 12/22/2025 P 112.75,2025-12-22 00:00:00,0.036278,112.09375,112.75,P,0.056480315,-0.705284604,0.072444881,0.287858822,-0.015938325,-0.028468014,1000.0000,CBoT 10y Monday Call Options P 112.75 Dec-2025,VBYM P 112.75 12/22/2025,USD,0,0.033673747,-0.010021221,-0.007385114,0.14645669,-0.039997747,0.00386321,-0.001847117,VY4W11275X25
2025-12-17 00:00:00,0.046875,VBYM C 113 12/22/2025 C 113,2025-12-22 00:00:00,0.03607,112.421875,113,C,0.043425402,0.156985788,0.03104725,0.420452139,-0.013652702,0.00241146,1000.0000,CBoT 10y Monday Call Options C 113 Dec-2025,VBYM C 113 12/22/2025,USD,0,0.055972209,-0.012586539,-0.024290644,0.832747643,0.002009788,0.007413804,-0.003383021,VY4W113L25
2025-12-16 00:00:00,0.0625,VBYM C 113 12/22/2025 C 113,2025-12-22 00:00:00,0.036157,112.515625,113,C,0.039384913,0.198064443,0.03941551,0.489734374,-0.013304771,0.003653613,1000.0000,CBoT 10y Monday Call Options C 113 Dec-2025,VBYM C 113 12/22/2025,USD,0,0.060279496,-0.01944371,-0.01976457,0.822603571,-0.038659076,0.007375601,-0.004262915,VY4W113L25
2025-12-15 00:00:00,0.078125,VBYM C 113 12/22/2025 C 113,2025-12-22 00:00:00,0.036259,112.28125,113,C,0.050706427,0.18256305,0.040669644,0.335669817,-0.014972097,0.003916718,1000.0000,CBoT 10y Monday Call Options C 113 Dec-2025,VBYM C 113 12/22/2025,USD,0,0.047612037,-0.010953942,-0.01722641,0.432698365,-0.012954312,0.006701376,-0.002873618,VY4W113L25
2025-12-12 00:00:00,0.078125,VBYM C 113 12/22/2025 C 113,2025-12-22 00:00:00,0.03623,112.171875,113,C,0.046436902,0.170100141,0.046287272,0.293502199,-0.010916842,0.005207509,1000.0000,CBoT 10y Monday Call Options C 113 Dec-2025,VBYM C 113 12/22/2025,USD,0,0.052358473,-0.012134687,-0.012139943,0.363952223,-0.005971664,0.009265605,-0.004158814,VY4W113L25
2025-12-11 00:00:00,0.15625,VBYM C 113 12/22/2025 C 113,2025-12-22 00:00:00,0.036223,112.453125,113,C,0.046986773,0.277070265,0.064866287,0.3649001,-0.014151333,0.00934419,1000.0000,CBoT 10y Monday Call Options C 113 Dec-2025,VBYM C 113 12/22/2025,USD,0,0.042658283,-0.0148226,-0.009083299,0.264240918,-0.056441251,0.004918963,-0.002770546,VY4W113L25
2025-12-10 00:00:00,0.109375,VBYM C 113 12/22/2025 C 113,2025-12-22 00:00:00,0.03625,112.21875,113,C,0.04648288,0.206169402,0.057263443,0.301270519,-0.011292677,0.007572423,1000.0000,CBoT 10y Monday Call Options C 113 Dec-2025,VBYM C 113 12/22/2025,USD,0,0.050718379,-0.014318236,-0.009802593,0.292733045,-0.023451874,0.008451346,-0.004222763,VY4W113L25
2025-12-09 00:00:00,0.15625,VBYM C 113 12/22/2025 C 113,2025-12-22 00:00:00,0.036278,112.09375,113,C,0.056569889,0.226669344,0.06320966,0.251518338,-0.013954409,0.008995393,1000.0000,CBoT 10y Monday Call Options C 113 Dec-2025,VBYM C 113 12/22/2025,USD,0,0.040415381,-0.010124252,-0.008770908,0.176433887,-0.021488409,0.006402876,-0.002751939,VY4W113L25
2025-12-16 00:00:00,0.546875,VBYM P 113 12/22/2025 P 113,2025-12-22 00:00:00,0.036157,112.515625,113,P,0.039456567,-0.800909994,0.039471645,0.489487278,-0.013300177,-0.014902764,1000.0000,CBoT 10y Monday Call Options P 113 Dec-2025,VBYM P 113 12/22/2025,USD,0,0.060140319,-0.019403288,-0.019853761,0.81919616,-0.038935968,0.007345129,-0.004242482,VY4W113X25
2025-12-15 00:00:00,0.796875,VBYM P 113 12/22/2025 P 113,2025-12-22 00:00:00,0.036259,112.28125,113,P,0.050827717,-0.816165167,0.040753439,0.335528484,-0.01496845,-0.017727132,1000.0000,CBoT 10y Monday Call Options P 113 Dec-2025,VBYM P 113 12/22/2025,USD,0,0.047479299,-0.010933763,-0.017318681,0.430446442,-0.013209712,0.006666623,-0.002857058,VY4W113X25
2025-12-12 00:00:00,0.90625,VBYM P 113 12/22/2025 P 113,2025-12-22 00:00:00,0.03623,112.171875,113,P,0.046611467,-0.827995643,0.046453941,0.293405662,-0.010915328,-0.025692886,1000.0000,CBoT 10y Monday Call Options P 113 Dec-2025,VBYM P 113 12/22/2025,USD,0,0.052146803,-0.012116294,-0.012235383,0.361101487,-0.006430782,0.009193307,-0.004124415,VY4W113X25
2025-12-11 00:00:00,0.703125,VBYM P 113 12/22/2025 P 113,2025-12-22 00:00:00,0.036223,112.453125,113,P,0.047078056,-0.721449917,0.064914215,0.364442195,-0.014134783,-0.024660461,1000.0000,CBoT 10y Monday Call Options P 113 Dec-2025,VBYM P 113 12/22/2025,USD,0,0.042523269,-0.01475894,-0.009171202,0.262879829,-0.056380428,0.004893755,-0.00275243,VY4W113X25
2025-12-10 00:00:00,0.890625,VBYM P 113 12/22/2025 P 113,2025-12-22 00:00:00,0.03625,112.21875,113,P,0.046643187,-0.79182835,0.057405035,0.30093385,-0.011281634,-0.029504408,1000.0000,CBoT 10y Monday Call Options P 113 Dec-2025,VBYM P 113 12/22/2025,USD,0,0.050489362,-0.014254167,-0.009891077,0.290389127,-0.023681797,0.008383971,-0.004183062,VY4W113X25
2025-12-09 00:00:00,1.0625,VBYM P 113 12/22/2025 P 113,2025-12-22 00:00:00,0.036278,112.09375,113,P,0.056753496,-0.771299066,0.063331203,0.251165681,-0.013936496,-0.031170086,1000.0000,CBoT 10y Monday Call Options P 113 Dec-2025,VBYM P 113 12/22/2025,USD,0,0.040229985,-0.010070613,-0.00885817,0.175040253,-0.021571168,0.00635259,-0.00272561,VY4W113X25
2025-12-17 00:00:00,0.015625,VBYM C 113.25 12/22/2025 C 113.25,2025-12-22 00:00:00,0.03607,112.421875,113.25,C,0.041481654,0.065597291,0.01656459,0.233909198,-0.006449271,0.001008302,1000.0000,CBoT 10y Monday Call Options C 113.25 Dec-2025,VBYM C 113.25 12/22/2025,USD,0,0.046598728,0.003239021,-0.019323442,0.72710176,0.081465359,0.009253824,-0.001594778,VY4W11325L25
2025-12-16 00:00:00,0.03125,VBYM C 113.25 12/22/2025 C 113.25,2025-12-22 00:00:00,0.036157,112.515625,113.25,C,0.041172639,0.109338148,0.026425531,0.315143995,-0.009015709,0.002017636,1000.0000,CBoT 10y Monday Call Options C 113.25 Dec-2025,VBYM C 113.25 12/22/2025,USD,0,0.056147294,-0.006503627,-0.019253606,0.734156527,0.044680927,0.009960782,-0.00358343,VY4W11325L25
2025-12-15 00:00:00,0.0625,VBYM C 113.25 12/22/2025 C 113.25,2025-12-22 00:00:00,0.036259,112.28125,113.25,C,0.057011989,0.139056921,0.034064014,0.249862319,-0.01389198,0.002982777,1000.0000,CBoT 10y Monday Call Options C 113.25 Dec-2025,VBYM C 113.25 12/22/2025,USD,0,0.042427902,-0.006019207,-0.017264037,0.343100754,0.009051746,0.007152399,-0.002278383,VY4W11325L25
2025-12-12 00:00:00,0.046875,VBYM C 113.25 12/22/2025 C 113.25,2025-12-22 00:00:00,0.03623,112.171875,113.25,C,0.047182644,0.110954809,0.034541278,0.215912081,-0.008163444,0.003398316,1000.0000,CBoT 10y Monday Call Options C 113.25 Dec-2025,VBYM C 113.25 12/22/2025,USD,0,0.049256689,-0.005151799,-0.011609291,0.337537977,0.025673351,0.011165714,-0.003549457,VY4W11325L25
2025-12-11 00:00:00,0.09375,VBYM C 113.25 12/22/2025 C 113.25,2025-12-22 00:00:00,0.036223,112.453125,113.25,C,0.046133072,0.189851219,0.052202171,0.301037588,-0.011141927,0.006407523,1000.0000,CBoT 10y Monday Call Options C 113.25 Dec-2025,VBYM C 113.25 12/22/2025,USD,0,0.052051514,-0.013692645,-0.010896142,0.329917095,-0.01633572,0.008918669,-0.00429703,VY4W11325L25
2025-12-10 00:00:00,0.078125,VBYM C 113.25 12/22/2025 C 113.25,2025-12-22 00:00:00,0.03625,112.21875,113.25,C,0.048868453,0.151810748,0.047115821,0.236265872,-0.0097064,0.005577073,1000.0000,CBoT 10y Monday Call Options C 113.25 Dec-2025,VBYM C 113.25 12/22/2025,USD,0,0.049843452,-0.00944142,-0.010133975,0.274093147,0.003568893,0.010425282,-0.004126497,VY4W11325L25
2025-12-09 00:00:00,0.125,VBYM C 113.25 12/22/2025 C 113.25,2025-12-22 00:00:00,0.036278,112.09375,113.25,C,0.059732935,0.182579144,0.055505702,0.209410112,-0.012887476,0.007246205,1000.0000,CBoT 10y Monday Call Options C 113.25 Dec-2025,VBYM C 113.25 12/22/2025,USD,0,0.040577607,-0.007873394,-0.009304236,0.168059319,-0.006732582,0.007765987,-0.002823176,VY4W11325L25
2025-12-17 00:00:00,0.796875,VBYM P 113.25 12/22/2025 P 113.25,2025-12-22 00:00:00,0.03607,112.421875,113.25,P,,,,,,,1000.0000,CBoT 10y Monday Call Options P 113.25 Dec-2025,VBYM P 113.25 12/22/2025,USD,0,,,,,,,,VY4W11325X25
2025-12-16 00:00:00,0.765625,VBYM P 113.25 12/22/2025 P 113.25,2025-12-22 00:00:00,0.036157,112.515625,113.25,P,0.041333762,-0.889163918,0.026585869,0.315775821,-0.009036913,-0.0165711,1000.0000,CBoT 10y Monday Call Options P 113.25 Dec-2025,VBYM P 113.25 12/22/2025,USD,0,0.056041516,-0.006625849,-0.019391471,0.729892483,0.043580161,0.009903095,-0.003577104,VY4W11325X25
2025-12-15 00:00:00,1.03125,VBYM P 113.25 12/22/2025 P 113.25,2025-12-22 00:00:00,0.036259,112.28125,113.25,P,0.057207117,-0.859421235,0.034204987,0.250015934,-0.013904089,-0.018703634,1000.0000,CBoT 10y Monday Call Options P 113.25 Dec-2025,VBYM P 113.25 12/22/2025,USD,0,0.042310233,-0.006041309,-0.017374278,0.340965201,0.008630755,0.007108057,-0.002266555,VY4W11325X25
2025-12-12 00:00:00,1.125,VBYM P 113.25 12/22/2025 P 113.25,2025-12-22 00:00:00,0.03623,112.171875,113.25,P,0.047485766,-0.886562444,0.034879243,0.216591416,-0.00819197,-0.027552794,1000.0000,CBoT 10y Monday Call Options P 113.25 Dec-2025,VBYM P 113.25 12/22/2025,USD,0,0.049098277,-0.005299004,-0.011745347,0.334277247,0.024612949,0.011058302,-0.003537334,VY4W11325X25
2025-12-11 00:00:00,0.890625,VBYM P 113.25 12/22/2025 P 113.25,2025-12-22 00:00:00,0.036223,112.453125,113.25,P,0.046297116,-0.808205725,0.052354247,0.300796852,-0.011134802,-0.027656778,1000.0000,CBoT 10y Monday Call Options P 113.25 Dec-2025,VBYM P 113.25 12/22/2025,USD,0,0.051827273,-0.013646195,-0.010986814,0.327310652,-0.016666625,0.008848494,-0.004258626,VY4W11325X25
2025-12-10 00:00:00,1.109375,VBYM P 113.25 12/22/2025 P 113.25,2025-12-22 00:00:00,0.03625,112.21875,113.25,P,0.049124693,-0.84572414,0.047387846,0.236340277,-0.009711608,-0.031564876,1000.0000,CBoT 10y Monday Call Options P 113.25 Dec-2025,VBYM P 113.25 12/22/2025,USD,0,0.049601312,-0.009457617,-0.010236699,0.271314361,0.002952669,0.010320053,-0.00408684,VY4W11325X25
2025-12-09 00:00:00,1.28125,VBYM P 113.25 12/22/2025 P 113.25,2025-12-22 00:00:00,0.036278,112.09375,113.25,P,0.059999155,-0.81505215,0.055716437,0.209247206,-0.012879604,-0.032994859,1000.0000,CBoT 10y Monday Call Options P 113.25 Dec-2025,VBYM P 113.25 12/22/2025,USD,0,0.040368355,-0.007846674,-0.009396653,0.166432406,-0.006984359,0.00769123,-0.002793003,VY4W11325X25
2025-12-16 00:00:00,0.015625,VBYM C 113.5 12/22/2025 C 113.5,2025-12-22 00:00:00,0.036157,112.515625,113.5,C,0.043273496,0.058502271,0.016675619,0.187040173,-0.005659052,0.001079822,1000.0000,CBoT 10y Monday Call Options C 113.5 Dec-2025,VBYM C 113.5 12/22/2025,USD,0,0.042435958,0.004593986,-0.015297141,0.528330968,0.071241278,0.009594264,-0.001186326,VY4W1135L25
2025-12-15 00:00:00,0.03125,VBYM C 113.5 12/22/2025 C 113.5,2025-12-22 00:00:00,0.036259,112.28125,113.5,C,0.055405412,0.080227054,0.022917763,0.172898996,-0.008801049,0.001721933,1000.0000,CBoT 10y Monday Call Options C 113.5 Dec-2025,VBYM C 113.5 12/22/2025,USD,0,0.037930315,-0.000101437,-0.015003065,0.316193954,0.034328577,0.008275928,-0.001524004,VY4W1135L25
2025-12-12 00:00:00,0.03125,VBYM C 113.5 12/22/2025 C 113.5,2025-12-22 00:00:00,0.03623,112.171875,113.5,C,0.049509017,0.075965119,0.026204444,0.155460614,-0.006376095,0.002327042,1000.0000,CBoT 10y Monday Call Options C 113.5 Dec-2025,VBYM C 113.5 12/22/2025,USD,0,0.041576636,0.000577416,-0.010284552,0.271704067,0.037443564,0.011056175,-0.002092393,VY4W1135L25
2025-12-11 00:00:00,0.0625,VBYM C 113.5 12/22/2025 C 113.5,2025-12-22 00:00:00,0.036223,112.453125,113.5,C,0.047879413,0.133212144,0.04132429,0.230086785,-0.009071458,0.004497329,1000.0000,CBoT 10y Monday Call Options C 113.5 Dec-2025,VBYM C 113.5 12/22/2025,USD,0,0.050261921,-0.007870378,-0.010925468,0.307454557,0.013123087,0.010898064,-0.00399968,VY4W1135L25
2025-12-10 00:00:00,0.046875,VBYM C 113.5 12/22/2025 C 113.5,2025-12-22 00:00:00,0.03625,112.21875,113.5,C,0.048744554,0.100144541,0.035193844,0.177070318,-0.007146268,0.003681065,1000.0000,CBoT 10y Monday Call Options C 113.5 Dec-2025,VBYM C 113.5 12/22/2025,USD,0,0.046438197,-0.003270078,-0.00942176,0.256452612,0.026492654,0.012095361,-0.003350239,VY4W1135L25
2025-12-09 00:00:00,0.09375,VBYM C 113.5 12/22/2025 C 113.5,2025-12-22 00:00:00,0.036278,112.09375,113.5,C,0.061364468,0.141960563,0.047064187,0.173008213,-0.011163264,0.005635618,1000.0000,CBoT 10y Monday Call Options C 113.5 Dec-2025,VBYM C 113.5 12/22/2025,USD,0,0.039612451,-0.005360474,-0.00933511,0.159959802,0.005021681,0.008972737,-0.002692236,VY4W1135L25
2025-12-16 00:00:00,1,VBYM P 113.5 12/22/2025 P 113.5,2025-12-22 00:00:00,0.036157,112.515625,113.5,P,0.043617393,-0.939441583,0.016992194,0.189192387,-0.005728345,-0.017539684,1000.0000,CBoT 10y Monday Call Options P 113.5 Dec-2025,VBYM P 113.5 12/22/2025,USD,0,0.042587077,0.004196529,-0.015572539,0.52600235,0.069603513,0.009552246,-0.001256607,VY4W1135X25
2025-12-15 00:00:00,1.25,VBYM P 113.5 12/22/2025 P 113.5,2025-12-22 00:00:00,0.036259,112.28125,113.5,P,0.055768841,-0.91769945,0.023214129,0.173995338,-0.008861409,-0.020000544,1000.0000,CBoT 10y Monday Call Options P 113.5 Dec-2025,VBYM P 113.5 12/22/2025,USD,0,0.037923454,-0.000275166,-0.015197929,0.314054048,0.03342018,0.008220213,-0.00154179,VY4W1135X25
2025-12-12 00:00:00,1.359375,VBYM P 113.5 12/22/2025 P 113.5,2025-12-22 00:00:00,0.03623,112.171875,113.5,P,0.050000617,-0.920998344,0.026736176,0.157070605,-0.006446001,-0.02867554,1000.0000,CBoT 10y Monday Call Options P 113.5 Dec-2025,VBYM P 113.5 12/22/2025,USD,0,0.041596591,0.000237118,-0.010490695,0.269131183,0.036036928,0.010952101,-0.002140745,VY4W1135X25
2025-12-11 00:00:00,1.109375,VBYM P 113.5 12/22/2025 P 113.5,2025-12-22 00:00:00,0.036223,112.453125,113.5,P,0.04815052,-0.864337113,0.041622793,0.230393356,-0.009085984,-0.029625112,1000.0000,CBoT 10y Monday Call Options P 113.5 Dec-2025,VBYM P 113.5 12/22/2025,USD,0,0.050047638,-0.007936888,-0.011039504,0.304394293,0.012315637,0.010790045,-0.003969017,VY4W1135X25
2025-12-10 00:00:00,1.328125,VBYM P 113.5 12/22/2025 P 113.5,2025-12-22 00:00:00,0.03625,112.21875,113.5,P,0.049168577,-0.896698359,0.035702314,0.178047868,-0.007188687,-0.033517547,1000.0000,CBoT 10y Monday Call Options P 113.5 Dec-2025,VBYM P 113.5 12/22/2025,USD,0,0.04629467,-0.00349752,-0.009573402,0.253424744,0.025257772,0.011953271,-0.003351218,VY4W1135X25
2025-12-09 00:00:00,1.5,VBYM P 113.5 12/22/2025 P 113.5,2025-12-22 00:00:00,0.036278,112.09375,113.5,P,0.061745294,-0.855243556,0.047408151,0.173170711,-0.011176485,-0.034677434,1000.0000,CBoT 10y Monday Call Options P 113.5 Dec-2025,VBYM P 113.5 12/22/2025,USD,0,0.039407738,-0.005389997,-0.009443629,0.158130482,0.004547339,0.008870715,-0.002665688,VY4W1135X25
2025-12-16 00:00:00,0.001,VBYM C 113.75 12/22/2025 C 113.75,2025-12-22 00:00:00,0.036157,112.515625,113.75,C,0.034083607,0.006303551,0.003253382,0.036114788,-0.000573936,0.000116561,1000.0000,CBoT 10y Monday Call Options C 113.75 Dec-2025,VBYM C 113.75 12/22/2025,USD,0,0.013017195,0.016177648,-0.00369665,0.206129679,0.062390606,0.004684544,0.004445073,VY4W11375L25
2025-12-15 00:00:00,0.03125,VBYM C 113.75 12/22/2025 C 113.75,2025-12-22 00:00:00,0.036259,112.28125,113.75,C,0.063806723,0.071229249,0.02100446,0.137127592,-0.009191919,0.001528077,1000.0000,CBoT 10y Monday Call Options C 113.75 Dec-2025,VBYM C 113.75 12/22/2025,USD,0,0.031454277,0.000833854,-0.014328598,0.22755776,0.028067371,0.007171821,-0.000940639,VY4W11375L25
2025-12-12 00:00:00,0.015625,VBYM C 113.75 12/22/2025 C 113.75,2025-12-22 00:00:00,0.03623,112.171875,113.75,C,0.048872473,0.042405752,0.016786711,0.099549279,-0.003883501,0.001299747,1000.0000,CBoT 10y Monday Call Options C 113.75 Dec-2025,VBYM C 113.75 12/22/2025,USD,0,0.031995243,0.006463684,-0.007814224,0.212029236,0.04529969,0.01023545,-3.63837E-05,VY4W11375L25
2025-12-11 00:00:00,0.046875,VBYM C 113.75 12/22/2025 C 113.75,2025-12-22 00:00:00,0.036223,112.453125,113.75,C,0.051254019,0.099419779,0.03363695,0.174598311,-0.007809908,0.003356526,1000.0000,CBoT 10y Monday Call Options C 113.75 Dec-2025,VBYM C 113.75 12/22/2025,USD,0,0.044077034,-0.002858172,-0.010258884,0.252008134,0.025312043,0.011050664,-0.002887575,VY4W11375L25
2025-12-10 00:00:00,0.03125,VBYM C 113.75 12/22/2025 C 113.75,2025-12-22 00:00:00,0.03625,112.21875,113.75,C,0.050341533,0.069327503,0.026819207,0.130070446,-0.005531901,0.002548932,1000.0000,CBoT 10y Monday Call Options C 113.75 Dec-2025,VBYM C 113.75 12/22/2025,USD,0,0.039416758,0.001649723,-0.008261032,0.210926318,0.034925668,0.011871819,-0.001875923,VY4W11375L25
2025-12-09 00:00:00,0.0625,VBYM C 113.75 12/22/2025 C 113.75,2025-12-22 00:00:00,0.036278,112.09375,113.75,C,0.061016501,0.102270949,0.037354411,0.138155346,-0.00873245,0.004062122,1000.0000,CBoT 10y Monday Call Options C 113.75 Dec-2025,VBYM C 113.75 12/22/2025,USD,0,0.037395113,-0.002259052,-0.008765677,0.152128093,0.015796771,0.010030833,-0.00226485,VY4W11375L25
2025-12-16 00:00:00,1.234375,VBYM P 113.75 12/22/2025 P 113.75,2025-12-22 00:00:00,0.036157,112.515625,113.75,P,0.03292456,-0.994503222,0.002763509,0.029904407,-0.000312921,-0.018596842,1000.0000,CBoT 10y Monday Call Options P 113.75 Dec-2025,VBYM P 113.75 12/22/2025,USD,0,0.011157193,0.01586735,-0.00315973,0.182917168,0.05804241,0.004156769,0.004647027,VY4W11375X25
2025-12-15 00:00:00,1.5,VBYM P 113.75 12/22/2025 P 113.75,2025-12-22 00:00:00,0.036259,112.28125,113.75,P,0.064285472,-0.926568873,0.021342686,0.13830839,-0.009276621,-0.020239579,1000.0000,CBoT 10y Monday Call Options P 113.75 Dec-2025,VBYM P 113.75 12/22/2025,USD,0,0.031490297,0.000671791,-0.014551821,0.226101267,0.027322818,0.007126239,-0.000963285,VY4W11375X25
2025-12-12 00:00:00,1.59375,VBYM P 113.75 12/22/2025 P 113.75,2025-12-22 00:00:00,0.03623,112.171875,113.75,P,0.04978084,-0.953670121,0.017678516,0.10314791,-0.004030189,-0.029744042,1000.0000,CBoT 10y Monday Call Options P 113.75 Dec-2025,VBYM P 113.75 12/22/2025,USD,0,0.032549825,0.005751626,-0.00819645,0.211731151,0.04357398,0.010221956,-0.000257153,VY4W11375X25
2025-12-11 00:00:00,1.34375,VBYM P 113.75 12/22/2025 P 113.75,2025-12-22 00:00:00,0.036223,112.453125,113.75,P,0.051666172,-0.897675043,0.034088736,0.175506116,-0.007853743,-0.030825855,1000.0000,CBoT 10y Monday Call Options P 113.75 Dec-2025,VBYM P 113.75 12/22/2025,USD,0,0.043955222,-0.003051121,-0.010411805,0.249279121,0.024232553,0.010931603,-0.00288952,VY4W11375X25
2025-12-10 00:00:00,1.5625,VBYM P 113.75 12/22/2025 P 113.75,2025-12-22 00:00:00,0.03625,112.21875,113.75,P,0.051004702,-0.926864177,0.027586331,0.132087663,-0.005621917,-0.034707841,1000.0000,CBoT 10y Monday Call Options P 113.75 Dec-2025,VBYM P 113.75 12/22/2025,USD,0,0.039510847,0.001192201,-0.008488881,0.208646751,0.033350968,0.01174447,-0.001962824,VY4W11375X25
2025-12-09 00:00:00,1.71875,VBYM P 113.75 12/22/2025 P 113.75,2025-12-22 00:00:00,0.036278,112.09375,113.75,P,0.061579216,-0.894337198,0.037915024,0.138928069,-0.008784867,-0.03631618,1000.0000,CBoT 10y Monday Call Options P 113.75 Dec-2025,VBYM P 113.75 12/22/2025,USD,0,0.037263753,-0.002408158,-0.008914554,0.15018327,0.014993508,0.009903423,-0.002263124,VY4W11375X25
2025-12-16 00:00:00,0.001,VBYM C 114 12/22/2025 C 114,2025-12-22 00:00:00,0.036157,112.515625,114,C,0.040098803,0.005435614,0.002748453,0.026918836,-0.000585515,0.000100459,1000.0000,CBoT 10y Monday Call Options C 114 Dec-2025,VBYM C 114 12/22/2025,USD,0,0.009908278,0.011121676,-0.003310379,0.133327493,0.041529512,0.003640182,0.003176335,VY4W114L25
2025-12-15 00:00:00,0.015625,VBYM C 114 12/22/2025 C 114,2025-12-22 00:00:00,0.036259,112.28125,114,C,0.062499815,0.039960694,0.013406908,0.088586464,-0.005499621,0.0008577,1000.0000,CBoT 10y Monday Call Options C 114 Dec-2025,VBYM C 114 12/22/2025,USD,0,0.024235954,0.004209508,-0.010815621,0.179195601,0.033111834,0.006598101,8.50966E-05,VY4W114L25
2025-12-12 00:00:00,0.015625,VBYM C 114 12/22/2025 C 114,2025-12-22 00:00:00,0.03623,112.171875,114,C,0.055015934,0.038268145,0.015482913,0.081359373,-0.004004251,0.001172384,1000.0000,CBoT 10y Monday Call Options C 114 Dec-2025,VBYM C 114 12/22/2025,USD,0,0.026885308,0.005652505,-0.007391803,0.158200438,0.035690338,0.008838976,0.000243468,VY4W114L25
2025-12-11 00:00:00,0.03125,VBYM C 114 12/22/2025 C 114,2025-12-22 00:00:00,0.036223,112.453125,114,C,0.052878831,0.068874658,0.025628584,0.128418792,-0.006033921,0.00232583,1000.0000,CBoT 10y Monday Call Options C 114 Dec-2025,VBYM C 114 12/22/2025,USD,0,0.0374253,0.001564688,-0.008988648,0.207555059,0.033179126,0.010839947,-0.001609443,VY4W114L25
2025-12-10 00:00:00,0.015625,VBYM C 114 12/22/2025 C 114,2025-12-22 00:00:00,0.03625,112.21875,114,C,0.049161499,0.038969042,0.017227221,0.084314948,-0.003352493,0.001433727,1000.0000,CBoT 10y Monday Call Options C 114 Dec-2025,VBYM C 114 12/22/2025,USD,0,0.030385537,0.006961307,-0.006220291,0.166685092,0.040825369,0.010895458,0.000268674,VY4W114L25
2025-12-09 00:00:00,0.046875,VBYM C 114 12/22/2025 C 114,2025-12-22 00:00:00,0.036278,112.09375,114,C,0.06287291,0.078401606,0.030713095,0.110043344,-0.007326891,0.003114549,1000.0000,CBoT 10y Monday Call Options C 114 Dec-2025,VBYM C 114 12/22/2025,USD,0,0.033221596,0.000147809,-0.008025817,0.131249906,0.020004814,0.009946107,-0.00155095,VY4W114L25
2025-12-16 00:00:00,1.484375,VBYM P 114 12/22/2025 P 114,2025-12-22 00:00:00,0.036157,112.515625,114,P,0.039549324,-0.994497996,0.002559067,0.024921042,-0.000376298,-0.018637879,1000.0000,CBoT 10y Monday Call Options P 114 Dec-2025,VBYM P 114 12/22/2025,USD,0,0.009300041,0.011011456,-0.003163602,0.126888591,0.040270264,0.003464289,0.003224134,VY4W114X25
2025-12-15 00:00:00,1.734375,VBYM P 114 12/22/2025 P 114,2025-12-22 00:00:00,0.036259,112.28125,114,P,0.063373531,-0.957210982,0.013968649,0.091128841,-0.005664922,-0.02094441,1000.0000,CBoT 10y Monday Call Options P 114 Dec-2025,VBYM P 114 12/22/2025,USD,0,0.024589518,0.00388525,-0.011225979,0.17927832,0.032230544,0.006601604,-3.91046E-06,VY4W114X25
2025-12-12 00:00:00,1.84375,VBYM P 114 12/22/2025 P 114,2025-12-22 00:00:00,0.03623,112.171875,114,P,0.056154236,-0.957644085,0.016455943,0.08491349,-0.00418706,-0.029934867,1000.0000,CBoT 10y Monday Call Options P 114 Dec-2025,VBYM P 114 12/22/2025,USD,0,0.027493957,0.005045087,-0.007814567,0.158468426,0.034349136,0.008854896,3.95181E-05,VY4W114X25
2025-12-11 00:00:00,1.578125,VBYM P 114 12/22/2025 P 114,2025-12-22 00:00:00,0.036223,112.453125,114,P,0.053522345,-0.927622975,0.026309792,0.130277992,-0.006125737,-0.031911651,1000.0000,CBoT 10y Monday Call Options P 114 Dec-2025,VBYM P 114 12/22/2025,USD,0,0.037513488,0.001179501,-0.009218467,0.20551172,0.031805679,0.010734038,-0.001680738,VY4W114X25
2025-12-10 00:00:00,1.796875,VBYM P 114 12/22/2025 P 114,2025-12-22 00:00:00,0.03625,112.21875,114,P,0.050352715,-0.956173056,0.018471953,0.088551369,-0.003528614,-0.035866499,1000.0000,CBoT 10y Monday Call Options P 114 Dec-2025,VBYM P 114 12/22/2025,USD,0,0.031161209,0.006068504,-0.006632677,0.166854872,0.038982357,0.010907902,-5.35308E-05,VY4W114X25
2025-12-09 00:00:00,1.953125,VBYM P 114 12/22/2025 P 114,2025-12-22 00:00:00,0.036278,112.09375,114,P,0.063658027,-0.917698689,0.031482118,0.111410268,-0.007422611,-0.037332515,1000.0000,CBoT 10y Monday Call Options P 114 Dec-2025,VBYM P 114 12/22/2025,USD,0,0.033222923,-0.000111329,-0.008225465,0.129609133,0.019032186,0.009822795,-0.001589236,VY4W114X25
2025-12-17 00:00:00,0.001,VBYM C 114.25 12/22/2025 C 114.25,2025-12-22 00:00:00,0.03607,112.421875,114.25,C,0.052845852,0.004594642,0.00202757,0.019281468,-0.000678494,7.06471E-05,1000.0000,CBoT 10y Monday Call Options C 114.25 Dec-2025,VBYM C 114.25 12/22/2025,USD,0,0.006623681,0.006020978,-0.003499887,0.08119524,0.023793969,0.00227024,0.001633049,VY4W11425L25
2025-12-16 00:00:00,0.001,VBYM C 114.25 12/22/2025 C 114.25,2025-12-22 00:00:00,0.036157,112.515625,114.25,C,0.046009203,0.004794289,0.002388626,0.020980826,-0.000595113,8.85704E-05,1000.0000,CBoT 10y Monday Call Options C 114.25 Dec-2025,VBYM C 114.25 12/22/2025,USD,0,0.007856735,0.008071649,-0.003011876,0.092116675,0.029368509,0.002935758,0.002376529,VY4W11425L25
2025-12-15 00:00:00,0.015625,VBYM C 114.25 12/22/2025 C 114.25,2025-12-22 00:00:00,0.036259,112.28125,114.25,C,0.069749366,0.036326996,0.012421535,0.073441192,-0.005644344,0.000779405,1000.0000,CBoT 10y Monday Call Options C 114.25 Dec-2025,VBYM C 114.25 12/22/2025,USD,0,0.020604753,0.003673911,-0.01026188,0.136453158,0.02646181,0.005750037,0.000196433,VY4W11425L25
2025-12-12 00:00:00,0.015625,VBYM C 114.25 12/22/2025 C 114.25,2025-12-22 00:00:00,0.03623,112.171875,114.25,C,0.061035713,0.034963195,0.014402423,0.068112258,-0.004109869,0.001070677,1000.0000,CBoT 10y Monday Call Options C 114.25 Dec-2025,VBYM C 114.25 12/22/2025,USD,0,0.023041996,0.004934343,-0.007028453,0.122160347,0.028809222,0.00775187,0.000382893,VY4W11425L25
2025-12-11 00:00:00,0.015625,VBYM C 114.25 12/22/2025 C 114.25,2025-12-22 00:00:00,0.036223,112.453125,114.25,C,0.051602867,0.03873164,0.016442424,0.08330883,-0.003647441,0.001308766,1000.0000,CBoT 10y Monday Call Options C 114.25 Dec-2025,VBYM C 114.25 12/22/2025,USD,0,0.028852183,0.006354521,-0.006763681,0.164147763,0.03869556,0.009942032,0.000253252,VY4W11425L25
2025-12-10 00:00:00,0.015625,VBYM C 114.25 12/22/2025 C 114.25,2025-12-22 00:00:00,0.03625,112.21875,114.25,C,0.054674489,0.035529607,0.016005936,0.070300971,-0.003445943,0.001306566,1000.0000,CBoT 10y Monday Call Options C 114.25 Dec-2025,VBYM C 114.25 12/22/2025,USD,0,0.025954958,0.006075764,-0.00590928,0.12796833,0.032817338,0.009530298,0.000478262,VY4W11425L25
2025-12-09 00:00:00,0.03125,VBYM C 114.25 12/22/2025 C 114.25,2025-12-22 00:00:00,0.036278,112.09375,114.25,C,0.063086827,0.055355785,0.023544488,0.083754736,-0.00555425,0.00219987,1000.0000,CBoT 10y Monday Call Options C 114.25 Dec-2025,VBYM C 114.25 12/22/2025,USD,0,0.028460028,0.002564355,-0.006900086,0.112158894,0.023230502,0.00959916,-0.000668021,VY4W11425L25
2025-12-16 00:00:00,1.734375,VBYM P 114.25 12/22/2025 P 114.25,2025-12-22 00:00:00,0.036157,112.515625,114.25,P,0.046159584,-0.994492445,0.002432134,0.021374872,-0.000439675,-0.018678894,1000.0000,CBoT 10y Monday Call Options P 114.25 Dec-2025,VBYM P 114.25 12/22/2025,USD,0,0.007978289,0.008094243,-0.003167469,0.093235706,0.029594767,0.002971444,0.002369421,VY4W11425X25
2025-12-15 00:00:00,1.984375,VBYM P 114.25 12/22/2025 P 114.25,2025-12-22 00:00:00,0.036259,112.28125,114.25,P,0.070827372,-0.960735852,0.013028663,0.075948781,-0.005845971,-0.021068307,1000.0000,CBoT 10y Monday Call Options P 114.25 Dec-2025,VBYM P 114.25 12/22/2025,USD,0,0.020985742,0.00339553,-0.010712332,0.136838102,0.025771036,0.005766739,0.000114353,VY4W11425X25
2025-12-12 00:00:00,2.09375,VBYM P 114.25 12/22/2025 P 114.25,2025-12-22 00:00:00,0.03623,112.171875,114.25,P,0.062422258,-0.960804068,0.01544902,0.07160842,-0.004330469,-0.03010061,1000.0000,CBoT 10y Monday Call Options P 114.25 Dec-2025,VBYM P 114.25 12/22/2025,USD,0,0.023689694,0.00441088,-0.007489191,0.122773094,0.027748896,0.007791746,0.000195264,VY4W11425X25
2025-12-11 00:00:00,1.8125,VBYM P 114.25 12/22/2025 P 114.25,2025-12-22 00:00:00,0.036223,112.453125,114.25,P,0.052758929,-0.956801031,0.017548922,0.087205071,-0.003825736,-0.032971343,1000.0000,CBoT 10y Monday Call Options P 114.25 Dec-2025,VBYM P 114.25 12/22/2025,USD,0,0.029543212,0.005605359,-0.00717981,0.164358527,0.037094936,0.009955937,-8.09202E-06,VY4W11425X25
2025-12-10 00:00:00,2.046875,VBYM P 114.25 12/22/2025 P 114.25,2025-12-22 00:00:00,0.03625,112.21875,114.25,P,0.056131164,-0.959436799,0.017348685,0.074467453,-0.003659734,-0.036069366,1000.0000,CBoT 10y Monday Call Options P 114.25 Dec-2025,VBYM P 114.25 12/22/2025,USD,0,0.026783729,0.005308037,-0.006359461,0.128589476,0.031362897,0.00957797,0.000181939,VY4W11425X25
2025-12-09 00:00:00,2.1875,VBYM P 114.25 12/22/2025 P 114.25,2025-12-22 00:00:00,0.036278,112.09375,114.25,P,0.064237509,-0.940062107,0.02462419,0.086080361,-0.005715308,-0.038308985,1000.0000,CBoT 10y Monday Call Options P 114.25 Dec-2025,VBYM P 114.25 12/22/2025,USD,0,0.028730259,0.002136856,-0.007191743,0.111165237,0.022082009,0.009515416,-0.000785034,VY4W11425X25
2025-12-17 00:00:00,0.001,VBYM C 114.5 12/22/2025 C 114.5,2025-12-22 00:00:00,0.03607,112.421875,114.5,C,0.059195815,0.004141576,0.001815403,0.015688471,-0.000686209,6.3663E-05,1000.0000,CBoT 10y Monday Call Options C 114.5 Dec-2025,VBYM C 114.5 12/22/2025,USD,0,0.005464008,0.004607459,-0.003234055,0.05977976,0.017842652,0.001898187,0.00127912,VY4W1145L25
2025-12-16 00:00:00,0.001,VBYM C 114.5 12/22/2025 C 114.5,2025-12-22 00:00:00,0.036157,112.515625,114.5,C,0.051831152,0.004299371,0.0021192,0.016898305,-0.000603286,7.93998E-05,1000.0000,CBoT 10y Monday Call Options C 114.5 Dec-2025,VBYM C 114.5 12/22/2025,USD,0,0.006420731,0.00609932,-0.002772856,0.06680752,0.021718618,0.002433698,0.00184114,VY4W1145L25
2025-12-15 00:00:00,0.001,VBYM C 114.5 12/22/2025 C 114.5,2025-12-22 00:00:00,0.036259,112.28125,114.5,C,0.053084965,0.003927189,0.002111669,0.014115924,-0.000544845,8.44331E-05,1000.0000,CBoT 10y Monday Call Options C 114.5 Dec-2025,VBYM C 114.5 12/22/2025,USD,0,0.005850022,0.005606788,-0.002217811,0.051035702,0.018166661,0.002417899,0.00186063,VY4W1145L25
2025-12-12 00:00:00,0.001,VBYM C 114.5 12/22/2025 C 114.5,2025-12-22 00:00:00,0.03623,112.171875,114.5,C,0.046395741,0.003776507,0.002549081,0.013059823,-0.000412415,0.00011596,1000.0000,CBoT 10y Monday Call Options C 114.5 Dec-2025,VBYM C 114.5 12/22/2025,USD,0,0.006495168,0.007221535,-0.001506366,0.045422852,0.019434845,0.003221264,0.002885206,VY4W1145L25
2025-12-11 00:00:00,0.015625,VBYM C 114.5 12/22/2025 C 114.5,2025-12-22 00:00:00,0.036223,112.453125,114.5,C,0.057342193,0.035337913,0.015282294,0.069557097,-0.00374695,0.001193554,1000.0000,CBoT 10y Monday Call Options C 114.5 Dec-2025,VBYM C 114.5 12/22/2025,USD,0,0.024672916,0.00554632,-0.006427398,0.126266753,0.031148754,0.008704024,0.00043034,VY4W1145L25
2025-12-10 00:00:00,0.015625,VBYM C 114.5 12/22/2025 C 114.5,2025-12-22 00:00:00,0.03625,112.21875,114.5,C,0.060087752,0.032722503,0.014976814,0.059782671,-0.003528878,0.001202816,1000.0000,CBoT 10y Monday Call Options C 114.5 Dec-2025,VBYM C 114.5 12/22/2025,USD,0,0.022535031,0.005317175,-0.005638748,0.101054759,0.026928254,0.008444716,0.000578832,VY4W1145L25
2025-12-09 00:00:00,0.015625,VBYM C 114.5 12/22/2025 C 114.5,2025-12-22 00:00:00,0.036278,112.09375,114.5,C,0.060366419,0.031501457,0.015105319,0.055466114,-0.003307178,0.00125289,1000.0000,CBoT 10y Monday Call Options C 114.5 Dec-2025,VBYM C 114.5 12/22/2025,USD,0,0.021941812,0.005385703,-0.005091287,0.090488059,0.025497246,0.008627175,0.000679679,VY4W1145L25
2025-12-16 00:00:00,1.984375,VBYM P 114.5 12/22/2025 P 114.5,2025-12-22 00:00:00,0.036157,112.515625,114.5,P,0.052755402,-0.994486727,0.002348637,0.018722478,-0.000503052,-0.018719899,1000.0000,CBoT 10y Monday Call Options P 114.5 Dec-2025,VBYM P 114.5 12/22/2025,USD,0,0.00698958,0.006205001,-0.003171332,0.071445759,0.022681915,0.00260278,0.001815958,VY4W1145X25
2025-12-15 00:00:00,2.21875,VBYM P 114.5 12/22/2025 P 114.5,2025-12-22 00:00:00,0.036259,112.28125,114.5,P,0.055621489,-0.993710087,0.002774605,0.018473682,-0.00058065,-0.021823391,1000.0000,CBoT 10y Monday Call Options P 114.5 Dec-2025,VBYM P 114.5 12/22/2025,USD,0,0.007307942,0.005855366,-0.003002134,0.060830758,0.020336279,0.002882344,0.00178965,VY4W1145X25
2025-12-12 00:00:00,2.328125,VBYM P 114.5 12/22/2025 P 114.5,2025-12-22 00:00:00,0.03623,112.171875,114.5,P,0.050897233,-0.991551877,0.004243748,0.021797348,-0.00062333,-0.031109993,1000.0000,CBoT 10y Monday Call Options P 114.5 Dec-2025,VBYM P 114.5 12/22/2025,USD,0,0.009885014,0.00767006,-0.002614021,0.062978384,0.023758074,0.004467557,0.002585705,VY4W1145X25
2025-12-11 00:00:00,2.0625,VBYM P 114.5 12/22/2025 P 114.5,2025-12-22 00:00:00,0.036223,112.453125,114.5,P,0.058754212,-0.960034029,0.016474654,0.073389727,-0.003962934,-0.033156448,1000.0000,CBoT 10y Monday Call Options P 114.5 Dec-2025,VBYM P 114.5 12/22/2025,USD,0,0.025410291,0.004901605,-0.006881464,0.126880394,0.029885043,0.008747519,0.000189938,VY4W1145X25
2025-12-10 00:00:00,2.296875,VBYM P 114.5 12/22/2025 P 114.5,2025-12-22 00:00:00,0.03625,112.21875,114.5,P,0.061828417,-0.962086656,0.016408847,0.063870692,-0.003781843,-0.036249504,1000.0000,CBoT 10y Monday Call Options P 114.5 Dec-2025,VBYM P 114.5 12/22/2025,USD,0,0.023402276,0.004650725,-0.006124407,0.10195393,0.02576401,0.008521328,0.000306584,VY4W1145X25
2025-12-09 00:00:00,2.421875,VBYM P 114.5 12/22/2025 P 114.5,2025-12-22 00:00:00,0.036278,112.09375,114.5,P,0.062328662,-0.96280276,0.01675685,0.059828367,-0.003580394,-0.039300526,1000.0000,CBoT 10y Monday Call Options P 114.5 Dec-2025,VBYM P 114.5 12/22/2025,USD,0,0.022927024,0.004659507,-0.00559189,0.091537433,0.024319122,0.00872898,0.000364379,VY4W1145X25
2025-12-17 00:00:00,0.001,VBYM C 114.75 12/22/2025 C 114.75,2025-12-22 00:00:00,0.03607,112.421875,114.75,C,0.065465695,0.003776745,0.001647845,0.013061608,-0.000692924,5.80401E-05,1000.0000,CBoT 10y Monday Call Options C 114.75 Dec-2025,VBYM C 114.75 12/22/2025,USD,0,0.004603864,0.003628168,-0.003013578,0.045534108,0.013807769,0.001618207,0.001027368,VY4W11475L25
2025-12-16 00:00:00,0.001,VBYM C 114.75 12/22/2025 C 114.75,2025-12-22 00:00:00,0.036157,112.515625,114.75,C,0.057576449,0.003904857,0.001909732,0.013956937,-0.000610387,7.2092E-05,1000.0000,CBoT 10y Monday Call Options C 114.75 Dec-2025,VBYM C 114.75 12/22/2025,USD,0,0.005370246,0.004755244,-0.002576277,0.050289177,0.016624041,0.002060754,0.001465847,VY4W11475L25
2025-12-15 00:00:00,0.001,VBYM C 114.75 12/22/2025 C 114.75,2025-12-22 00:00:00,0.036259,112.28125,114.75,C,0.058355847,0.003600832,0.001921235,0.011880038,-0.000550997,7.73921E-05,1000.0000,CBoT 10y Monday Call Options C 114.75 Dec-2025,VBYM C 114.75 12/22/2025,USD,0,0.004978561,0.004475331,-0.002074843,0.039500526,0.014268823,0.002080236,0.001512421,VY4W11475L25
2025-12-12 00:00:00,0.001,VBYM C 114.75 12/22/2025 C 114.75,2025-12-22 00:00:00,0.03623,112.171875,114.75,C,0.050788573,0.003475915,0.002318798,0.011074654,-0.0004175,0.000106685,1000.0000,CBoT 10y Monday Call Options C 114.75 Dec-2025,VBYM C 114.75 12/22/2025,USD,0,0.005566394,0.005819347,-0.001413201,0.035552174,0.015424629,0.002789282,0.002365129,VY4W11475L25
2025-12-11 00:00:00,0.015625,VBYM C 114.75 12/22/2025 C 114.75,2025-12-22 00:00:00,0.036223,112.453125,114.75,C,0.062978526,0.032564002,0.01430429,0.059214188,-0.003835277,0.001099407,1000.0000,CBoT 10y Monday Call Options C 114.75 Dec-2025,VBYM C 114.75 12/22/2025,USD,0,0.02144119,0.004855054,-0.006134653,0.099865986,0.025588466,0.007718096,0.000514875,VY4W11475L25
2025-12-10 00:00:00,0.001,VBYM C 114.75 12/22/2025 C 114.75,2025-12-22 00:00:00,0.03625,112.21875,114.75,C,0.045596893,0.00352806,0.002667153,0.011407398,-0.000357106,0.000130091,1000.0000,CBoT 10y Monday Call Options C 114.75 Dec-2025,VBYM C 114.75 12/22/2025,USD,0,0.006271518,0.007265139,-0.001191157,0.037166592,0.017627225,0.003437588,0.003225997,VY4W11475L25
2025-12-09 00:00:00,0.015625,VBYM C 114.75 12/22/2025 C 114.75,2025-12-22 00:00:00,0.036278,112.09375,114.75,C,0.065450877,0.029350123,0.014254093,0.048245636,-0.003373654,0.001166854,1000.0000,CBoT 10y Monday Call Options C 114.75 Dec-2025,VBYM C 114.75 12/22/2025,USD,0,0.019414381,0.00475041,-0.004884346,0.07381539,0.021441504,0.007761837,0.000705552,VY4W11475L25
2025-12-17 00:00:00,2.234375,VBYM P 114.75 12/22/2025 P 114.75,2025-12-22 00:00:00,0.03607,112.421875,114.75,P,,,,,,,1000.0000,CBoT 10y Monday Call Options P 114.75 Dec-2025,VBYM P 114.75 12/22/2025,USD,0,,,,,,,,VY4W11475X25
2025-12-16 00:00:00,2.234375,VBYM P 114.75 12/22/2025 P 114.75,2025-12-22 00:00:00,0.036157,112.515625,114.75,P,0.059336845,-0.99448091,0.002291208,0.016663767,-0.000566429,-0.018760897,1000.0000,CBoT 10y Monday Call Options P 114.75 Dec-2025,VBYM P 114.75 12/22/2025,USD,0,0.006222127,0.004911354,-0.003175192,0.056528168,0.01794893,0.002316615,0.001437021,VY4W11475X25
2025-12-15 00:00:00,2.46875,VBYM P 114.75 12/22/2025 P 114.75,2025-12-22 00:00:00,0.036259,112.28125,114.75,P,0.061821054,-0.993703369,0.002723466,0.016639083,-0.000646075,-0.021871205,1000.0000,CBoT 10y Monday Call Options P 114.75 Dec-2025,VBYM P 114.75 12/22/2025,USD,0,0.006583381,0.004746198,-0.003005797,0.049287472,0.016480016,0.002596127,0.001450282,VY4W11475X25
2025-12-12 00:00:00,2.578125,VBYM P 114.75 12/22/2025 P 114.75,2025-12-22 00:00:00,0.03623,112.171875,114.75,P,0.056301096,-0.991542795,0.004173386,0.019726586,-0.000690264,-0.031178252,1000.0000,CBoT 10y Monday Call Options P 114.75 Dec-2025,VBYM P 114.75 12/22/2025,USD,0,0.008947637,0.006276912,-0.00261723,0.051515822,0.019437454,0.004043162,0.002115461,VY4W11475X25
2025-12-11 00:00:00,2.3125,VBYM P 114.75 12/22/2025 P 114.75,2025-12-22 00:00:00,0.036223,112.453125,114.75,P,0.064664405,-0.962663881,0.015574979,0.062975636,-0.004090436,-0.033321054,1000.0000,CBoT 10y Monday Call Options P 114.75 Dec-2025,VBYM P 114.75 12/22/2025,USD,0,0.022212273,0.004295011,-0.00662437,0.100727864,0.024576839,0.00778595,0.000293925,VY4W11475X25
2025-12-10 00:00:00,2.53125,VBYM P 114.75 12/22/2025 P 114.75,2025-12-22 00:00:00,0.03625,112.21875,114.75,P,0.051576385,-0.990173993,0.005214935,0.02233125,-0.000673871,-0.037363118,1000.0000,CBoT 10y Monday Call Options P 114.75 Dec-2025,VBYM P 114.75 12/22/2025,USD,0,0.010858753,0.00777513,-0.002431903,0.05684241,0.022782435,0.005259679,0.002742267,VY4W11475X25
2025-12-09 00:00:00,2.671875,VBYM P 114.75 12/22/2025 P 114.75,2025-12-22 00:00:00,0.036278,112.09375,114.75,P,0.067734004,-0.964807809,0.015993969,0.052517697,-0.003688019,-0.039469762,1000.0000,CBoT 10y Monday Call Options P 114.75 Dec-2025,VBYM P 114.75 12/22/2025,USD,0,0.020425877,0.004112284,-0.00541715,0.075008757,0.020482534,0.00788914,0.00041542,VY4W11475X25
2025-12-17 00:00:00,0.001,VBYM C 115 12/22/2025 C 115,2025-12-22 00:00:00,0.03607,112.421875,115,C,0.071664335,0.00347612,0.001511948,0.011076086,-0.000698855,5.34073E-05,1000.0000,CBoT 10y Monday Call Options C 115 Dec-2025,VBYM C 115 12/22/2025,USD,0,0.003945503,0.002923651,-0.002827175,0.035638858,0.010958512,0.001401187,0.000842163,VY4W115L25
2025-12-16 00:00:00,0.001,VBYM C 115 12/22/2025 C 115,2025-12-22 00:00:00,0.036157,112.515625,115,C,0.063253986,0.003582375,0.00174202,0.011759362,-0.000616653,6.612E-05,1000.0000,CBoT 10y Monday Call Options C 115 Dec-2025,VBYM C 115 12/22/2025,USD,0,0.004574973,0.003800952,-0.002411189,0.038987156,0.01307725,0.001774648,0.001192997,VY4W115L25
2025-12-15 00:00:00,0.001,VBYM C 115 12/22/2025 C 115,2025-12-22 00:00:00,0.036259,112.28125,115,C,0.063569911,0.003328962,0.001765765,0.010163182,-0.000556504,7.15283E-05,1000.0000,CBoT 10y Monday Call Options C 115 Dec-2025,VBYM C 115 12/22/2025,USD,0,0.004301513,0.003646602,-0.001952861,0.031322068,0.011462621,0.001814802,0.001252089,VY4W115L25
2025-12-12 00:00:00,0.001,VBYM C 115 12/22/2025 C 115,2025-12-22 00:00:00,0.03623,112.171875,115,C,0.055135834,0.003223582,0.002130294,0.009533333,-0.000422093,9.89026E-05,1000.0000,CBoT 10y Monday Call Options C 115 Dec-2025,VBYM C 115 12/22/2025,USD,0,0.004837212,0.004779249,-0.001333199,0.028452299,0.012497995,0.002446328,0.001971837,VY4W115L25
2025-12-11 00:00:00,0.015625,VBYM C 115 12/22/2025 C 115,2025-12-22 00:00:00,0.036223,112.453125,115,C,0.068524707,0.03024846,0.013467011,0.051202053,-0.003914672,0.001020834,1000.0000,CBoT 10y Monday Call Options C 115 Dec-2025,VBYM C 115 12/22/2025,USD,0,0.018877329,0.004271594,-0.005876832,0.080775158,0.021378307,0.006915992,0.000549295,VY4W115L25
2025-12-10 00:00:00,0.001,VBYM C 115 12/22/2025 C 115,2025-12-22 00:00:00,0.03625,112.21875,115,C,0.049571329,0.003267646,0.00243988,0.009794232,-0.000361328,0.000120431,1000.0000,CBoT 10y Monday Call Options C 115 Dec-2025,VBYM C 115 12/22/2025,USD,0,0.005436837,0.005946994,-0.001122639,0.029629805,0.014231446,0.003008234,0.002681651,VY4W115L25
2025-12-09 00:00:00,0.015625,VBYM C 115 12/22/2025 C 115,2025-12-22 00:00:00,0.036278,112.09375,115,C,0.070464744,0.027511626,0.013511746,0.042464771,-0.003434312,0.001093343,1000.0000,CBoT 10y Monday Call Options C 115 Dec-2025,VBYM C 115 12/22/2025,USD,0,0.01735055,0.004214661,-0.004699581,0.061250402,0.018271221,0.007040466,0.000704141,VY4W115L25
2025-12-16 00:00:00,2.484375,VBYM P 115 12/22/2025 P 115,2025-12-22 00:00:00,0.036157,112.515625,115,P,0.065903976,-0.994475036,0.002250308,0.015019466,-0.000629806,-0.018801891,1000.0000,CBoT 10y Monday Call Options P 115 Dec-2025,VBYM P 115 12/22/2025,USD,0,0.005609134,0.003986575,-0.003179048,0.045866246,0.014565891,0.002088044,0.001166166,VY4W115X25
2025-12-15 00:00:00,2.71875,VBYM P 115 12/22/2025 P 115,2025-12-22 00:00:00,0.036259,112.28125,115,P,0.068007138,-0.993696613,0.002686059,0.015141933,-0.0007115,-0.021919014,1000.0000,CBoT 10y Monday Call Options P 115 Dec-2025,VBYM P 115 12/22/2025,USD,0,0.005992077,0.003927241,-0.003009456,0.040766215,0.013633084,0.002362548,0.00119974,VY4W115X25
2025-12-12 00:00:00,2.828125,VBYM P 115 12/22/2025 P 115,2025-12-22 00:00:00,0.03623,112.171875,115,P,0.06169321,-0.991533676,0.0041213,0.018021973,-0.000757198,-0.031246498,1000.0000,CBoT 10y Monday Call Options P 115 Dec-2025,VBYM P 115 12/22/2025,USD,0,0.008175992,0.005234753,-0.002620436,0.042943085,0.016205811,0.003693799,0.001763739,VY4W115X25
2025-12-11 00:00:00,2.5625,VBYM P 115 12/22/2025 P 115,2025-12-22 00:00:00,0.036223,112.453125,115,P,0.070501361,-0.964848835,0.014809727,0.054889331,-0.004210309,-0.033470543,1000.0000,CBoT 10y Monday Call Options P 115 Dec-2025,VBYM P 115 12/22/2025,USD,0,0.019673041,0.003781043,-0.00640019,0.081789554,0.020559687,0.007004136,0.000346011,VY4W115X25
2025-12-10 00:00:00,2.78125,VBYM P 115 12/22/2025 P 115,2025-12-22 00:00:00,0.03625,112.21875,115,P,0.056608522,-0.990163395,0.005146179,0.02036822,-0.000740426,-0.037444985,1000.0000,CBoT 10y Monday Call Options P 115 Dec-2025,VBYM P 115 12/22/2025,USD,0,0.009906156,0.006463164,-0.002434892,0.047228116,0.018932616,0.004797344,0.00227886,VY4W115X25
2025-12-09 00:00:00,2.921875,VBYM P 115 12/22/2025 P 115,2025-12-22 00:00:00,0.036278,112.09375,115,P,0.073085241,-0.966512155,0.015333475,0.046647263,-0.003790934,-0.039626958,1000.0000,CBoT 10y Monday Call Options P 115 Dec-2025,VBYM P 115 12/22/2025,USD,0,0.0183809,0.003649956,-0.005262881,0.062528402,0.01748449,0.007189241,0.000436574,VY4W115X25
2025-12-17 00:00:00,0.001,VBYM C 115.25 12/22/2025 C 115.25,2025-12-22 00:00:00,0.03607,112.421875,115.25,C,0.077798702,0.00322376,0.001399344,0.009534498,-0.000704156,4.95187E-05,1000.0000,CBoT 10y Monday Call Options C 115.25 Dec-2025,VBYM C 115.25 12/22/2025,USD,0,0.003428625,0.00240107,-0.002667107,0.028521367,0.008879161,0.001228895,0.00070211,VY4W11525L25
2025-12-16 00:00:00,0.001,VBYM C 115.25 12/22/2025 C 115.25,2025-12-22 00:00:00,0.036157,112.515625,115.25,C,0.068870692,0.003313427,0.001604539,0.010069155,-0.000622253,6.11403E-05,1000.0000,CBoT 10y Monday Call Options C 115.25 Dec-2025,VBYM C 115.25 12/22/2025,USD,0,0.003956158,0.003100682,-0.0022702,0.03095692,0.010518647,0.001549413,0.000988663,VY4W11525L25
2025-12-15 00:00:00,0.001,VBYM C 115.25 12/22/2025 C 115.25,2025-12-22 00:00:00,0.036259,112.28125,115.25,C,0.068732367,0.00309869,0.001636312,0.008812831,-0.000561485,6.65629E-05,1000.0000,CBoT 10y Monday Call Options C 115.25 Dec-2025,VBYM C 115.25 12/22/2025,USD,0,0.00376341,0.003022714,-0.001847321,0.025339618,0.009381877,0.001601622,0.001052565,VY4W11525L25
2025-12-12 00:00:00,0.001,VBYM C 115.25 12/22/2025 C 115.25,2025-12-22 00:00:00,0.03623,112.171875,115.25,C,0.059441509,0.003008499,0.00197309,0.008309867,-0.000426277,9.22724E-05,1000.0000,CBoT 10y Monday Call Options C 115.25 Dec-2025,VBYM C 115.25 12/22/2025,USD,0,0.004252608,0.003987945,-0.001263609,0.023196445,0.010303316,0.002168617,0.001667513,VY4W11525L25
2025-12-11 00:00:00,0.001,VBYM C 115.25 12/22/2025 C 115.25,2025-12-22 00:00:00,0.036223,112.453125,115.25,C,0.051925987,0.003252731,0.002297311,0.00970559,-0.000389325,0.000110087,1000.0000,CBoT 10y Monday Call Options C 115.25 Dec-2025,VBYM C 115.25 12/22/2025,USD,0,0.005172017,0.005409253,-0.001220414,0.029293238,0.013509115,0.002747159,0.002342363,VY4W11525L25
2025-12-10 00:00:00,0.001,VBYM C 115.25 12/22/2025 C 115.25,2025-12-22 00:00:00,0.03625,112.21875,115.25,C,0.05350719,0.003046263,0.002251548,0.008518648,-0.000365175,0.000112225,1000.0000,CBoT 10y Monday Call Options C 115.25 Dec-2025,VBYM C 115.25 12/22/2025,USD,0,0.004770086,0.004948567,-0.001063172,0.024078338,0.011696965,0.002661752,0.00226213,VY4W11525L25
2025-12-09 00:00:00,0.015625,VBYM C 115.25 12/22/2025 C 115.25,2025-12-22 00:00:00,0.036278,112.09375,115.25,C,0.075414738,0.025919943,0.012857777,0.037751176,-0.003490085,0.001029712,1000.0000,CBoT 10y Monday Call Options C 115.25 Dec-2025,VBYM C 115.25 12/22/2025,USD,0,0.015637931,0.003760977,-0.00453331,0.051561203,0.015747592,0.006430782,0.00068766,VY4W11525L25
2025-12-16 00:00:00,2.734375,VBYM P 115.25 12/22/2025 P 115.25,2025-12-22 00:00:00,0.036157,112.515625,115.25,P,0.072456857,-0.994469125,0.002220372,0.013675885,-0.000693182,-0.018842883,1000.0000,CBoT 10y Monday Call Options P 115.25 Dec-2025,VBYM P 115.25 12/22/2025,USD,0,0.005108234,0.003302448,-0.003182901,0.037980368,0.012063492,0.00190127,0.000965816,VY4W11525X25
2025-12-15 00:00:00,2.96875,VBYM P 115.25 12/22/2025 P 115.25,2025-12-22 00:00:00,0.036259,112.28125,115.25,P,0.0741798,-0.993689831,0.002658096,0.013896968,-0.000776925,-0.021966821,1000.0000,CBoT 10y Monday Call Options P 115.25 Dec-2025,VBYM P 115.25 12/22/2025,USD,0,0.005500365,0.003305232,-0.003013113,0.034295508,0.011471056,0.00216831,0.001009473,VY4W11525X25
2025-12-12 00:00:00,3.078125,VBYM P 115.25 12/22/2025 P 115.25,2025-12-22 00:00:00,0.03623,112.171875,115.25,P,0.067073626,-0.991524536,0.004081988,0.016594282,-0.000824131,-0.031314735,1000.0000,CBoT 10y Monday Call Options P 115.25 Dec-2025,VBYM P 115.25 12/22/2025,USD,0,0.007529696,0.004434628,-0.002623639,0.03636279,0.01372503,0.003401186,0.001493738,VY4W11525X25
2025-12-11 00:00:00,2.796875,VBYM P 115.25 12/22/2025 P 115.25,2025-12-22 00:00:00,0.036223,112.453125,115.25,P,0.058701102,-0.990846249,0.004641788,0.019256101,-0.000747274,-0.034422418,1000.0000,CBoT 10y Monday Call Options P 115.25 Dec-2025,VBYM P 115.25 12/22/2025,USD,0,0.009081414,0.005903752,-0.002521465,0.045456928,0.017749925,0.004264968,0.002042986,VY4W11525X25
2025-12-10 00:00:00,3.03125,VBYM P 115.25 12/22/2025 P 115.25,2025-12-22 00:00:00,0.03625,112.21875,115.25,P,0.061629742,-0.990152771,0.005094436,0.018729022,-0.000806979,-0.037526835,1000.0000,CBoT 10y Monday Call Options P 115.25 Dec-2025,VBYM P 115.25 12/22/2025,USD,0,0.009110695,0.005460419,-0.002437878,0.039881608,0.015990601,0.004411271,0.001924727,VY4W11525X25
2025-12-09 00:00:00,3.171875,VBYM P 115.25 12/22/2025 P 115.25,2025-12-22 00:00:00,0.036278,112.09375,115.25,P,0.078388261,-0.967979937,0.014755759,0.041846042,-0.003889961,-0.039774683,1000.0000,CBoT 10y Monday Call Options P 115.25 Dec-2025,VBYM P 115.25 12/22/2025,USD,0,0.016681532,0.003258105,-0.00512558,0.052884709,0.015098285,0.006597779,0.000440287,VY4W11525X25
2025-12-17 00:00:00,0.001,VBYM C 115.5 12/22/2025 C 115.5,2025-12-22 00:00:00,0.03607,112.421875,115.5,C,0.083874421,0.003008654,0.001304385,0.008310825,-0.000708942,4.62043E-05,1000.0000,CBoT 10y Monday Call Options C 115.5 Dec-2025,VBYM C 115.5 12/22/2025,USD,0,0.003014233,0.002003496,-0.002527873,0.023252516,0.007319873,0.00108938,0.000593741,VY4W1155L25
2025-12-16 00:00:00,0.001,VBYM C 115.5 12/22/2025 C 115.5,2025-12-22 00:00:00,0.036157,112.515625,115.5,C,0.074432107,0.003085417,0.001489651,0.008737963,-0.000627308,5.69192E-05,1000.0000,CBoT 10y Monday Call Options C 115.5 Dec-2025,VBYM C 115.5 12/22/2025,USD,0,0.003463705,0.002572683,-0.002148118,0.025072552,0.008618337,0.001368299,0.000831838,VY4W1155L25
2025-12-15 00:00:00,0.001,VBYM C 115.5 12/22/2025 C 115.5,2025-12-22 00:00:00,0.036259,112.28125,115.5,C,0.073847469,0.002900939,0.001526741,0.007729305,-0.000566027,6.22994E-05,1000.0000,CBoT 10y Monday Call Options C 115.5 Dec-2025,VBYM C 115.5 12/22/2025,USD,0,0.003327554,0.002542128,-0.001754937,0.020848272,0.007800637,0.001427318,0.000896422,VY4W1155L25
2025-12-12 00:00:00,0.001,VBYM C 115.5 12/22/2025 C 115.5,2025-12-22 00:00:00,0.03623,112.171875,115.5,C,0.063708877,0.002822802,0.001839922,0.007320536,-0.000430119,8.65502E-05,1000.0000,CBoT 10y Monday Call Options C 115.5 Dec-2025,VBYM C 115.5 12/22/2025,USD,0,0.003775602,0.003372943,-0.001202417,0.019210707,0.00861953,0.001939969,0.00142741,VY4W1155L25
2025-12-11 00:00:00,0.001,VBYM C 115.5 12/22/2025 C 115.5,2025-12-22 00:00:00,0.036223,112.453125,115.5,C,0.056026089,0.003033476,0.002123233,0.008447725,-0.000393348,0.000102628,1000.0000,CBoT 10y Monday Call Options C 115.5 Dec-2025,VBYM C 115.5 12/22/2025,USD,0,0.004540818,0.004505287,-0.001156082,0.023830641,0.011114499,0.002432267,0.001977565,VY4W1155L25
2025-12-10 00:00:00,0.001,VBYM C 115.5 12/22/2025 C 115.5,2025-12-22 00:00:00,0.03625,112.21875,115.5,C,0.057407579,0.002855555,0.00209292,0.007490513,-0.000368707,0.000105161,1000.0000,CBoT 10y Monday Call Options C 115.5 Dec-2025,VBYM C 115.5 12/22/2025,USD,0,0.004227723,0.004175484,-0.00101098,0.019886153,0.009760234,0.002377312,0.001932266,VY4W1155L25
2025-12-09 00:00:00,0.015625,VBYM C 115.5 12/22/2025 C 115.5,2025-12-22 00:00:00,0.036278,112.09375,115.5,C,0.080306385,0.02452674,0.01227661,0.03384795,-0.003541699,0.000974022,1000.0000,CBoT 10y Monday Call Options C 115.5 Dec-2025,VBYM C 115.5 12/22/2025,USD,0,0.014197171,0.00337463,-0.004382653,0.043942772,0.013706941,0.005909386,0.000663122,VY4W1155L25
2025-12-17 00:00:00,2.984375,VBYM P 115.5 12/22/2025 P 115.5,2025-12-22 00:00:00,0.03607,112.421875,115.5,P,,,,,,,1000.0000,CBoT 10y Monday Call Options P 115.5 Dec-2025,VBYM P 115.5 12/22/2025,USD,0,,,,,,,,VY4W1155X25
2025-12-16 00:00:00,2.984375,VBYM P 115.5 12/22/2025 P 115.5,2025-12-22 00:00:00,0.036157,112.515625,115.5,P,0.078995551,-0.994463192,0.002197986,0.012557439,-0.000756558,-0.018883873,1000.0000,CBoT 10y Monday Call Options P 115.5 Dec-2025,VBYM P 115.5 12/22/2025,USD,0,0.004691259,0.002782019,-0.00318675,0.031982599,0.010160088,0.001745788,0.000813424,VY4W1155X25
2025-12-15 00:00:00,3.21875,VBYM P 115.5 12/22/2025 P 115.5,2025-12-22 00:00:00,0.036259,112.28125,115.5,P,0.080339101,-0.993683033,0.002636834,0.012845422,-0.000842349,-0.022014625,1000.0000,CBoT 10y Monday Call Options P 115.5 Dec-2025,VBYM P 115.5 12/22/2025,USD,0,0.00508504,0.002821595,-0.003016766,0.0292653,0.009790196,0.002004245,0.00086155,VY4W1155X25
2025-12-12 00:00:00,3.328125,VBYM P 115.5 12/22/2025 P 115.5,2025-12-22 00:00:00,0.03623,112.171875,115.5,P,0.072442397,-0.991515381,0.004051865,0.015381103,-0.000891064,-0.031382967,1000.0000,CBoT 10y Monday Call Options P 115.5 Dec-2025,VBYM P 115.5 12/22/2025,USD,0,0.006980502,0.00380683,-0.00262684,0.0312009,0.011778814,0.003152535,0.001281917,VY4W1155X25
2025-12-11 00:00:00,3.046875,VBYM P 115.5 12/22/2025 P 115.5,2025-12-22 00:00:00,0.036223,112.453125,115.5,P,0.063878639,-0.990836388,0.00459566,0.017714483,-0.000814068,-0.034497464,1000.0000,CBoT 10y Monday Call Options P 115.5 Dec-2025,VBYM P 115.5 12/22/2025,USD,0,0.008355954,0.004992314,-0.002524545,0.038421237,0.015005414,0.003923529,0.001727088,VY4W1155X25
2025-12-10 00:00:00,3.28125,VBYM P 115.5 12/22/2025 P 115.5,2025-12-22 00:00:00,0.03625,112.21875,115.5,P,0.066640096,-0.990142131,0.005054876,0.017339635,-0.000873533,-0.037608674,1000.0000,CBoT 10y Monday Call Options P 115.5 Dec-2025,VBYM P 115.5 12/22/2025,USD,0,0.008436455,0.004676618,-0.002440862,0.034140547,0.013691292,0.00408403,0.001647957,VY4W1155X25
2025-12-09 00:00:00,3.421875,VBYM P 115.5 12/22/2025 P 115.5,2025-12-22 00:00:00,0.036278,112.09375,115.5,P,0.08364784,-0.969258013,0.014245963,0.037857853,-0.003985734,-0.039914817,1000.0000,CBoT 10y Monday Call Options P 115.5 Dec-2025,VBYM P 115.5 12/22/2025,USD,0,0.015249738,0.002924311,-0.00500252,0.045285615,0.013168703,0.006091947,0.000433827,VY4W1155X25
2025-12-17 00:00:00,0.001,VBYM C 115.75 12/22/2025 C 115.75,2025-12-22 00:00:00,0.03607,112.421875,115.75,C,0.089896118,0.002822937,0.001223125,0.007321331,-0.000713299,4.3343E-05,1000.0000,CBoT 10y Monday Call Options C 115.75 Dec-2025,VBYM C 115.75 12/22/2025,USD,0,0.002676113,0.001694505,-0.002405443,0.019256954,0.006123578,0.000974514,0.000508242,VY4W11575L25
2025-12-16 00:00:00,0.001,VBYM C 115.75 12/22/2025 C 115.75,2025-12-22 00:00:00,0.036157,112.515625,115.75,C,0.079942765,0.002889454,0.001392098,0.007668597,-0.00063191,5.32918E-05,1000.0000,CBoT 10y Monday Call Options C 115.75 Dec-2025,VBYM C 115.75 12/22/2025,USD,0,0.003064396,0.00216543,-0.002041183,0.020648317,0.007172198,0.001220062,0.000708963,VY4W11575L25
2025-12-15 00:00:00,0.001,VBYM C 115.75 12/22/2025 C 115.75,2025-12-22 00:00:00,0.036259,112.28125,115.75,C,0.078918755,0.002729121,0.001432708,0.006845065,-0.000570198,5.85956E-05,1000.0000,CBoT 10y Monday Call Options C 115.75 Dec-2025,VBYM C 115.75 12/22/2025,USD,0,0.00296881,0.002164644,-0.001673263,0.017401427,0.006573702,0.001282621,0.000772032,VY4W11575L25
2025-12-12 00:00:00,0.001,VBYM C 115.75 12/22/2025 C 115.75,2025-12-22 00:00:00,0.03623,112.171875,115.75,C,0.067940682,0.002660719,0.001725602,0.006507817,-0.000433669,8.15572E-05,1000.0000,CBoT 10y Monday Call Options C 115.75 Dec-2025,VBYM C 115.75 12/22/2025,USD,0,0.003380517,0.002886175,-0.001148109,0.016125492,0.007302336,0.001749029,0.00123479,VY4W11575L25
2025-12-11 00:00:00,0.001,VBYM C 115.75 12/22/2025 C 115.75,2025-12-22 00:00:00,0.036223,112.453125,115.75,C,0.060089417,0.002844459,0.001976277,0.007432766,-0.000397041,9.62007E-05,1000.0000,CBoT 10y Monday Call Options C 115.75 Dec-2025,VBYM C 115.75 12/22/2025,USD,0,0.004026844,0.003804467,-0.001099585,0.019699718,0.009282191,0.002173507,0.001690401,VY4W11575L25
2025-12-10 00:00:00,0.001,VBYM C 115.75 12/22/2025 C 115.75,2025-12-22 00:00:00,0.03625,112.21875,115.75,C,0.061275083,0.002689418,0.001957442,0.006648259,-0.00037197,9.90088E-05,1000.0000,CBoT 10y Monday Call Options C 115.75 Dec-2025,VBYM C 115.75 12/22/2025,USD,0,0.00377969,0.003565557,-0.000964736,0.016652832,0.008250345,0.002140373,0.001668413,VY4W11575L25
2025-12-09 00:00:00,0.015625,VBYM C 115.75 12/22/2025 C 115.75,2025-12-22 00:00:00,0.036278,112.09375,115.75,C,0.085144296,0.023295747,0.011756187,0.030572645,-0.003589728,0.000924823,1000.0000,CBoT 10y Monday Call Options C 115.75 Dec-2025,VBYM C 115.75 12/22/2025,USD,0,0.012970748,0.003043608,-0.00424532,0.037851572,0.012034118,0.005458918,0.000634629,VY4W11575L25
2025-12-17 00:00:00,3.234375,VBYM P 115.75 12/22/2025 P 115.75,2025-12-22 00:00:00,0.03607,112.421875,115.75,P,,,,,,,1000.0000,CBoT 10y Monday Call Options P 115.75 Dec-2025,VBYM P 115.75 12/22/2025,USD,0,,,,,,,,VY4W11575X25
2025-12-16 00:00:00,3.234375,VBYM P 115.75 12/22/2025 P 115.75,2025-12-22 00:00:00,0.036157,112.515625,115.75,P,0.085520121,-0.994457244,0.002180962,0.011611917,-0.000819934,-0.018924862,1000.0000,CBoT 10y Monday Call Options P 115.75 Dec-2025,VBYM P 115.75 12/22/2025,USD,0,0.004338747,0.002376829,-0.003190596,0.027313821,0.008678323,0.001614342,0.00069479,VY4W11575X25
2025-12-15 00:00:00,3.46875,VBYM P 115.75 12/22/2025 P 115.75,2025-12-22 00:00:00,0.036259,112.28125,115.75,P,0.0864851,-0.993676225,0.002620455,0.011945468,-0.000907773,-0.022062429,1000.0000,CBoT 10y Monday Call Options P 115.75 Dec-2025,VBYM P 115.75 12/22/2025,USD,0,0.004729586,0.002438035,-0.003020417,0.025276789,0.008457311,0.00186383,0.000744251,VY4W11575X25
2025-12-12 00:00:00,3.578125,VBYM P 115.75 12/22/2025 P 115.75,2025-12-22 00:00:00,0.03623,112.171875,115.75,P,0.077799574,-0.991506217,0.004028514,0.01433747,-0.000957997,-0.031451194,1000.0000,CBoT 10y Monday Call Options P 115.75 Dec-2025,VBYM P 115.75 12/22/2025,USD,0,0.006508057,0.003305078,-0.002630038,0.02707631,0.010223557,0.002938631,0.001112648,VY4W11575X25
2025-12-11 00:00:00,3.296875,VBYM P 115.75 12/22/2025 P 115.75,2025-12-22 00:00:00,0.036223,112.453125,115.75,P,0.069044994,-0.990826511,0.004560357,0.01640669,-0.000880862,-0.0345725,1000.0000,CBoT 10y Monday Call Options P 115.75 Dec-2025,VBYM P 115.75 12/22/2025,USD,0,0.007740524,0.004278978,-0.002527624,0.032916035,0.012857725,0.003633873,0.001479885,VY4W11575X25
2025-12-10 00:00:00,3.53125,VBYM P 115.75 12/22/2025 P 115.75,2025-12-22 00:00:00,0.03625,112.21875,115.75,P,0.07163963,-0.990131482,0.005024261,0.016146994,-0.000940086,-0.037690504,1000.0000,CBoT 10y Monday Call Options P 115.75 Dec-2025,VBYM P 115.75 12/22/2025,USD,0,0.007857689,0.004052206,-0.002443843,0.029568041,0.011859821,0.003803125,0.001427502,VY4W11575X25
2025-12-09 00:00:00,3.671875,VBYM P 115.75 12/22/2025 P 115.75,2025-12-22 00:00:00,0.036278,112.09375,115.75,P,0.088867904,-0.970381471,0.013792622,0.034500619,-0.004078748,-0.040048765,1000.0000,CBoT 10y Monday Call Options P 115.75 Dec-2025,VBYM P 115.75 12/22/2025,USD,0,0.014028964,0.002638325,-0.004891543,0.039196098,0.011586661,0.005654848,0.000421544,VY4W11575X25
2025-12-17 00:00:00,0.001,VBYM C 116 12/22/2025 C 116,2025-12-22 00:00:00,0.03607,112.421875,116,C,0.095867665,0.002660838,0.001152719,0.006508483,-0.000717291,4.08457E-05,1000.0000,CBoT 10y Monday Call Options C 116 Dec-2025,VBYM C 116 12/22/2025,USD,0,0.002396063,0.001449944,-0.002296787,0.016164158,0.005187748,0.000878591,0.000439652,VY4W116L25
2025-12-16 00:00:00,0.001,VBYM C 116 12/22/2025 C 116,2025-12-22 00:00:00,0.036157,112.515625,116,C,0.085406433,0.002719075,0.001308143,0.006795067,-0.00063613,5.01383E-05,1000.0000,CBoT 10y Monday Call Options C 116 Dec-2025,VBYM C 116 12/22/2025,USD,0,0.002735431,0.00184519,-0.001946592,0.017248702,0.006048753,0.001096897,0.000610976,VY4W116L25
2025-12-15 00:00:00,0.001,VBYM C 116 12/22/2025 C 116,2025-12-22 00:00:00,0.036259,112.28125,116,C,0.083949207,0.002578335,0.001351055,0.006112935,-0.000574053,5.53455E-05,1000.0000,CBoT 10y Monday Call Options C 116 Dec-2025,VBYM C 116 12/22/2025,USD,0,0.002669446,0.001863132,-0.001600443,0.014705867,0.005604515,0.001160928,0.000671402,VY4W116L25
2025-12-12 00:00:00,0.001,VBYM C 116 12/22/2025 C 116,2025-12-22 00:00:00,0.03623,112.171875,116,C,0.072139257,0.002517916,0.001626336,0.005831057,-0.000436967,7.71593E-05,1000.0000,CBoT 10y Monday Call Options C 116 Dec-2025,VBYM C 116 12/22/2025,USD,0,0.003049034,0.002494791,-0.001099525,0.013694757,0.006254491,0.001587617,0.001078012,VY4W116L25
2025-12-11 00:00:00,0.001,VBYM C 116 12/22/2025 C 116,2025-12-22 00:00:00,0.036223,112.453125,116,C,0.064118641,0.002679689,0.001850509,0.006600531,-0.000400453,9.05999E-05,1000.0000,CBoT 10y Monday Call Options C 116 Dec-2025,VBYM C 116 12/22/2025,USD,0,0.003601886,0.003250958,-0.001049498,0.016509788,0.007852071,0.001957779,0.001460477,VY4W116L25
2025-12-10 00:00:00,0.001,VBYM C 116 12/22/2025 C 116,2025-12-22 00:00:00,0.03625,112.21875,116,C,0.06511189,0.002543285,0.001840347,0.005948584,-0.000375002,9.35999E-05,1000.0000,CBoT 10y Monday Call Options C 116 Dec-2025,VBYM C 116 12/22/2025,USD,0,0.003404638,0.00307651,-0.000923424,0.014113355,0.007052766,0.001940509,0.001454206,VY4W116L25
2025-12-09 00:00:00,0.015625,VBYM C 116 12/22/2025 C 116,2025-12-22 00:00:00,0.036278,112.09375,116,C,0.089932379,0.022199185,0.011287026,0.027792478,-0.003634637,0.000881,1000.0000,CBoT 10y Monday Call Options C 116 Dec-2025,VBYM C 116 12/22/2025,USD,0,0.011916014,0.002758231,-0.004119469,0.032910226,0.010646248,0.005066237,0.000604599,VY4W116L25
2025-12-17 00:00:00,3.484375,VBYM P 116 12/22/2025 P 116,2025-12-22 00:00:00,0.03607,112.421875,116,P,,,,,,,1000.0000,CBoT 10y Monday Call Options P 116 Dec-2025,VBYM P 116 12/22/2025,USD,0,,,,,,,,VY4W116X25
2025-12-16 00:00:00,3.484375,VBYM P 116 12/22/2025 P 116,2025-12-22 00:00:00,0.036157,112.515625,116,P,0.09203063,-0.994451286,0.002167849,0.010802093,-0.00088331,-0.01896585,1000.0000,CBoT 10y Monday Call Options P 116 Dec-2025,VBYM P 116 12/22/2025,USD,0,0.004036823,0.002055122,-0.003194439,0.023607692,0.007501987,0.00150176,0.000600609,VY4W116X25
2025-12-15 00:00:00,3.71875,VBYM P 116 12/22/2025 P 116,2025-12-22 00:00:00,0.036259,112.28125,116,P,0.092617855,-0.99366941,0.002607717,0.011166531,-0.000973197,-0.022110231,1000.0000,CBoT 10y Monday Call Options P 116 Dec-2025,VBYM P 116 12/22/2025,USD,0,0.004421928,0.002128657,-0.003024064,0.022060319,0.00738234,0.001742295,0.000649649,VY4W116X25
2025-12-12 00:00:00,3.828125,VBYM P 116 12/22/2025 P 116,2025-12-22 00:00:00,0.03623,112.171875,116,P,0.083145209,-0.991497049,0.004010263,0.013430163,-0.00102493,-0.031519418,1000.0000,CBoT 10y Monday Call Options P 116 Dec-2025,VBYM P 116 12/22/2025,USD,0,0.006097325,0.00289766,-0.002633233,0.023727929,0.008960871,0.002752666,0.000975221,VY4W116X25
2025-12-11 00:00:00,3.546875,VBYM P 116 12/22/2025 P 116,2025-12-22 00:00:00,0.036223,112.453125,116,P,0.074200217,-0.990816624,0.004533011,0.015283274,-0.000947656,-0.034647531,1000.0000,CBoT 10y Monday Call Options P 116 Dec-2025,VBYM P 116 12/22/2025,USD,0,0.007211856,0.003710085,-0.002530699,0.0285266,0.011145161,0.003385051,0.001282765,VY4W116X25
2025-12-10 00:00:00,3.78125,VBYM P 116 12/22/2025 P 116,2025-12-22 00:00:00,0.03625,112.21875,116,P,0.076628391,-0.990120828,0.005000355,0.015112072,-0.001006639,-0.037772329,1000.0000,CBoT 10y Monday Call Options P 116 Dec-2025,VBYM P 116 12/22/2025,USD,0,0.00735546,0.003546601,-0.002446822,0.025866428,0.010377039,0.003559366,0.001249018,VY4W116X25
2025-12-09 00:00:00,3.921875,VBYM P 116 12/22/2025 P 116,2025-12-22 00:00:00,0.036278,112.09375,116,P,0.094051734,-0.971377134,0.013386741,0.031641709,-0.004169398,-0.0401776,1000.0000,CBoT 10y Monday Call Options P 116 Dec-2025,VBYM P 116 12/22/2025,USD,0,0.012977286,0.00239183,-0.004790917,0.034244497,0.010273714,0.005273705,0.000406086,VY4W116X25
2025-12-17 00:00:00,0.001,VBYM C 116.25 12/22/2025 C 116.25,2025-12-22 00:00:00,0.03607,112.421875,116.25,C,0.101792347,0.00251802,0.001091068,0.005831616,-0.000720973,3.86455E-05,1000.0000,CBoT 10y Monday Call Options C 116.25 Dec-2025,VBYM C 116.25 12/22/2025,USD,0,0.002161098,0.001253307,-0.002199583,0.013727466,0.004443288,0.000797504,0.000383825,VY4W11625L25
2025-12-16 00:00:00,0.001,VBYM C 116.25 12/22/2025 C 116.25,2025-12-22 00:00:00,0.036157,112.515625,116.25,C,0.090826297,0.002569466,0.001235058,0.006071201,-0.000640024,4.73694E-05,1000.0000,CBoT 10y Monday Call Options C 116.25 Dec-2025,VBYM C 116.25 12/22/2025,USD,0,0.002460698,0.001589154,-0.001862213,0.014587195,0.005160404,0.000993236,0.000531635,VY4W11625L25
2025-12-15 00:00:00,0.001,VBYM C 116.25 12/22/2025 C 116.25,2025-12-22 00:00:00,0.036259,112.28125,116.25,C,0.088941379,0.002444856,0.001279429,0.005499097,-0.000577633,5.24688E-05,1000.0000,CBoT 10y Monday Call Options C 116.25 Dec-2025,VBYM C 116.25 12/22/2025,USD,0,0.002416635,0.001618767,-0.001535035,0.012563134,0.004826967,0.001057418,0.000588895,VY4W11625L25
2025-12-12 00:00:00,0.001,VBYM C 116.25 12/22/2025 C 116.25,2025-12-22 00:00:00,0.03623,112.171875,116.25,C,0.076306601,0.002391068,0.00153928,0.00526081,-0.000440046,7.32535E-05,1000.0000,CBoT 10y Monday Call Options C 116.25 Dec-2025,VBYM C 116.25 12/22/2025,USD,0,0.00276777,0.002175745,-0.001055758,0.01174997,0.00540864,0.001449705,0.000948779,VY4W11625L25
2025-12-11 00:00:00,0.001,VBYM C 116.25 12/22/2025 C 116.25,2025-12-22 00:00:00,0.036223,112.453125,116.25,C,0.068116018,0.002534677,0.001741602,0.005908623,-0.000403623,8.56722E-05,1000.0000,CBoT 10y Monday Call Options C 116.25 Dec-2025,VBYM C 116.25 12/22/2025,USD,0,0.003245878,0.002806735,-0.001004732,0.014001768,0.006716633,0.001775674,0.001273655,VY4W11625L25
2025-12-10 00:00:00,0.001,VBYM C 116.25 12/22/2025 C 116.25,2025-12-22 00:00:00,0.03625,112.21875,116.25,C,0.068919881,0.002413666,0.001738086,0.005360265,-0.000377833,8.88038E-05,1000.0000,CBoT 10y Monday Call Options C 116.25 Dec-2025,VBYM C 116.25 12/22/2025,USD,0,0.003087041,0.002678824,-0.000886254,0.012087107,0.006088551,0.001770066,0.001278032,VY4W11625L25
2025-12-09 00:00:00,0.015625,VBYM C 116.25 12/22/2025 C 116.25,2025-12-22 00:00:00,0.036278,112.09375,116.25,C,0.094673986,0.021215391,0.010861555,0.025408724,-0.003676804,0.000841688,1000.0000,CBoT 10y Monday Call Options C 116.25 Dec-2025,VBYM C 116.25 12/22/2025,USD,0,0.011000724,0.002510717,-0.004003593,0.028850318,0.009482475,0.00472122,0.00057446,VY4W11625L25
2025-12-17 00:00:00,3.734375,VBYM P 116.25 12/22/2025 P 116.25,2025-12-22 00:00:00,0.03607,112.421875,116.25,P,,,,,,,1000.0000,CBoT 10y Monday Call Options P 116.25 Dec-2025,VBYM P 116.25 12/22/2025,USD,0,,,,,,,,VY4W11625X25
2025-12-16 00:00:00,3.734375,VBYM P 116.25 12/22/2025 P 116.25,2025-12-22 00:00:00,0.036157,112.515625,116.25,P,0.098527138,-0.994445322,0.002157656,0.01010071,-0.000946686,-0.019006838,1000.0000,CBoT 10y Monday Call Options P 116.25 Dec-2025,VBYM P 116.25 12/22/2025,USD,0,0.003775327,0.001795383,-0.003198278,0.020616027,0.006552348,0.001404251,0.000524579,VY4W11625X25
2025-12-15 00:00:00,3.96875,VBYM P 116.25 12/22/2025 P 116.25,2025-12-22 00:00:00,0.036259,112.28125,116.25,P,0.098737422,-0.993662592,0.002597749,0.010485739,-0.001038621,-0.022158032,1000.0000,CBoT 10y Monday Call Options P 116.25 Dec-2025,VBYM P 116.25 12/22/2025,USD,0,0.004153033,0.001875439,-0.003027708,0.019428244,0.006502605,0.001636071,0.000572229,VY4W11625X25
2025-12-12 00:00:00,4.078125,VBYM P 116.25 12/22/2025 P 116.25,2025-12-22 00:00:00,0.03623,112.171875,116.25,P,0.088479351,-0.991487879,0.003995922,0.012634108,-0.001091862,-0.03158764,1000.0000,CBoT 10y Monday Call Options P 116.25 Dec-2025,VBYM P 116.25 12/22/2025,USD,0,0.005736955,0.002562255,-0.002636426,0.020972006,0.007921511,0.002589502,0.0008621,VY4W11625X25
2025-12-11 00:00:00,3.796875,VBYM P 116.25 12/22/2025 P 116.25,2025-12-22 00:00:00,0.036223,112.453125,116.25,P,0.079344357,-0.990806732,0.004511644,0.014307813,-0.001014449,-0.034722557,1000.0000,CBoT 10y Monday Call Options P 116.25 Dec-2025,VBYM P 116.25 12/22/2025,USD,0,0.006752813,0.003249006,-0.002533772,0.02496985,0.009757348,0.003168997,0.001123025,VY4W11625X25
2025-12-10 00:00:00,4.03125,VBYM P 116.25 12/22/2025 P 116.25,2025-12-22 00:00:00,0.03625,112.21875,116.25,P,0.081606429,-0.990110172,0.004981581,0.014205526,-0.001073191,-0.037854148,1000.0000,CBoT 10y Monday Call Options P 116.25 Dec-2025,VBYM P 116.25 12/22/2025,USD,0,0.00691553,0.003131376,-0.002449798,0.022827221,0.009159487,0.003345841,0.00110246,VY4W11625X25
2025-12-09 00:00:00,4.171875,VBYM P 116.25 12/22/2025 P 116.25,2025-12-22 00:00:00,0.036278,112.09375,116.25,P,0.099202101,-0.972265879,0.01302116,0.029182427,-0.004258004,-0.040302159,1000.0000,CBoT 10y Monday Call Options P 116.25 Dec-2025,VBYM P 116.25 12/22/2025,USD,0,0.012063012,0.002178116,-0.004699236,0.030166292,0.009172309,0.004938684,0.00038908,VY4W11625X25
2025-12-17 00:00:00,0.001,VBYM C 116.5 12/22/2025 C 116.5,2025-12-22 00:00:00,0.03607,112.421875,116.5,C,0.107672993,0.00239116,0.001036585,0.005261283,-0.000724386,3.66912E-05,1000.0000,CBoT 10y Monday Call Options C 116.5 Dec-2025,VBYM C 116.5 12/22/2025,USD,0,0.00196173,0.001093016,-0.002112017,0.011777926,0.003842344,0.000728222,0.000337808,VY4W1165L25
2025-12-16 00:00:00,0.001,VBYM C 116.5 12/22/2025 C 116.5,2025-12-22 00:00:00,0.036157,112.515625,116.5,C,0.096205078,0.002436962,0.001170802,0.005463851,-0.000643636,4.49172E-05,1000.0000,CBoT 10y Monday Call Options C 116.5 Dec-2025,VBYM C 116.5 12/22/2025,USD,0,0.002228528,0.001381471,-0.00178639,0.012469532,0.004447069,0.000905006,0.000466533,VY4W1165L25
2025-12-15 00:00:00,0.001,VBYM C 116.5 12/22/2025 C 116.5,2025-12-22 00:00:00,0.036259,112.28125,116.5,C,0.093897472,0.002325797,0.001216041,0.004978758,-0.000580975,4.99031E-05,1000.0000,CBoT 10y Monday Call Options C 116.5 Dec-2025,VBYM C 116.5 12/22/2025,USD,0,0.002200896,0.001418172,-0.001475902,0.010835334,0.004194631,0.000968498,0.000520444,VY4W1165L25
2025-12-12 00:00:00,0.001,VBYM C 116.5 12/22/2025 C 116.5,2025-12-22 00:00:00,0.03623,112.171875,116.5,C,0.080444453,0.002277582,0.001462269,0.004775298,-0.000442932,6.97598E-05,1000.0000,CBoT 10y Monday Call Options C 116.5 Dec-2025,VBYM C 116.5 12/22/2025,USD,0,0.002526747,0.001912499,-0.001016088,0.010172803,0.00471701,0.001330762,0.000841053,VY4W1165L25
2025-12-11 00:00:00,0.001,VBYM C 116.5 12/22/2025 C 116.5,2025-12-22 00:00:00,0.036223,112.453125,116.5,C,0.072083489,0.002405991,0.001646329,0.005326425,-0.000406581,8.13005E-05,1000.0000,CBoT 10y Monday Call Options C 116.5 Dec-2025,VBYM C 116.5 12/22/2025,USD,0,0.002944206,0.002445203,-0.000964437,0.01199879,0.005801658,0.001620278,0.001119887,VY4W1165L25
2025-12-10 00:00:00,0.001,VBYM C 116.5 12/22/2025 C 116.5,2025-12-22 00:00:00,0.03625,112.21875,116.5,C,0.072700682,0.00229785,0.001647968,0.004860292,-0.000380487,8.45196E-05,1000.0000,CBoT 10y Monday Call Options C 116.5 Dec-2025,VBYM C 116.5 12/22/2025,USD,0,0.002815361,0.0023514,-0.000852599,0.010447832,0.005301943,0.00162331,0.00113147,VY4W1165L25
2025-12-09 00:00:00,0.015625,VBYM C 116.5 12/22/2025 C 116.5,2025-12-22 00:00:00,0.036278,112.09375,116.5,C,0.099372015,0.020327201,0.010473655,0.023346612,-0.003716542,0.000806198,1000.0000,CBoT 10y Monday Call Options C 116.5 Dec-2025,VBYM C 116.5 12/22/2025,USD,0,0.010200079,0.002294806,-0.003896451,0.02547686,0.008497312,0.004415949,0.000545039,VY4W1165L25
2025-12-16 00:00:00,3.984375,VBYM P 116.5 12/22/2025 P 116.5,2025-12-22 00:00:00,0.036157,112.515625,116.5,P,0.105009708,-0.994439354,0.002149685,0.009487354,-0.001010061,-0.019047825,1000.0000,CBoT 10y Monday Call Options P 116.5 Dec-2025,VBYM P 116.5 12/22/2025,USD,0,0.00354665,0.001582615,-0.003202115,0.018165837,0.005774528,0.001318979,0.000462304,VY4W1165X25
2025-12-15 00:00:00,4.21875,VBYM P 116.5 12/22/2025 P 116.5,2025-12-22 00:00:00,0.036259,112.28125,116.5,P,0.104843861,-0.993655773,0.002589923,0.009885643,-0.001104044,-0.022205833,1000.0000,CBoT 10y Monday Call Options P 116.5 Dec-2025,VBYM P 116.5 12/22/2025,USD,0,0.00391601,0.001665523,-0.00303135,0.017246708,0.005773398,0.001542438,0.000508055,VY4W1165X25
2025-12-12 00:00:00,4.328125,VBYM P 116.5 12/22/2025 P 116.5,2025-12-22 00:00:00,0.03623,112.171875,116.5,P,0.093802052,-0.991478708,0.003984631,0.011930027,-0.001158793,-0.031655861,1000.0000,CBoT 10y Monday Call Options P 116.5 Dec-2025,VBYM P 116.5 12/22/2025,USD,0,0.005418221,0.002282782,-0.002639616,0.018676174,0.007055591,0.002445189,0.000767856,VY4W1165X25
2025-12-11 00:00:00,4.046875,VBYM P 116.5 12/22/2025 P 116.5,2025-12-22 00:00:00,0.036223,112.453125,116.5,P,0.084477461,-0.990796839,0.004494851,0.013452884,-0.001081242,-0.034797579,1000.0000,CBoT 10y Monday Call Options P 116.5 Dec-2025,VBYM P 116.5 12/22/2025,USD,0,0.00635049,0.00287004,-0.002536843,0.022047185,0.008616845,0.002979637,0.000991751,VY4W1165X25
2025-12-10 00:00:00,4.28125,VBYM P 116.5 12/22/2025 P 116.5,2025-12-22 00:00:00,0.03625,112.21875,116.5,P,0.086573788,-0.990099516,0.004966795,0.013404865,-0.001139743,-0.037935964,1000.0000,CBoT 10y Monday Call Options P 116.5 Dec-2025,VBYM P 116.5 12/22/2025,USD,0,0.006526983,0.002786134,-0.002452772,0.02030084,0.008147287,0.003157254,0.000980621,VY4W1165X25
2025-12-09 00:00:00,4.421875,VBYM P 116.5 12/22/2025 P 116.5,2025-12-22 00:00:00,0.036278,112.09375,116.5,P,0.104321369,-0.973064214,0.012690108,0.027047946,-0.004344826,-0.040423103,1000.0000,CBoT 10y Monday Call Options P 116.5 Dec-2025,VBYM P 116.5 12/22/2025,USD,0,0.011261768,0.001991765,-0.004615342,0.026769193,0.008239457,0.004642102,0.000371529,VY4W1165X25
2025-12-17 00:00:00,0.001,VBYM C 116.75 12/22/2025 C 116.75,2025-12-22 00:00:00,0.03607,112.421875,116.75,C,0.113512052,0.002277662,0.000988051,0.004775699,-0.000727564,3.49428E-05,1000.0000,CBoT 10y Monday Call Options C 116.75 Dec-2025,VBYM C 116.75 12/22/2025,USD,0,0.001790887,0.00096076,-0.002032647,0.010196918,0.003350971,0.000668469,0.000299449,VY4W11675L25
2025-12-16 00:00:00,0.001,VBYM C 116.75 12/22/2025 C 116.75,2025-12-22 00:00:00,0.036157,112.515625,116.75,C,0.10154513,0.002318721,0.001113822,0.004948682,-0.000647002,4.27291E-05,1000.0000,CBoT 10y Monday Call Options C 116.75 Dec-2025,VBYM C 116.75 12/22/2025,USD,0,0.002030283,0.00121086,-0.001717815,0.010760529,0.003866496,0.000829168,0.000412485,VY4W11675L25
2025-12-15 00:00:00,0.001,VBYM C 116.75 12/22/2025 C 116.75,2025-12-22 00:00:00,0.036259,112.28125,116.75,C,0.098819412,0.00221889,0.001159508,0.004533383,-0.000584106,4.75994E-05,1000.0000,CBoT 10y Monday Call Options C 116.75 Dec-2025,VBYM C 116.75 12/22/2025,USD,0,0.002015088,0.001251632,-0.001422135,0.009424433,0.003674178,0.00089144,0.000463057,VY4W11675L25
2025-12-12 00:00:00,0.001,VBYM C 116.75 12/22/2025 C 116.75,2025-12-22 00:00:00,0.03623,112.171875,116.75,C,0.084554338,0.002175405,0.00139362,0.004358114,-0.000445647,6.66147E-05,1000.0000,CBoT 10y Monday Call Options C 116.75 Dec-2025,VBYM C 116.75 12/22/2025,USD,0,0.002318391,0.001692949,-0.000979934,0.008878367,0.004145002,0.001227322,0.000750358,VY4W11675L25
2025-12-11 00:00:00,0.001,VBYM C 116.75 12/22/2025 C 116.75,2025-12-22 00:00:00,0.036223,112.453125,116.75,C,0.076022734,0.002290958,0.001562237,0.004831347,-0.000409355,7.73936E-05,1000.0000,CBoT 10y Monday Call Options C 116.75 Dec-2025,VBYM C 116.75 12/22/2025,USD,0,0.002685996,0.002147332,-0.00092794,0.010377037,0.005054648,0.001486404,0.000991881,VY4W11675L25
2025-12-10 00:00:00,0.001,VBYM C 116.75 12/22/2025 C 116.75,2025-12-22 00:00:00,0.03625,112.21875,116.75,C,0.076455715,0.002193692,0.001567913,0.004431387,-0.000382985,8.06676E-05,1000.0000,CBoT 10y Monday Call Options C 116.75 Dec-2025,VBYM C 116.75 12/22/2025,USD,0,0.00258087,0.002078848,-0.000821958,0.009105293,0.004652706,0.001495873,0.001008297,VY4W11675L25
2025-12-09 00:00:00,0.015625,VBYM C 116.75 12/22/2025 C 116.75,2025-12-22 00:00:00,0.036278,112.09375,116.75,C,0.104029003,0.019520829,0.010118322,0.02154858,-0.003754115,0.00077398,1000.0000,CBoT 10y Monday Call Options C 116.75 Dec-2025,VBYM C 116.75 12/22/2025,USD,0,0.009494718,0.002105433,-0.003797006,0.022645544,0.007656217,0.004144144,0.0005168,VY4W11675L25
2025-12-17 00:00:00,4.234375,VBYM P 116.75 12/22/2025 P 116.75,2025-12-22 00:00:00,0.03607,112.421875,116.75,P,,,,,,,1000.0000,CBoT 10y Monday Call Options P 116.75 Dec-2025,VBYM P 116.75 12/22/2025,USD,0,,,,,,,,VY4W11675X25
2025-12-16 00:00:00,4.234375,VBYM P 116.75 12/22/2025 P 116.75,2025-12-22 00:00:00,0.036157,112.515625,116.75,P,0.111478399,-0.994433385,0.002143435,0.008946433,-0.001073436,-0.019088812,1000.0000,CBoT 10y Monday Call Options P 116.75 Dec-2025,VBYM P 116.75 12/22/2025,USD,0,0.003344977,0.001406101,-0.003205948,0.01613354,0.005129317,0.001243777,0.000410647,VY4W11675X25
2025-12-15 00:00:00,4.46875,VBYM P 116.75 12/22/2025 P 116.75,2025-12-22 00:00:00,0.036259,112.28125,116.75,P,0.110937229,-0.993648953,0.002583781,0.009352699,-0.001169467,-0.022253634,1000.0000,CBoT 10y Monday Call Options P 116.75 Dec-2025,VBYM P 116.75 12/22/2025,USD,0,0.003705511,0.001489535,-0.003034988,0.015418137,0.005162123,0.001459282,0.000454261,VY4W11675X25
2025-12-12 00:00:00,4.578125,VBYM P 116.75 12/22/2025 P 116.75,2025-12-22 00:00:00,0.03623,112.171875,116.75,P,0.09911336,-0.991469538,0.003975752,0.01130285,-0.001225724,-0.031724079,1000.0000,CBoT 10y Monday Call Options P 116.75 Dec-2025,VBYM P 116.75 12/22/2025,USD,0,0.005134302,0.002047417,-0.002642803,0.01674311,0.006326432,0.002316637,0.000688496,VY4W11675X25
2025-12-11 00:00:00,4.296875,VBYM P 116.75 12/22/2025 P 116.75,2025-12-22 00:00:00,0.036223,112.453125,116.75,P,0.089599579,-0.990786944,0.00448162,0.01269745,-0.001148034,-0.034872599,1000.0000,CBoT 10y Monday Call Options P 116.75 Dec-2025,VBYM P 116.75 12/22/2025,USD,0,0.005994989,0.002554721,-0.002539911,0.019615933,0.007668018,0.002812313,0.000882539,VY4W11675X25
2025-12-10 00:00:00,4.53125,VBYM P 116.75 12/22/2025 P 116.75,2025-12-22 00:00:00,0.03625,112.21875,116.75,P,0.091530518,-0.990088861,0.004955157,0.012692563,-0.001206294,-0.038017778,1000.0000,CBoT 10y Monday Call Options P 116.75 Dec-2025,VBYM P 116.75 12/22/2025,USD,0,0.006181316,0.00249593,-0.002455743,0.018177716,0.007296574,0.002989478,0.00087822,VY4W11675X25
2025-12-09 00:00:00,4.671875,VBYM P 116.75 12/22/2025 P 116.75,2025-12-22 00:00:00,0.036278,112.09375,116.75,P,0.109411576,-0.97378537,0.01238888,0.025180607,-0.004430084,-0.04054096,1000.0000,CBoT 10y Monday Call Options P 116.75 Dec-2025,VBYM P 116.75 12/22/2025,USD,0,0.010554521,0.001828393,-0.004538274,0.023910778,0.007442532,0.004377872,0.00035405,VY4W11675X25
2025-12-17 00:00:00,0.001,VBYM C 117 12/22/2025 C 117,2025-12-22 00:00:00,0.03607,112.421875,117,C,0.119311671,0.002175475,0.000944509,0.004358454,-0.000730536,3.33687E-05,1000.0000,CBoT 10y Monday Call Options C 117 Dec-2025,VBYM C 117 12/22/2025,USD,0,0.001643199,0.000850458,-0.001960313,0.008899335,0.002944587,0.000616505,0.000267155,VY4W117L25
2025-12-16 00:00:00,0.001,VBYM C 117 12/22/2025 C 117,2025-12-22 00:00:00,0.036157,112.515625,117,C,0.106848514,0.002212507,0.001062911,0.004507485,-0.000650152,4.07637E-05,1000.0000,CBoT 10y Monday Call Options C 117 Dec-2025,VBYM C 117 12/22/2025,USD,0,0.00185945,0.001069122,-0.001655443,0.009363953,0.003388314,0.000763413,0.000367145,VY4W117L25
2025-12-15 00:00:00,0.001,VBYM C 117 12/22/2025 C 117,2025-12-22 00:00:00,0.036259,112.28125,117,C,0.103708895,0.002122323,0.001108743,0.004148878,-0.00058705,4.55186E-05,1000.0000,CBoT 10y Monday Call Options C 117 Dec-2025,VBYM C 117 12/22/2025,USD,0,0.001853739,0.001111966,-0.001372998,0.008259315,0.003241214,0.000824138,0.000414494,VY4W117L25
2025-12-12 00:00:00,0.001,VBYM C 117 12/22/2025 C 117,2025-12-22 00:00:00,0.03623,112.171875,117,C,0.088637598,0.002082888,0.001332009,0.003996693,-0.00044821,6.37673E-05,1000.0000,CBoT 10y Monday Call Options C 117 Dec-2025,VBYM C 117 12/22/2025,USD,0,0.002136862,0.001508074,-0.000946825,0.007804572,0.00366709,0.001136694,0.000673316,VY4W117L25
2025-12-11 00:00:00,0.001,VBYM C 117 12/22/2025 C 117,2025-12-22 00:00:00,0.036223,112.453125,117,C,0.079935227,0.002187466,0.001487428,0.004406409,-0.000411965,7.38792E-05,1000.0000,CBoT 10y Monday Call Options C 117 Dec-2025,VBYM C 117 12/22/2025,USD,0,0.002463016,0.001899221,-0.0008947,0.009047901,0.004437676,0.001370094,0.000884238,VY4W117L25
2025-12-10 00:00:00,0.001,VBYM C 117 12/22/2025 C 117,2025-12-22 00:00:00,0.03625,112.21875,117,C,0.080186239,0.002099478,0.001496293,0.004060356,-0.000385344,7.7184E-05,1000.0000,CBoT 10y Monday Call Options C 117 Dec-2025,VBYM C 117 12/22/2025,USD,0,0.002376858,0.001849738,-0.000793922,0.007993724,0.004111258,0.001384368,0.000903834,VY4W117L25
2025-12-09 00:00:00,0.015625,VBYM C 117 12/22/2025 C 117,2025-12-22 00:00:00,0.036278,112.09375,117,C,0.108647182,0.018785068,0.009791423,0.019969665,-0.003789744,0.000744584,1000.0000,CBoT 10y Monday Call Options C 117 Dec-2025,VBYM C 117 12/22/2025,USD,0,0.008869319,0.001938485,-0.003704389,0.020247791,0.006932586,0.003900764,0.000489983,VY4W117L25
2025-12-17 00:00:00,4.484375,VBYM P 117 12/22/2025 P 117,2025-12-22 00:00:00,0.03607,112.421875,117,P,,,,,,,1000.0000,CBoT 10y Monday Call Options P 117 Dec-2025,VBYM P 117 12/22/2025,USD,0,,,,,,,,VY4W117X25
2025-12-16 00:00:00,4.484375,VBYM P 117 12/22/2025 P 117,2025-12-22 00:00:00,0.036157,112.515625,117,P,0.117933273,-0.994427415,0.002138538,0.008465832,-0.001136811,-0.019129798,1000.0000,CBoT 10y Monday Call Options P 117 Dec-2025,VBYM P 117 12/22/2025,USD,0,0.003165794,0.001258022,-0.003209778,0.01442894,0.004588101,0.00117696,0.000367316,VY4W117X25
2025-12-15 00:00:00,4.71875,VBYM P 117 12/22/2025 P 117,2025-12-22 00:00:00,0.036259,112.28125,117,P,0.117017583,-0.993642133,0.002578981,0.008876232,-0.001234889,-0.022301434,1000.0000,CBoT 10y Monday Call Options P 117 Dec-2025,VBYM P 117 12/22/2025,USD,0,0.003517319,0.001340512,-0.003038624,0.013870043,0.004644567,0.001384938,0.000408714,VY4W117X25
2025-12-12 00:00:00,4.828125,VBYM P 117 12/22/2025 P 117,2025-12-22 00:00:00,0.03623,112.171875,117,P,0.104413327,-0.991460372,0.003968805,0.010740631,-0.001292655,-0.031792297,1000.0000,CBoT 10y Monday Call Options P 117 Dec-2025,VBYM P 117 12/22/2025,USD,0,0.004879789,0.001847307,-0.002645988,0.015099961,0.005706575,0.002201399,0.000621033,VY4W117X25
2025-12-11 00:00:00,4.546875,VBYM P 117 12/22/2025 P 117,2025-12-22 00:00:00,0.036223,112.453125,117,P,0.094710758,-0.990777052,0.0044712,0.012025095,-0.001214826,-0.034947617,1000.0000,CBoT 10y Monday Call Options P 117 Dec-2025,VBYM P 117 12/22/2025,USD,0,0.005678585,0.002289502,-0.002542976,0.017571448,0.00687006,0.00266339,0.000790693,VY4W117X25
2025-12-10 00:00:00,4.78125,VBYM P 117 12/22/2025 P 117,2025-12-22 00:00:00,0.03625,112.21875,117,P,0.096476663,-0.99007821,0.004946035,0.012054758,-0.001272845,-0.038099589,1000.0000,CBoT 10y Monday Call Options P 117 Dec-2025,VBYM P 117 12/22/2025,USD,0,0.005871802,0.002249613,-0.002458712,0.016376086,0.006574614,0.002839248,0.000791317,VY4W117X25
2025-12-09 00:00:00,4.921875,VBYM P 117 12/22/2025 P 117,2025-12-22 00:00:00,0.036278,112.09375,117,P,0.114474489,-0.974440089,0.012113595,0.023535324,-0.004513957,-0.040656162,1000.0000,CBoT 10y Monday Call Options P 117 Dec-2025,VBYM P 117 12/22/2025,USD,0,0.009926209,0.00168443,-0.004467227,0.021483798,0.006756421,0.004141109,0.000337014,VY4W117X25
2025-12-17 00:00:00,0.001,VBYM C 117.25 12/22/2025 C 117.25,2025-12-22 00:00:00,0.03607,112.421875,117.25,C,0.125073752,0.002082948,0.000905202,0.003996982,-0.000733324,3.19434E-05,1000.0000,CBoT 10y Monday Call Options C 117.25 Dec-2025,VBYM C 117.25 12/22/2025,USD,0,0.001514528,0.000757578,-0.001894071,0.007822937,0.002605056,0.000570977,0.000239722,VY4W11725L25
2025-12-16 00:00:00,0.001,VBYM C 117.25 12/22/2025 C 117.25,2025-12-22 00:00:00,0.036157,112.515625,117.25,C,0.11211704,0.002116531,0.001017118,0.004126393,-0.000653111,3.89878E-05,1000.0000,CBoT 10y Monday Call Options C 117.25 Dec-2025,VBYM C 117.25 12/22/2025,USD,0,0.001711033,0.000950185,-0.001598423,0.008209908,0.002990266,0.000705958,0.000328756,VY4W11725L25
2025-12-15 00:00:00,0.001,VBYM C 117.25 12/22/2025 C 117.25,2025-12-22 00:00:00,0.036259,112.28125,117.25,C,0.108567423,0.002034629,0.001062879,0.003814355,-0.000589828,4.36291E-05,1000.0000,CBoT 10y Monday Call Options C 117.25 Dec-2025,VBYM C 117.25 12/22/2025,USD,0,0.001712597,0.000993774,-0.001327885,0.007287456,0.002877567,0.000764946,0.000373051,VY4W11725L25
2025-12-12 00:00:00,0.001,VBYM C 117.25 12/22/2025 C 117.25,2025-12-22 00:00:00,0.03623,112.171875,117.25,C,0.092695432,0.001998692,0.001276379,0.003681269,-0.000450636,6.11764E-05,1000.0000,CBoT 10y Monday Call Options C 117.25 Dec-2025,VBYM C 117.25 12/22/2025,USD,0,0.001977593,0.00135105,-0.000916371,0.006905234,0.00326413,0.001056759,0.000607344,VY4W11725L25
2025-12-11 00:00:00,0.001,VBYM C 117.25 12/22/2025 C 117.25,2025-12-22 00:00:00,0.036223,112.453125,117.25,C,0.083822263,0.002093821,0.001420414,0.004038628,-0.000414428,7.06998E-05,1000.0000,CBoT 10y Monday Call Options C 117.25 Dec-2025,VBYM C 117.25 12/22/2025,USD,0,0.002268927,0.001690537,-0.000864277,0.007946726,0.003922822,0.00126828,0.000792898,VY4W11725L25
2025-12-10 00:00:00,0.001,VBYM C 117.25 12/22/2025 C 117.25,2025-12-22 00:00:00,0.03625,112.21875,117.25,C,0.083893369,0.002013815,0.001431813,0.003736973,-0.000387577,7.40171E-05,1000.0000,CBoT 10y Monday Call Options C 117.25 Dec-2025,VBYM C 117.25 12/22/2025,USD,0,0.002198087,0.001655443,-0.000768154,0.007064351,0.003655475,0.001286138,0.00081451,VY4W11725L25
2025-12-09 00:00:00,0.015625,VBYM C 117.25 12/22/2025 C 117.25,2025-12-22 00:00:00,0.036278,112.09375,117.25,C,0.113228536,0.018110703,0.009489509,0.018574289,-0.00382362,0.000717643,1000.0000,CBoT 10y Monday Call Options C 117.25 Dec-2025,VBYM C 117.25 12/22/2025,USD,0,0.008311609,0.001790597,-0.003617859,0.018200684,0.006305662,0.003681717,0.000464688,VY4W11725L25
2025-12-17 00:00:00,4.734375,VBYM P 117.25 12/22/2025 P 117.25,2025-12-22 00:00:00,0.03607,112.421875,117.25,P,,,,,,,1000.0000,CBoT 10y Monday Call Options P 117.25 Dec-2025,VBYM P 117.25 12/22/2025,USD,0,,,,,,,,VY4W11725X25
2025-12-16 00:00:00,4.734375,VBYM P 117.25 12/22/2025 P 117.25,2025-12-22 00:00:00,0.036157,112.515625,117.25,P,0.12437439,-0.994421445,0.00213472,0.008035994,-0.001200185,-0.019170785,1000.0000,CBoT 10y Monday Call Options P 117.25 Dec-2025,VBYM P 117.25 12/22/2025,USD,0,0.003005536,0.001132558,-0.003213606,0.012984954,0.004129594,0.001117201,0.000330606,VY4W11725X25
2025-12-15 00:00:00,4.96875,VBYM P 117.25 12/22/2025 P 117.25,2025-12-22 00:00:00,0.036259,112.28125,117.25,P,0.12308498,-0.993635315,0.002575263,0.008447719,-0.001300312,-0.022349234,1000.0000,CBoT 10y Monday Call Options P 117.25 Dec-2025,VBYM P 117.25 12/22/2025,USD,0,0.003348067,0.00121319,-0.003042256,0.012547658,0.004202434,0.001318075,0.000369804,VY4W11725X25
2025-12-12 00:00:00,5.078125,VBYM P 117.25 12/22/2025 P 117.25,2025-12-22 00:00:00,0.03623,112.171875,117.25,P,0.109702001,-0.991451208,0.003963424,0.010233776,-0.001359585,-0.031860514,1000.0000,CBoT 10y Monday Call Options P 117.25 Dec-2025,VBYM P 117.25 12/22/2025,USD,0,0.00465034,0.001675717,-0.00264917,0.013691309,0.005175132,0.002097508,0.000563192,VY4W11725X25
2025-12-11 00:00:00,4.796875,VBYM P 117.25 12/22/2025 P 117.25,2025-12-22 00:00:00,0.036223,112.453125,117.25,P,0.099811045,-0.990767163,0.00446303,0.011422832,-0.001281617,-0.035022633,1000.0000,CBoT 10y Monday Call Options P 117.25 Dec-2025,VBYM P 117.25 12/22/2025,USD,0,0.005395166,0.002064265,-0.002546039,0.01583556,0.006192485,0.00252999,0.000712703,VY4W11725X25
2025-12-10 00:00:00,5.03125,VBYM P 117.25 12/22/2025 P 117.25,2025-12-22 00:00:00,0.03625,112.21875,117.25,P,0.10141227,-0.990067563,0.004938948,0.011480345,-0.001339395,-0.038181398,1000.0000,CBoT 10y Monday Call Options P 117.25 Dec-2025,VBYM P 117.25 12/22/2025,USD,0,0.005593051,0.002038722,-0.002461679,0.014833935,0.005956576,0.002703948,0.000716923,VY4W11725X25
2025-12-09 00:00:00,5.171875,VBYM P 117.25 12/22/2025 P 117.25,2025-12-22 00:00:00,0.036278,112.09375,117.25,P,0.119511656,-0.975037181,0.011861029,0.022076381,-0.0045966,-0.040769059,1000.0000,CBoT 10y Monday Call Options P 117.25 Dec-2025,VBYM P 117.25 12/22/2025,USD,0,0.009364768,0.001556959,-0.004401522,0.01940628,0.006161539,0.003927852,0.000320636,VY4W11725X25
2025-12-17 00:00:00,0.001,VBYM C 117.5 12/22/2025 C 117.5,2025-12-22 00:00:00,0.03607,112.421875,117.5,C,0.130799982,0.001998744,0.00086952,0.003681514,-0.00073595,3.06463E-05,1000.0000,CBoT 10y Monday Call Options C 117.5 Dec-2025,VBYM C 117.5 12/22/2025,USD,0,0.001401635,0.00067869,-0.001833141,0.006921425,0.002318777,0.000530821,0.000216232,VY4W1175L25
2025-12-16 00:00:00,0.001,VBYM C 117.5 12/22/2025 C 117.5,2025-12-22 00:00:00,0.036157,112.515625,117.5,C,0.117352316,0.002029347,0.000975684,0.00379469,-0.000655899,3.73746E-05,1000.0000,CBoT 10y Monday Call Options C 117.5 Dec-2025,VBYM C 117.5 12/22/2025,USD,0,0.001581148,0.000849481,-0.00154606,0.007246718,0.002655758,0.000655404,0.000295978,VY4W1175L25
2025-12-15 00:00:00,0.001,VBYM C 117.5 12/22/2025 C 117.5,2025-12-22 00:00:00,0.036259,112.28125,117.5,C,0.113396336,0.001954612,0.001021216,0.003521291,-0.000592456,4.19051E-05,1000.0000,CBoT 10y Monday Call Options C 117.5 Dec-2025,VBYM C 117.5 12/22/2025,USD,0,0.001588311,0.000892936,-0.001286296,0.006469439,0.002569497,0.000712558,0.000337415,VY4W1175L25
2025-12-12 00:00:00,0.001,VBYM C 117.5 12/22/2025 C 117.5,2025-12-22 00:00:00,0.03623,112.171875,117.5,C,0.096728915,0.001921717,0.001225876,0.003404156,-0.00045294,5.88078E-05,1000.0000,CBoT 10y Monday Call Options C 117.5 Dec-2025,VBYM C 117.5 12/22/2025,USD,0,0.001836967,0.001216634,-0.000888249,0.006145469,0.002921553,0.000985831,0.00055044,VY4W1175L25
2025-12-11 00:00:00,0.001,VBYM C 117.5 12/22/2025 C 117.5,2025-12-22 00:00:00,0.036223,112.453125,117.5,C,0.087685002,0.00200865,0.001360007,0.003717937,-0.000416761,6.78085E-05,1000.0000,CBoT 10y Monday Call Options C 117.5 Dec-2025,VBYM C 117.5 12/22/2025,USD,0,0.002098781,0.001513473,-0.000836308,0.007025515,0.00348919,0.001178552,0.000714758,VY4W1175L25
2025-12-10 00:00:00,0.001,VBYM C 117.5 12/22/2025 C 117.5,2025-12-22 00:00:00,0.03625,112.21875,117.5,C,0.087578104,0.001935563,0.001373432,0.003453207,-0.000389699,7.11247E-05,1000.0000,CBoT 10y Monday Call Options C 117.5 Dec-2025,VBYM C 117.5 12/22/2025,USD,0,0.002040423,0.001489357,-0.000744376,0.006280432,0.003268566,0.00119907,0.000737565,VY4W1175L25
2025-12-09 00:00:00,0.015625,VBYM C 117.5 12/22/2025 C 117.5,2025-12-22 00:00:00,0.036278,112.09375,117.5,C,0.117774834,0.017490085,0.009209681,0.017333968,-0.003855906,0.00069285,1000.0000,CBoT 10y Monday Call Options C 117.5 Dec-2025,VBYM C 117.5 12/22/2025,USD,0,0.007811652,0.001659004,-0.003536785,0.01644006,0.005759064,0.003483651,0.000440935,VY4W1175L25
2025-12-17 00:00:00,4.984375,VBYM P 117.5 12/22/2025 P 117.5,2025-12-22 00:00:00,0.03607,112.421875,117.5,P,,,,,,,1000.0000,CBoT 10y Monday Call Options P 117.5 Dec-2025,VBYM P 117.5 12/22/2025,USD,0,,,,,,,,VY4W1175X25
2025-12-16 00:00:00,4.984375,VBYM P 117.5 12/22/2025 P 117.5,2025-12-22 00:00:00,0.036157,112.515625,117.5,P,0.130801807,-0.994415477,0.002131772,0.00764928,-0.001263559,-0.019211771,1000.0000,CBoT 10y Monday Call Options P 117.5 Dec-2025,VBYM P 117.5 12/22/2025,USD,0,0.002861357,0.001025309,-0.003217429,0.011750849,0.003737701,0.001063436,0.00029923,VY4W1175X25
2025-12-15 00:00:00,5.21875,VBYM P 117.5 12/22/2025 P 117.5,2025-12-22 00:00:00,0.036259,112.28125,117.5,P,0.129139475,-0.9936285,0.002572426,0.008060267,-0.001365733,-0.022397034,1000.0000,CBoT 10y Monday Call Options P 117.5 Dec-2025,VBYM P 117.5 12/22/2025,USD,0,0.003195034,0.001103535,-0.003045886,0.011408976,0.003821691,0.001257619,0.000336297,VY4W1175X25
2025-12-12 00:00:00,5.328125,VBYM P 117.5 12/22/2025 P 117.5,2025-12-22 00:00:00,0.03623,112.171875,117.5,P,0.114979432,-0.991442048,0.003959326,0.009774492,-0.001426514,-0.03192873,1000.0000,CBoT 10y Monday Call Options P 117.5 Dec-2025,VBYM P 117.5 12/22/2025,USD,0,0.004442427,0.00152745,-0.002652349,0.01247439,0.004715984,0.002003367,0.00051322,VY4W1175X25
2025-12-11 00:00:00,5.046875,VBYM P 117.5 12/22/2025 P 117.5,2025-12-22 00:00:00,0.036223,112.453125,117.5,P,0.104900491,-0.990757275,0.004456681,0.010880243,-0.001348408,-0.035097649,1000.0000,CBoT 10y Monday Call Options P 117.5 Dec-2025,VBYM P 117.5 12/22/2025,USD,0,0.005139831,0.001871325,-0.0025491,0.014348923,0.005612149,0.002409808,0.000645905,VY4W1175X25
2025-12-10 00:00:00,5.28125,VBYM P 117.5 12/22/2025 P 117.5,2025-12-22 00:00:00,0.03625,112.21875,117.5,P,0.106337384,-0.990056919,0.004933524,0.010960321,-0.001405944,-0.038263207,1000.0000,CBoT 10y Monday Call Options P 117.5 Dec-2025,VBYM P 117.5 12/22/2025,USD,0,0.005340696,0.001856746,-0.002464643,0.013503531,0.00542335,0.002581459,0.000652738,VY4W1175X25
2025-12-09 00:00:00,5.421875,VBYM P 117.5 12/22/2025 P 117.5,2025-12-22 00:00:00,0.036278,112.09375,117.5,P,0.124524438,-0.975583947,0.011628477,0.020775156,-0.004678143,-0.040879945,1000.0000,CBoT 10y Monday Call Options P 117.5 Dec-2025,VBYM P 117.5 12/22/2025,USD,0,0.008860426,0.00144358,-0.004340579,0.017614729,0.005642435,0.003734859,0.000305032,VY4W1175X25
2025-12-17 00:00:00,0.001,VBYM C 117.75 12/22/2025 C 117.75,2025-12-22 00:00:00,0.03607,112.421875,117.75,C,0.136491875,0.001921761,0.000836965,0.003404364,-0.000738429,2.94605E-05,1000.0000,CBoT 10y Monday Call Options C 117.75 Dec-2025,VBYM C 117.75 12/22/2025,USD,0,0.001301958,0.000611161,-0.001776876,0.006159827,0.002075398,0.00049519,0.00019597,VY4W11775L25
2025-12-16 00:00:00,0.001,VBYM C 117.75 12/22/2025 C 117.75,2025-12-22 00:00:00,0.036157,112.515625,117.75,C,0.12255578,0.001949774,0.000937994,0.003503978,-0.000658534,3.59023E-05,1000.0000,CBoT 10y Monday Call Options C 117.75 Dec-2025,VBYM C 117.75 12/22/2025,USD,0,0.00146673,0.000763523,-0.001497775,0.006435568,0.00237223,0.000610645,0.000267781,VY4W11775L25
2025-12-15 00:00:00,0.001,VBYM C 117.75 12/22/2025 C 117.75,2025-12-22 00:00:00,0.036259,112.28125,117.75,C,0.118196846,0.001881284,0.000983184,0.003262932,-0.000594949,4.03253E-05,1000.0000,CBoT 10y Monday Call Options C 117.75 Dec-2025,VBYM C 117.75 12/22/2025,USD,0,0.001478211,0.000806265,-0.001247812,0.005775257,0.002306462,0.000665926,0.000306559,VY4W11775L25
2025-12-12 00:00:00,0.001,VBYM C 117.75 12/22/2025 C 117.75,2025-12-22 00:00:00,0.03623,112.171875,117.75,C,0.10073901,0.001851051,0.001179802,0.003159232,-0.000455132,5.66337E-05,1000.0000,CBoT 10y Monday Call Options C 117.75 Dec-2025,VBYM C 117.75 12/22/2025,USD,0,0.001712087,0.001100753,-0.000862186,0.005498558,0.002628121,0.000922549,0.000501031,VY4W11775L25
2025-12-11 00:00:00,0.001,VBYM C 117.75 12/22/2025 C 117.75,2025-12-22 00:00:00,0.036223,112.453125,117.75,C,0.091524474,0.001930826,0.001305253,0.003436421,-0.000418976,6.5167E-05,1000.0000,CBoT 10y Monday Call Options C 117.75 Dec-2025,VBYM C 117.75 12/22/2025,USD,0,0.001948665,0.001362045,-0.000810492,0.006248078,0.003120902,0.00109899,0.000647417,VY4W11775L25
2025-12-10 00:00:00,0.001,VBYM C 117.75 12/22/2025 C 117.75,2025-12-22 00:00:00,0.03625,112.21875,117.75,C,0.091241342,0.001863779,0.001320302,0.003202674,-0.000391718,6.84718E-05,1000.0000,CBoT 10y Monday Call Options C 117.75 Dec-2025,VBYM C 117.75 12/22/2025,USD,0,0.001900556,0.001346356,-0.000722354,0.0056139,0.002937609,0.001121465,0.000670834,VY4W11775L25
2025-12-09 00:00:00,0.015625,VBYM C 117.75 12/22/2025 C 117.75,2025-12-22 00:00:00,0.036278,112.09375,117.75,C,0.122287667,0.016916811,0.008949482,0.016225661,-0.003886743,0.000669949,1000.0000,CBoT 10y Monday Call Options C 117.75 Dec-2025,VBYM C 117.75 12/22/2025,USD,0,0.007361325,0.001541416,-0.003460623,0.014915664,0.005279726,0.003303791,0.000418689,VY4W11775L25
2025-12-17 00:00:00,5.234375,VBYM P 117.75 12/22/2025 P 117.75,2025-12-22 00:00:00,0.03607,112.421875,117.75,P,,,,,,,1000.0000,CBoT 10y Monday Call Options P 117.75 Dec-2025,VBYM P 117.75 12/22/2025,USD,0,,,,,,,,VY4W11775X25
2025-12-16 00:00:00,5.234375,VBYM P 117.75 12/22/2025 P 117.75,2025-12-22 00:00:00,0.036157,112.515625,117.75,P,0.137215588,-0.99440951,0.002129534,0.007299512,-0.001326933,-0.019252757,1000.0000,CBoT 10y Monday Call Options P 117.75 Dec-2025,VBYM P 117.75 12/22/2025,USD,0,0.002730953,0.000932899,-0.00322125,0.01068768,0.003400062,0.001014807,0.000272198,VY4W11775X25
2025-12-15 00:00:00,5.46875,VBYM P 117.75 12/22/2025 P 117.75,2025-12-22 00:00:00,0.036259,112.28125,117.75,P,0.135181123,-0.993621687,0.002570315,0.007708244,-0.001431154,-0.022444833,1000.0000,CBoT 10y Monday Call Options P 117.75 Dec-2025,VBYM P 117.75 12/22/2025,USD,0,0.003055995,0.001008406,-0.003049512,0.010421344,0.003491427,0.00120269,0.000307233,VY4W11775X25
2025-12-12 00:00:00,5.578125,VBYM P 117.75 12/22/2025 P 117.75,2025-12-22 00:00:00,0.03623,112.171875,117.75,P,0.120245668,-0.991432891,0.003956288,0.009356382,-0.001493443,-0.031996946,1000.0000,CBoT 10y Monday Call Options P 117.75 Dec-2025,VBYM P 117.75 12/22/2025,USD,0,0.004253154,0.001398443,-0.002655526,0.01141578,0.004316532,0.001917665,0.000469745,VY4W11775X25
2025-12-11 00:00:00,5.296875,VBYM P 117.75 12/22/2025 P 117.75,2025-12-22 00:00:00,0.036223,112.453125,117.75,P,0.109979138,-0.990747393,0.004451821,0.010388878,-0.001415198,-0.035172663,1000.0000,CBoT 10y Monday Call Options P 117.75 Dec-2025,VBYM P 117.75 12/22/2025,USD,0,0.004908601,0.001704762,-0.002552158,0.013065818,0.005111221,0.00230097,0.000588247,VY4W11775X25
2025-12-10 00:00:00,5.53125,VBYM P 117.75 12/22/2025 P 117.75,2025-12-22 00:00:00,0.03625,112.21875,117.75,P,0.111252052,-0.990046281,0.004929474,0.010487311,-0.001472493,-0.038345014,1000.0000,CBoT 10y Monday Call Options P 117.75 Dec-2025,VBYM P 117.75 12/22/2025,USD,0,0.005111157,0.001698604,-0.002467605,0.012347652,0.004960032,0.002470043,0.000596968,VY4W11775X25
2025-12-09 00:00:00,5.671875,VBYM P 117.75 12/22/2025 P 117.75,2025-12-22 00:00:00,0.036278,112.09375,117.75,P,0.129514042,-0.976086492,0.01141365,0.019608465,-0.004758698,-0.040989063,1000.0000,CBoT 10y Monday Call Options P 117.75 Dec-2025,VBYM P 117.75 12/22/2025,USD,0,0.008405192,0.001342306,-0.004283901,0.016059363,0.00518679,0.003559447,0.000290256,VY4W11775X25
2025-12-17 00:00:00,0.001,VBYM C 118 12/22/2025 C 118,2025-12-22 00:00:00,0.03607,112.421875,118,C,0.142150792,0.001851088,0.000807131,0.003159407,-0.000740776,2.8372E-05,1000.0000,CBoT 10y Monday Call Options C 118 Dec-2025,VBYM C 118 12/22/2025,USD,0,0.001213441,0.000552945,-0.001724732,0.00551136,0.001866935,0.0004634,0.000178378,VY4W118L25
2025-12-16 00:00:00,0.001,VBYM C 118 12/22/2025 C 118,2025-12-22 00:00:00,0.036157,112.515625,118,C,0.127728724,0.001876833,0.000903546,0.003247597,-0.00066103,3.45528E-05,1000.0000,CBoT 10y Monday Call Options C 118 Dec-2025,VBYM C 118 12/22/2025,USD,0,0.001365335,0.000689609,-0.001453085,0.005746881,0.002130038,0.000570791,0.000243357,VY4W118L25
2025-12-15 00:00:00,0.001,VBYM C 118 12/22/2025 C 118,2025-12-22 00:00:00,0.036259,112.28125,118,C,0.122970039,0.00181382,0.000948313,0.003033864,-0.00059732,3.88719E-05,1000.0000,CBoT 10y Monday Call Options C 118 Dec-2025,VBYM C 118 12/22/2025,USD,0,0.001380144,0.000731268,-0.001212079,0.005181761,0.002080279,0.000624201,0.000279675,VY4W118L25
2025-12-12 00:00:00,0.001,VBYM C 118 12/22/2025 C 118,2025-12-22 00:00:00,0.03623,112.171875,118,C,0.104726595,0.001785932,0.001137582,0.002941567,-0.000457222,5.46303E-05,1000.0000,CBoT 10y Monday Call Options C 118 Dec-2025,VBYM C 118 12/22/2025,USD,0,0.001600606,0.001000203,-0.000837953,0.004943789,0.002375062,0.000865806,0.000457869,VY4W118L25
2025-12-11 00:00:00,0.001,VBYM C 118 12/22/2025 C 118,2025-12-22 00:00:00,0.036223,112.453125,118,C,0.095341611,0.001859417,0.001255372,0.003187785,-0.000421084,6.27435E-05,1000.0000,CBoT 10y Monday Call Options C 118 Dec-2025,VBYM C 118 12/22/2025,USD,0,0.001815448,0.00123161,-0.000786578,0.005586748,0.002805732,0.001028053,0.000588993,VY4W118L25
2025-12-10 00:00:00,0.001,VBYM C 118 12/22/2025 C 118,2025-12-22 00:00:00,0.03625,112.21875,118,C,0.094883897,0.001797674,0.001271726,0.002980245,-0.000393644,6.6029E-05,1000.0000,CBoT 10y Monday Call Options C 118 Dec-2025,VBYM C 118 12/22/2025,USD,0,0.001775815,0.001222418,-0.000701889,0.005043041,0.00265254,0.001051942,0.000612604,VY4W118L25
2025-12-09 00:00:00,0.015625,VBYM C 118 12/22/2025 C 118,2025-12-22 00:00:00,0.036278,112.09375,118,C,0.126768472,0.01638547,0.008706814,0.015230544,-0.003916254,0.000648724,1000.0000,CBoT 10y Monday Call Options C 118 Dec-2025,VBYM C 118 12/22/2025,USD,0,0.006953925,0.001435927,-0.003388904,0.013587698,0.004857122,0.003139824,0.000397889,VY4W118L25
2025-12-17 00:00:00,5.484375,VBYM P 118 12/22/2025 P 118,2025-12-22 00:00:00,0.03607,112.421875,118,P,,,,,,,1000.0000,CBoT 10y Monday Call Options P 118 Dec-2025,VBYM P 118 12/22/2025,USD,0,,,,,,,,VY4W118X25
2025-12-16 00:00:00,5.484375,VBYM P 118 12/22/2025 P 118,2025-12-22 00:00:00,0.036157,112.515625,118,P,0.143615787,-0.994403546,0.00212788,0.006981636,-0.001390306,-0.019293743,1000.0000,CBoT 10y Monday Call Options P 118 Dec-2025,VBYM P 118 12/22/2025,USD,0,0.002612439,0.000852697,-0.003225068,0.009765148,0.003107063,0.000970612,0.00024874,VY4W118X25
2025-12-15 00:00:00,5.71875,VBYM P 118 12/22/2025 P 118,2025-12-22 00:00:00,0.036259,112.28125,118,P,0.141209983,-0.993614877,0.002568807,0.007387003,-0.001496575,-0.022492633,1000.0000,CBoT 10y Monday Call Options P 118 Dec-2025,VBYM P 118 12/22/2025,USD,0,0.002929115,0.000925336,-0.003053136,0.009559065,0.003203059,0.001152565,0.000281855,VY4W118X25
2025-12-12 00:00:00,5.828125,VBYM P 118 12/22/2025 P 118,2025-12-22 00:00:00,0.03623,112.171875,118,P,0.125500757,-0.99142374,0.003954135,0.008974148,-0.001560371,-0.032065162,1000.0000,CBoT 10y Monday Call Options P 118 Dec-2025,VBYM P 118 12/22/2025,USD,0,0.004080122,0.001285481,-0.002658701,0.010489041,0.003966809,0.001839316,0.000431682,VY4W118X25
2025-12-11 00:00:00,5.546875,VBYM P 118 12/22/2025 P 118,2025-12-22 00:00:00,0.036223,112.453125,118,P,0.115047035,-0.990737515,0.004448191,0.009941811,-0.001481987,-0.035247676,1000.0000,CBoT 10y Monday Call Options P 118 Dec-2025,VBYM P 118 12/22/2025,USD,0,0.004698219,0.001559957,-0.002555213,0.011950566,0.004675784,0.002201944,0.000538127,VY4W118X25
2025-12-10 00:00:00,5.78125,VBYM P 118 12/22/2025 P 118,2025-12-22 00:00:00,0.03625,112.21875,118,P,0.116156319,-0.990035648,0.004926566,0.010055217,-0.001539041,-0.03842682,1000.0000,CBoT 10y Monday Call Options P 118 Dec-2025,VBYM P 118 12/22/2025,USD,0,0.004901474,0.001560289,-0.002470564,0.011336921,0.004554857,0.002368263,0.000548197,VY4W118X25
2025-12-09 00:00:00,5.921875,VBYM P 118 12/22/2025 P 118,2025-12-22 00:00:00,0.036278,112.09375,118,P,0.134481539,-0.97654996,0.011214602,0.018557347,-0.004838362,-0.04109662,1000.0000,CBoT 10y Monday Call Options P 118 Dec-2025,VBYM P 118 12/22/2025,USD,0,0.007992473,0.001251484,-0.004231061,0.014700721,0.004784683,0.00339938,0.000276317,VY4W118X25
2025-12-17 00:00:00,0.001,VBYM C 118.25 12/22/2025 C 118.25,2025-12-22 00:00:00,0.03607,112.421875,118.25,C,0.147777971,0.001785962,0.000779677,0.002941714,-0.000743003,2.73688E-05,1000.0000,CBoT 10y Monday Call Options C 118.25 Dec-2025,VBYM C 118.25 12/22/2025,USD,0,0.001134422,0.00050243,-0.001676249,0.004955259,0.001687155,0.000434896,0.00016301,VY4W11825L25
2025-12-16 00:00:00,0.001,VBYM C 118.25 12/22/2025 C 118.25,2025-12-22 00:00:00,0.036157,112.515625,118.25,C,0.132872316,0.001809709,0.000871924,0.003020206,-0.000663402,3.33109E-05,1000.0000,CBoT 10y Monday Call Options C 118.25 Dec-2025,VBYM C 118.25 12/22/2025,USD,0,0.001274993,0.000625625,-0.001411582,0.005157825,0.00192169,0.00053512,0.000222068,VY4W11825L25
2025-12-15 00:00:00,0.001,VBYM C 118.25 12/22/2025 C 118.25,2025-12-22 00:00:00,0.036259,112.28125,118.25,C,0.127716909,0.001751527,0.00091621,0.002829704,-0.000599579,3.75299E-05,1000.0000,CBoT 10y Monday Call Options C 118.25 Dec-2025,VBYM C 118.25 12/22/2025,USD,0,0.001292359,0.000665972,-0.001178798,0.004670887,0.001884515,0.000586691,0.000256115,VY4W11825L25
2025-12-12 00:00:00,0.001,VBYM C 118.25 12/22/2025 C 118.25,2025-12-22 00:00:00,0.03623,112.171875,118.25,C,0.108692465,0.001725716,0.001098738,0.002747154,-0.00045922,5.27779E-05,1000.0000,CBoT 10y Monday Call Options C 118.25 Dec-2025,VBYM C 118.25 12/22/2025,USD,0,0.001500609,0.000912437,-0.000815353,0.004464914,0.002155452,0.000814694,0.000419955,VY4W11825L25
2025-12-11 00:00:00,0.001,VBYM C 118.25 12/22/2025 C 118.25,2025-12-22 00:00:00,0.036223,112.453125,118.25,C,0.099137256,0.001793642,0.001209724,0.002966967,-0.000423095,6.05114E-05,1000.0000,CBoT 10y Monday Call Options C 118.25 Dec-2025,VBYM C 118.25 12/22/2025,USD,0,0.001696602,0.001118519,-0.000764351,0.005020101,0.00253415,0.000964484,0.000537993,VY4W11825L25
2025-12-10 00:00:00,0.001,VBYM C 118.25 12/22/2025 C 118.25,2025-12-22 00:00:00,0.03625,112.21875,118.25,C,0.098506509,0.001736585,0.001227128,0.002781758,-0.000395485,6.37718E-05,1000.0000,CBoT 10y Monday Call Options C 118.25 Dec-2025,VBYM C 118.25 12/22/2025,USD,0,0.001664021,0.001114354,-0.000682815,0.004550861,0.00240543,0.000989369,0.000561505,VY4W11825L25
2025-12-09 00:00:00,0.015625,VBYM C 118.25 12/22/2025 C 118.25,2025-12-22 00:00:00,0.036278,112.09375,118.25,C,0.131218553,0.015891466,0.008479876,0.014333108,-0.003944548,0.000628992,1000.0000,CBoT 10y Monday Call Options C 118.25 Dec-2025,VBYM C 118.25 12/22/2025,USD,0,0.006583878,0.001340942,-0.003321216,0.012424335,0.004482704,0.002989808,0.000378458,VY4W11825L25
2025-12-17 00:00:00,5.734375,VBYM P 118.25 12/22/2025 P 118.25,2025-12-22 00:00:00,0.03607,112.421875,118.25,P,,,,,,,1000.0000,CBoT 10y Monday Call Options P 118.25 Dec-2025,VBYM P 118.25 12/22/2025,USD,0,,,,,,,,VY4W11825X25
2025-12-16 00:00:00,5.734375,VBYM P 118.25 12/22/2025 P 118.25,2025-12-22 00:00:00,0.036157,112.515625,118.25,P,0.150002465,-0.994397584,0.002126712,0.006691481,-0.001453679,-0.01933473,1000.0000,CBoT 10y Monday Call Options P 118.25 Dec-2025,VBYM P 118.25 12/22/2025,USD,0,0.002504261,0.000782634,-0.003228883,0.00895939,0.002851132,0.000930271,0.000228249,VY4W11825X25
2025-12-15 00:00:00,5.96875,VBYM P 118.25 12/22/2025 P 118.25,2025-12-22 00:00:00,0.036259,112.28125,118.25,P,0.147226106,-0.993608071,0.002567804,0.007092678,-0.001561995,-0.022540432,1000.0000,CBoT 10y Monday Call Options P 118.25 Dec-2025,VBYM P 118.25 12/22/2025,USD,0,0.002812866,0.000852357,-0.003056757,0.008801691,0.002949753,0.001106638,0.000259563,VY4W11825X25
2025-12-12 00:00:00,6.078125,VBYM P 118.25 12/22/2025 P 118.25,2025-12-22 00:00:00,0.03623,112.171875,118.25,P,0.130744749,-0.991414593,0.003952724,0.008623362,-0.001627299,-0.032133377,1000.0000,CBoT 10y Monday Call Options P 118.25 Dec-2025,VBYM P 118.25 12/22/2025,USD,0,0.003921327,0.001185997,-0.002661873,0.009673045,0.00365885,0.001767413,0.000398165,VY4W11825X25
2025-12-11 00:00:00,5.796875,VBYM P 118.25 12/22/2025 P 118.25,2025-12-22 00:00:00,0.036223,112.453125,118.25,P,0.120104228,-0.990727642,0.004445585,0.009533311,-0.001548776,-0.035322689,1000.0000,CBoT 10y Monday Call Options P 118.25 Dec-2025,VBYM P 118.25 12/22/2025,USD,0,0.004505986,0.001433258,-0.002558266,0.010974989,0.004294847,0.00211146,0.000494281,VY4W11825X25
2025-12-10 00:00:00,6.03125,VBYM P 118.25 12/22/2025 P 118.25,2025-12-22 00:00:00,0.03625,112.21875,118.25,P,0.121050229,-0.990025021,0.004924617,0.009658949,-0.001605589,-0.038508626,1000.0000,CBoT 10y Monday Call Options P 118.25 Dec-2025,VBYM P 118.25 12/22/2025,USD,0,0.004709178,0.001438603,-0.002473521,0.010447904,0.004198441,0.002274922,0.000505294,VY4W11825X25
2025-12-09 00:00:00,6.171875,VBYM P 118.25 12/22/2025 P 118.25,2025-12-22 00:00:00,0.036278,112.09375,118.25,P,0.139427894,-0.976978716,0.011029663,0.017606161,-0.00491722,-0.041202789,1000.0000,CBoT 10y Monday Call Options P 118.25 Dec-2025,VBYM P 118.25 12/22/2025,USD,0,0.007616781,0.001169732,-0.004181687,0.01350721,0.004428056,0.003252784,0.000263204,VY4W11825X25
2025-12-17 00:00:00,0.001,VBYM C 118.5 12/22/2025 C 118.5,2025-12-22 00:00:00,0.03607,112.421875,118.5,C,0.153374535,0.00172574,0.000754319,0.002747277,-0.000745122,2.64413E-05,1000.0000,CBoT 10y Monday Call Options C 118.5 Dec-2025,VBYM C 118.5 12/22/2025,USD,0,0.001063543,0.000458338,-0.001631034,0.004475237,0.001531139,0.00040922,0.00014951,VY4W1185L25
2025-12-16 00:00:00,0.001,VBYM C 118.5 12/22/2025 C 118.5,2025-12-22 00:00:00,0.036157,112.515625,118.5,C,0.137987616,0.001747718,0.000842782,0.002817478,-0.00066566,3.2164E-05,1000.0000,CBoT 10y Monday Call Options C 118.5 Dec-2025,VBYM C 118.5 12/22/2025,USD,0,0.0011941,0.000569898,-0.001372919,0.00465057,0.001741295,0.000503042,0.000203406,VY4W1185L25
2025-12-15 00:00:00,0.001,VBYM C 118.5 12/22/2025 C 118.5,2025-12-22 00:00:00,0.036259,112.28125,118.5,C,0.132438359,0.00169382,0.000886548,0.002646871,-0.000601736,3.62868E-05,1000.0000,CBoT 10y Monday Call Options C 118.5 Dec-2025,VBYM C 118.5 12/22/2025,USD,0,0.001213418,0.000608799,-0.001147711,0.004228383,0.001714069,0.000552821,0.000235359,VY4W1185L25
2025-12-12 00:00:00,0.001,VBYM C 118.5 12/22/2025 C 118.5,2025-12-22 00:00:00,0.03623,112.171875,118.5,C,0.112637349,0.001669856,0.001062867,0.002572707,-0.000461133,5.10596E-05,1000.0000,CBoT 10y Monday Call Options C 118.5 Dec-2025,VBYM C 118.5 12/22/2025,USD,0,0.001410517,0.000835409,-0.000794219,0.004049059,0.001963772,0.000768461,0.00038648,VY4W1185L25
2025-12-11 00:00:00,0.001,VBYM C 118.5 12/22/2025 C 118.5,2025-12-22 00:00:00,0.036223,112.453125,118.5,C,0.102912174,0.001732845,0.001167776,0.002769857,-0.000425016,5.84484E-05,1000.0000,CBoT 10y Monday Call Options C 118.5 Dec-2025,VBYM C 118.5 12/22/2025,USD,0,0.001590059,0.001019877,-0.00074363,0.00453136,0.002298643,0.000907254,0.000493223,VY4W1185L25
2025-12-10 00:00:00,0.001,VBYM C 118.5 12/22/2025 C 118.5,2025-12-22 00:00:00,0.03625,112.21875,118.5,C,0.102109853,0.001679948,0.001186024,0.002603803,-0.000397249,6.16793E-05,1000.0000,CBoT 10y Monday Call Options C 118.5 Dec-2025,VBYM C 118.5 12/22/2025,USD,0,0.001563381,0.001019606,-0.000664986,0.004123917,0.002189972,0.000932812,0.000516431,VY4W1185L25
2025-12-09 00:00:00,0.015625,VBYM C 118.5 12/22/2025 C 118.5,2025-12-22 00:00:00,0.036278,112.09375,118.5,C,0.135639097,0.015430856,0.008267109,0.013520471,-0.00397172,0.000610593,1000.0000,CBoT 10y Monday Call Options C 118.5 Dec-2025,VBYM C 118.5 12/22/2025,USD,0,0.006246512,0.001255118,-0.003257202,0.011399882,0.004149466,0.002852098,0.00036031,VY4W1185L25
2025-12-17 00:00:00,5.984375,VBYM P 118.5 12/22/2025 P 118.5,2025-12-22 00:00:00,0.03607,112.421875,118.5,P,,,,,,,1000.0000,CBoT 10y Monday Call Options P 118.5 Dec-2025,VBYM P 118.5 12/22/2025,USD,0,,,,,,,,VY4W1185X25
2025-12-16 00:00:00,5.984375,VBYM P 118.5 12/22/2025 P 118.5,2025-12-22 00:00:00,0.036157,112.515625,118.5,P,0.15637568,-0.994391625,0.002125951,0.006425573,-0.001517051,-0.019375716,1000.0000,CBoT 10y Monday Call Options P 118.5 Dec-2025,VBYM P 118.5 12/22/2025,USD,0,0.002405123,0.000721062,-0.003232695,0.008251408,0.002626241,0.000893301,0.000210244,VY4W1185X25
2025-12-15 00:00:00,6.21875,VBYM P 118.5 12/22/2025 P 118.5,2025-12-22 00:00:00,0.036259,112.28125,118.5,P,0.153229549,-0.993601268,0.002567226,0.00682202,-0.001627415,-0.022588232,1000.0000,CBoT 10y Monday Call Options P 118.5 Dec-2025,VBYM P 118.5 12/22/2025,USD,0,0.002705965,0.000787891,-0.003060374,0.008132789,0.002726019,0.001064405,0.000239873,VY4W1185X25
2025-12-12 00:00:00,6.328125,VBYM P 118.5 12/22/2025 P 118.5,2025-12-22 00:00:00,0.03623,112.171875,118.5,P,0.13597769,-0.991405451,0.003951942,0.008300297,-0.001694226,-0.032201592,1000.0000,CBoT 10y Monday Call Options P 118.5 Dec-2025,VBYM P 118.5 12/22/2025,USD,0,0.003775082,0.001097916,-0.002665042,0.008950739,0.003386226,0.001701191,0.000368493,VY4W1185X25
2025-12-11 00:00:00,6.046875,VBYM P 118.5 12/22/2025 P 118.5,2025-12-22 00:00:00,0.036223,112.453125,118.5,P,0.125150765,-0.990717774,0.004443839,0.009158595,-0.001615564,-0.035397702,1000.0000,CBoT 10y Monday Call Options P 118.5 Dec-2025,VBYM P 118.5 12/22/2025,USD,0,0.004329653,0.001321752,-0.002561317,0.010116592,0.003959637,0.002028458,0.000455697,VY4W1185X25
2025-12-10 00:00:00,6.28125,VBYM P 118.5 12/22/2025 P 118.5,2025-12-22 00:00:00,0.03625,112.21875,118.5,P,0.125933827,-0.9900144,0.004923479,0.00929423,-0.001672135,-0.038590432,1000.0000,CBoT 10y Monday Call Options P 118.5 Dec-2025,VBYM P 118.5 12/22/2025,USD,0,0.004532193,0.001330967,-0.002476475,0.00966172,0.003883223,0.002189012,0.000467351,VY4W1185X25
2025-12-09 00:00:00,6.421875,VBYM P 118.5 12/22/2025 P 118.5,2025-12-22 00:00:00,0.036278,112.09375,118.5,P,0.144353969,-0.977376495,0.010857396,0.016741901,-0.004995343,-0.04130772,1000.0000,CBoT 10y Monday Call Options P 118.5 Dec-2025,VBYM P 118.5 12/22/2025,USD,0,0.007273518,0.001095884,-0.004135456,0.012453295,0.004110309,0.00311807,0.000250887,VY4W1185X25
2025-12-17 00:00:00,0.001,VBYM C 118.75 12/22/2025 C 118.75,2025-12-22 00:00:00,0.03607,112.421875,118.75,C,0.158941509,0.001669875,0.000730818,0.002572808,-0.000747141,2.55808E-05,1000.0000,CBoT 10y Monday Call Options C 118.75 Dec-2025,VBYM C 118.75 12/22/2025,USD,0,0.000999686,0.000419642,-0.00158875,0.004058389,0.001394966,0.000385994,0.000137591,VY4W11875L25
2025-12-16 00:00:00,0.001,VBYM C 118.75 12/22/2025 C 118.75,2025-12-22 00:00:00,0.036157,112.515625,118.75,C,0.143075593,0.001690278,0.000815829,0.002635877,-0.000667814,3.11013E-05,1000.0000,CBoT 10y Monday Call Options C 118.75 Dec-2025,VBYM C 118.75 12/22/2025,USD,0,0.001121336,0.000521086,-0.001336798,0.004211039,0.001584173,0.000474071,0.00018696,VY4W11875L25
2025-12-15 00:00:00,0.001,VBYM C 118.75 12/22/2025 C 118.75,2025-12-22 00:00:00,0.036259,112.28125,118.75,C,0.137135215,0.001640199,0.000859049,0.002482417,-0.0006038,3.51317E-05,1000.0000,CBoT 10y Monday Call Options C 118.75 Dec-2025,VBYM C 118.75 12/22/2025,USD,0,0.001142132,0.000558477,-0.001118598,0.003842894,0.001564847,0.000522116,0.000216984,VY4W11875L25
2025-12-12 00:00:00,0.001,VBYM C 118.75 12/22/2025 C 118.75,2025-12-22 00:00:00,0.03623,112.171875,118.75,C,0.116561916,0.001617887,0.001029629,0.00241551,-0.000462967,4.94611E-05,1000.0000,CBoT 10y Monday Call Options C 118.75 Dec-2025,VBYM C 118.75 12/22/2025,USD,0,0.001329018,0.000767466,-0.000774404,0.003685924,0.001795579,0.000726477,0.000356784,VY4W11875L25
2025-12-11 00:00:00,0.001,VBYM C 118.75 12/22/2025 C 118.75,2025-12-22 00:00:00,0.036223,112.453125,118.75,C,0.106667067,0.001676468,0.001129083,0.00259309,-0.000426856,5.65356E-05,1000.0000,CBoT 10y Monday Call Options C 118.75 Dec-2025,VBYM C 118.75 12/22/2025,USD,0,0.001494121,0.000933362,-0.000724259,0.004107247,0.002093231,0.000855514,0.00045372,VY4W11875L25
2025-12-10 00:00:00,0.001,VBYM C 118.75 12/22/2025 C 118.75,2025-12-22 00:00:00,0.03625,112.21875,118.75,C,0.105694549,0.001627284,0.001148006,0.002443569,-0.00039894,5.97337E-05,1000.0000,CBoT 10y Monday Call Options C 118.75 Dec-2025,VBYM C 118.75 12/22/2025,USD,0,0.001472407,0.000936108,-0.000648278,0.003751474,0.002001098,0.00088149,0.000476479,VY4W11875L25
2025-12-09 00:00:00,0.015625,VBYM C 118.75 12/22/2025 C 118.75,2025-12-22 00:00:00,0.036278,112.09375,118.75,C,0.140031192,0.01500025,0.00806716,0.012781853,-0.003997855,0.000593394,1000.0000,CBoT 10y Monday Call Options C 118.75 Dec-2025,VBYM C 118.75 12/22/2025,USD,0,0.005937888,0.001177318,-0.003196546,0.010493424,0.003851627,0.002725295,0.000343359,VY4W11875L25
2025-12-17 00:00:00,6.234375,VBYM P 118.75 12/22/2025 P 118.75,2025-12-22 00:00:00,0.03607,112.421875,118.75,P,,,,,,,1000.0000,CBoT 10y Monday Call Options P 118.75 Dec-2025,VBYM P 118.75 12/22/2025,USD,0,,,,,,,,VY4W11875X25
2025-12-16 00:00:00,6.234375,VBYM P 118.75 12/22/2025 P 118.75,2025-12-22 00:00:00,0.036157,112.515625,118.75,P,0.162735489,-0.994385669,0.002125533,0.006180995,-0.001580423,-0.019416702,1000.0000,CBoT 10y Monday Call Options P 118.75 Dec-2025,VBYM P 118.75 12/22/2025,USD,0,0.002313938,0.000666654,-0.003236503,0.007625924,0.002427539,0.000859296,0.000194335,VY4W11875X25
2025-12-15 00:00:00,6.46875,VBYM P 118.75 12/22/2025 P 118.75,2025-12-22 00:00:00,0.036259,112.28125,118.75,P,0.159220368,-0.993594468,0.002567011,0.006572288,-0.001692834,-0.022636031,1000.0000,CBoT 10y Monday Call Options P 118.75 Dec-2025,VBYM P 118.75 12/22/2025,USD,0,0.00260733,0.000730655,-0.003063989,0.007539028,0.002527402,0.001025437,0.000222394,VY4W11875X25
2025-12-12 00:00:00,6.578125,VBYM P 118.75 12/22/2025 P 118.75,2025-12-22 00:00:00,0.03623,112.171875,118.75,P,0.141199627,-0.991396315,0.003951695,0.008001793,-0.001761152,-0.032269807,1000.0000,CBoT 10y Monday Call Options P 118.75 Dec-2025,VBYM P 118.75 12/22/2025,USD,0,0.003639956,0.001019549,-0.002668209,0.008308235,0.003143701,0.001640004,0.000342097,VY4W11875X25
2025-12-11 00:00:00,6.296875,VBYM P 118.75 12/22/2025 P 118.75,2025-12-22 00:00:00,0.036223,112.453125,118.75,P,0.13018669,-0.990707912,0.00444282,0.008813638,-0.001682351,-0.035472714,1000.0000,CBoT 10y Monday Call Options P 118.75 Dec-2025,VBYM P 118.75 12/22/2025,USD,0,0.004167324,0.001223091,-0.002564365,0.009357243,0.003663079,0.001952048,0.000421563,VY4W11875X25
2025-12-10 00:00:00,6.53125,VBYM P 118.75 12/22/2025 P 118.75,2025-12-22 00:00:00,0.03625,112.21875,118.75,P,0.130807158,-0.990003785,0.004923031,0.008957437,-0.001738681,-0.038672237,1000.0000,CBoT 10y Monday Call Options P 118.75 Dec-2025,VBYM P 118.75 12/22/2025,USD,0,0.004368761,0.001235286,-0.002479427,0.008963018,0.003603056,0.002109679,0.000433627,VY4W11875X25
2025-12-09 00:00:00,6.671875,VBYM P 118.75 12/22/2025 P 118.75,2025-12-22 00:00:00,0.036278,112.09375,118.75,P,0.149260544,-0.977746508,0.010696551,0.015953666,-0.005072798,-0.041411542,1000.0000,CBoT 10y Monday Call Options P 118.75 Dec-2025,VBYM P 118.75 12/22/2025,USD,0,0.006958802,0.001028957,-0.004092082,0.01151817,0.003825996,0.002993887,0.000239329,VY4W11875X25
2025-12-17 00:00:00,0.001,VBYM C 119 12/22/2025 C 119,2025-12-22 00:00:00,0.03607,112.421875,119,C,0.164479838,0.001617901,0.000708968,0.002415592,-0.000749069,2.47802E-05,1000.0000,CBoT 10y Monday Call Options C 119 Dec-2025,VBYM C 119 12/22/2025,USD,0,0.000941919,0.000385509,-0.001549107,0.003694388,0.00127548,0.000364904,0.000127018,VY4W119L25
2025-12-16 00:00:00,0.001,VBYM C 119 12/22/2025 C 119,2025-12-22 00:00:00,0.036157,112.515625,119,C,0.148137138,0.001636896,0.000790818,0.002472487,-0.000669872,3.01137E-05,1000.0000,CBoT 10y Monday Call Options C 119 Dec-2025,VBYM C 119 12/22/2025,USD,0,0.001055612,0.000478111,-0.001302965,0.003828009,0.001446573,0.0004478,0.000172395,VY4W119L25
2025-12-15 00:00:00,0.001,VBYM C 119 12/22/2025 C 119,2025-12-22 00:00:00,0.036259,112.28125,119,C,0.141808243,0.001590234,0.000833475,0.002333892,-0.000605778,3.40554E-05,1000.0000,CBoT 10y Monday Call Options C 119 Dec-2025,VBYM C 119 12/22/2025,USD,0,0.001077506,0.000513971,-0.001091265,0.003505289,0.001433544,0.000494177,0.000200642,VY4W119L25
2025-12-12 00:00:00,0.001,VBYM C 119 12/22/2025 C 119,2025-12-22 00:00:00,0.03623,112.171875,119,C,0.120466782,0.001569405,0.000998736,0.002273299,-0.000464729,4.79699E-05,1000.0000,CBoT 10y Monday Call Options C 119 Dec-2025,VBYM C 119 12/22/2025,USD,0,0.001255016,0.000707255,-0.000755783,0.003367198,0.001647272,0.000688217,0.000330325,VY4W119L25
2025-12-11 00:00:00,0.001,VBYM C 119 12/22/2025 C 119,2025-12-22 00:00:00,0.036223,112.453125,119,C,0.110402576,0.001624036,0.001093268,0.002433883,-0.000428621,5.47567E-05,1000.0000,CBoT 10y Monday Call Options C 119 Dec-2025,VBYM C 119 12/22/2025,USD,0,0.001407377,0.000857096,-0.000706102,0.00373715,0.001913106,0.000808551,0.000418696,VY4W119L25
2025-12-10 00:00:00,0.001,VBYM C 119 12/22/2025 C 119,2025-12-22 00:00:00,0.03625,112.21875,119,C,0.109261169,0.001578178,0.00111273,0.002298714,-0.000400566,5.79198E-05,1000.0000,CBoT 10y Monday Call Options C 119 Dec-2025,VBYM C 119 12/22/2025,USD,0,0.001389858,0.000862176,-0.000632583,0.003424882,0.001834702,0.00083475,0.000440911,VY4W119L25
2025-12-09 00:00:00,0.015625,VBYM C 119 12/22/2025 C 119,2025-12-22 00:00:00,0.036278,112.09375,119,C,0.144395838,0.014596705,0.007878848,0.012108174,-0.004023029,0.000577276,1000.0000,CBoT 10y Monday Call Options C 119 Dec-2025,VBYM C 119 12/22/2025,USD,0,0.005654656,0.001106577,-0.003138968,0.009687804,0.003584382,0.0026082,0.00032752,VY4W119L25
2025-12-17 00:00:00,6.484375,VBYM P 119 12/22/2025 P 119,2025-12-22 00:00:00,0.03607,112.421875,119,P,,,,,,,1000.0000,CBoT 10y Monday Call Options P 119 Dec-2025,VBYM P 119 12/22/2025,USD,0,,,,,,,,VY4W119X25
2025-12-16 00:00:00,6.484375,VBYM P 119 12/22/2025 P 119,2025-12-22 00:00:00,0.036157,112.515625,119,P,0.169081951,-0.994379716,0.002125407,0.005955279,-0.001643795,-0.019457688,1000.0000,CBoT 10y Monday Call Options P 119 Dec-2025,VBYM P 119 12/22/2025,USD,0,0.002229787,0.000618334,-0.003240309,0.007070534,0.002251091,0.000827914,0.000180208,VY4W119X25
2025-12-15 00:00:00,6.71875,VBYM P 119 12/22/2025 P 119,2025-12-22 00:00:00,0.036259,112.28125,119,P,0.165198614,-0.993587672,0.002567105,0.006341144,-0.001758253,-0.022683831,1000.0000,CBoT 10y Monday Call Options P 119 Dec-2025,VBYM P 119 12/22/2025,USD,0,0.002516037,0.000679601,-0.003067601,0.0070095,0.002350257,0.000989369,0.000206805,VY4W119X25
2025-12-12 00:00:00,6.828125,VBYM P 119 12/22/2025 P 119,2025-12-22 00:00:00,0.03623,112.171875,119,P,0.146410609,-0.991387184,0.003951908,0.007725152,-0.001828078,-0.032338021,1000.0000,CBoT 10y Monday Call Options P 119 Dec-2025,VBYM P 119 12/22/2025,USD,0,0.003514728,0.000949511,-0.002671373,0.007734135,0.002926978,0.001583297,0.00031851,VY4W119X25
2025-12-11 00:00:00,6.546875,VBYM P 119 12/22/2025 P 119,2025-12-22 00:00:00,0.036223,112.453125,119,P,0.135212049,-0.990698055,0.004442421,0.00849503,-0.001749138,-0.035547726,1000.0000,CBoT 10y Monday Call Options P 119 Dec-2025,VBYM P 119 12/22/2025,USD,0,0.004017397,0.001135363,-0.002567411,0.008682191,0.003399419,0.001881474,0.000391215,VY4W119X25
2025-12-10 00:00:00,6.78125,VBYM P 119 12/22/2025 P 119,2025-12-22 00:00:00,0.03625,112.21875,119,P,0.135670265,-0.989993176,0.004923174,0.008645482,-0.001805227,-0.038754041,1000.0000,CBoT 10y Monday Call Options P 119 Dec-2025,VBYM P 119 12/22/2025,USD,0,0.004217382,0.001149843,-0.002482377,0.008339216,0.0033529,0.002036196,0.000403516,VY4W119X25
2025-12-09 00:00:00,6.921875,VBYM P 119 12/22/2025 P 119,2025-12-22 00:00:00,0.036278,112.09375,119,P,0.154148326,-0.978091532,0.010546044,0.015232266,-0.00514964,-0.041514365,1000.0000,CBoT 10y Monday Call Options P 119 Dec-2025,VBYM P 119 12/22/2025,USD,0,0.006669333,0.000968113,-0.004051317,0.010684744,0.003570587,0.00287908,0.000228488,VY4W119X25
2025-12-17 00:00:00,0.001,VBYM C 119.25 12/22/2025 C 119.25,2025-12-22 00:00:00,0.03607,112.421875,119.25,C,0.169990391,0.001569414,0.000688597,0.002273365,-0.000750914,2.40334E-05,1000.0000,CBoT 10y Monday Call Options C 119.25 Dec-2025,VBYM C 119.25 12/22/2025,USD,0,0.000889466,0.000355261,-0.001511852,0.003374904,0.001170121,0.000345684,0.000117597,VY4W11925L25
2025-12-16 00:00:00,0.001,VBYM C 119.25 12/22/2025 C 119.25,2025-12-22 00:00:00,0.036157,112.515625,119.25,C,0.153173062,0.001587145,0.00076754,0.002324887,-0.000671843,2.91933E-05,1000.0000,CBoT 10y Monday Call Options C 119.25 Dec-2025,VBYM C 119.25 12/22/2025,USD,0,0.000996014,0.000440092,-0.001271197,0.003492453,0.001325459,0.00042389,0.000159439,VY4W11925L25
2025-12-15 00:00:00,0.001,VBYM C 119.25 12/22/2025 C 119.25,2025-12-22 00:00:00,0.036259,112.28125,119.25,C,0.146458144,0.001543556,0.000809625,0.002199246,-0.000607676,3.30499E-05,1000.0000,CBoT 10y Monday Call Options C 119.25 Dec-2025,VBYM C 119.25 12/22/2025,USD,0,0.001018708,0.000474433,-0.001065547,0.003208165,0.001317463,0.000468666,0.000186048,VY4W11925L25
2025-12-12 00:00:00,0.001,VBYM C 119.25 12/22/2025 C 119.25,2025-12-22 00:00:00,0.03623,112.171875,119.25,C,0.124352515,0.001524064,0.00096994,0.002144177,-0.000466424,4.65754E-05,1000.0000,CBoT 10y Monday Call Options C 119.25 Dec-2025,VBYM C 119.25 12/22/2025,USD,0,0.001187586,0.000653666,-0.000738245,0.003086117,0.001515902,0.000653232,0.000306654,VY4W11925L25
2025-12-11 00:00:00,0.001,VBYM C 119.25 12/22/2025 C 119.25,2025-12-22 00:00:00,0.036223,112.453125,119.25,C,0.114119294,0.001575139,0.001060012,0.002289923,-0.000430316,5.30979E-05,1000.0000,CBoT 10y Monday Call Options C 119.25 Dec-2025,VBYM C 119.25 12/22/2025,USD,0,0.001328647,0.000789549,-0.000689045,0.003412516,0.001754371,0.000765772,0.000387507,VY4W11925L25
2025-12-10 00:00:00,0.001,VBYM C 119.25 12/22/2025 C 119.25,2025-12-22 00:00:00,0.03625,112.21875,119.25,C,0.112810238,0.001532273,0.001079899,0.002167278,-0.00040213,5.62242E-05,1000.0000,CBoT 10y Monday Call Options C 119.25 Dec-2025,VBYM C 119.25 12/22/2025,USD,0,0.001314688,0.000796426,-0.000617807,0.003137114,0.001687431,0.000792037,0.000409114,VY4W11925L25
2025-12-09 00:00:00,0.015625,VBYM C 119.25 12/22/2025 C 119.25,2025-12-22 00:00:00,0.036278,112.09375,119.25,C,0.148733957,0.014217662,0.007701133,0.011491734,-0.004047309,0.000562137,1000.0000,CBoT 10y Monday Call Options C 119.25 Dec-2025,VBYM C 119.25 12/22/2025,USD,0,0.005393959,0.001042066,-0.003084221,0.008968843,0.003343709,0.00249978,0.000312712,VY4W11925L25
2025-12-17 00:00:00,6.734375,VBYM P 119.25 12/22/2025 P 119.25,2025-12-22 00:00:00,0.03607,112.421875,119.25,P,,,,,,,1000.0000,CBoT 10y Monday Call Options P 119.25 Dec-2025,VBYM P 119.25 12/22/2025,USD,0,,,,,,,,VY4W11925X25
2025-12-16 00:00:00,6.734375,VBYM P 119.25 12/22/2025 P 119.25,2025-12-22 00:00:00,0.036157,112.515625,119.25,P,0.175415122,-0.994373766,0.00212553,0.005746326,-0.001707166,-0.019498674,1000.0000,CBoT 10y Monday Call Options P 119.25 Dec-2025,VBYM P 119.25 12/22/2025,USD,0,0.002151884,0.000575221,-0.003244112,0.006575089,0.002093676,0.000798862,0.000167605,VY4W11925X25
2025-12-15 00:00:00,6.96875,VBYM P 119.25 12/22/2025 P 119.25,2025-12-22 00:00:00,0.036259,112.28125,119.25,P,0.171164342,-0.993580881,0.002567464,0.006126588,-0.001823671,-0.02273163,1000.0000,CBoT 10y Monday Call Options P 119.25 Dec-2025,VBYM P 119.25 12/22/2025,USD,0,0.002431296,0.000633865,-0.003071211,0.006535213,0.00219158,0.000955889,0.000192841,VY4W11925X25
2025-12-12 00:00:00,7.078125,VBYM P 119.25 12/22/2025 P 119.25,2025-12-22 00:00:00,0.03623,112.171875,119.25,P,0.151610682,-0.991378059,0.003952516,0.007468056,-0.001895003,-0.032406236,1000.0000,CBoT 10y Monday Call Options P 119.25 Dec-2025,VBYM P 119.25 12/22/2025,USD,0,0.003398349,0.000886653,-0.002674535,0.007219006,0.0027325,0.001530597,0.000297343,VY4W11925X25
2025-12-11 00:00:00,6.796875,VBYM P 119.25 12/22/2025 P 119.25,2025-12-22 00:00:00,0.036223,112.453125,119.25,P,0.140226887,-0.990688204,0.004442551,0.008199865,-0.001815924,-0.035622738,1000.0000,CBoT 10y Monday Call Options P 119.25 Dec-2025,VBYM P 119.25 12/22/2025,USD,0,0.003878501,0.001057001,-0.002570454,0.008079338,0.003163938,0.001816092,0.000364111,VY4W11925X25
2025-12-10 00:00:00,7.03125,VBYM P 119.25 12/22/2025 P 119.25,2025-12-22 00:00:00,0.03625,112.21875,119.25,P,0.140523192,-0.989982574,0.004923824,0.008355715,-0.001871771,-0.038835846,1000.0000,CBoT 10y Monday Call Options P 119.25 Dec-2025,VBYM P 119.25 12/22/2025,USD,0,0.004076772,0.001073217,-0.002485324,0.007779919,0.003128591,0.001967939,0.000376516,VY4W11925X25
2025-12-09 00:00:00,7.171875,VBYM P 119.25 12/22/2025 P 119.25,2025-12-22 00:00:00,0.036278,112.09375,119.25,P,0.159017961,-0.97841398,0.010404921,0.014569896,-0.00522592,-0.041616286,1000.0000,CBoT 10y Monday Call Options P 119.25 Dec-2025,VBYM P 119.25 12/22/2025,USD,0,0.006402295,0.000912637,-0.004012938,0.009938876,0.003340297,0.002772653,0.00021832,VY4W11925X25
2025-12-17 00:00:00,0.001,VBYM C 119.5 12/22/2025 C 119.5,2025-12-22 00:00:00,0.03607,112.421875,119.5,C,0.175473973,0.001524068,0.000669552,0.002144227,-0.000752681,2.3335E-05,1000.0000,CBoT 10y Monday Call Options C 119.5 Dec-2025,VBYM C 119.5 12/22/2025,USD,0,0.000841672,0.00032834,-0.001476764,0.003093156,0.001076794,0.00032811,0.000109169,VY4W1195L25
2025-12-16 00:00:00,0.001,VBYM C 119.5 12/22/2025 C 119.5,2025-12-22 00:00:00,0.036157,112.515625,119.5,C,0.158184127,0.00154066,0.000745813,0.002191051,-0.000673733,2.83333E-05,1000.0000,CBoT 10y Monday Call Options C 119.5 Dec-2025,VBYM C 119.5 12/22/2025,USD,0,0.000941779,0.000406308,-0.001241302,0.003197046,0.001218357,0.000402055,0.000147866,VY4W1195L25
2025-12-15 00:00:00,0.001,VBYM C 119.5 12/22/2025 C 119.5,2025-12-22 00:00:00,0.036259,112.28125,119.5,C,0.151085572,0.001499843,0.000787324,0.002076755,-0.0006095,3.21083E-05,1000.0000,CBoT 10y Monday Call Options C 119.5 Dec-2025,VBYM C 119.5 12/22/2025,USD,0,0.000965032,0.000439163,-0.001041297,0.002945473,0.001214391,0.000445299,0.000172964,VY4W1195L25
2025-12-12 00:00:00,0.001,VBYM C 119.5 12/22/2025 C 119.5,2025-12-22 00:00:00,0.03623,112.171875,119.5,C,0.128219647,0.00148156,0.000943027,0.00202654,-0.000468056,4.52682E-05,1000.0000,CBoT 10y Monday Call Options C 119.5 Dec-2025,VBYM C 119.5 12/22/2025,USD,0,0.001125945,0.000605777,-0.000721694,0.002837137,0.001399041,0.000621144,0.000285396,VY4W1195L25
2025-12-11 00:00:00,0.001,VBYM C 119.5 12/22/2025 C 119.5,2025-12-22 00:00:00,0.036223,112.453125,119.5,C,0.117817767,0.001529423,0.00102904,0.00215927,-0.000431947,5.15471E-05,1000.0000,CBoT 10y Monday Call Options C 119.5 Dec-2025,VBYM C 119.5 12/22/2025,USD,0,0.00125694,0.000729462,-0.000672984,0.00312639,0.001613843,0.000726671,0.000359618,VY4W1195L25
2025-12-10 00:00:00,0.001,VBYM C 119.5 12/22/2025 C 119.5,2025-12-22 00:00:00,0.03625,112.21875,119.5,C,0.116342248,0.00148926,0.00104926,0.002047608,-0.000403637,5.46355E-05,1000.0000,CBoT 10y Monday Call Options C 119.5 Dec-2025,VBYM C 119.5 12/22/2025,USD,0,0.001246011,0.000737713,-0.000603868,0.002882415,0.001556527,0.000752884,0.000380579,VY4W1195L25
2025-12-09 00:00:00,0.015625,VBYM C 119.5 12/22/2025 C 119.5,2025-12-22 00:00:00,0.036278,112.09375,119.5,C,0.1530464,0.013860877,0.007533102,0.010925969,-0.004070755,0.000547887,1000.0000,CBoT 10y Monday Call Options C 119.5 Dec-2025,VBYM C 119.5 12/22/2025,USD,0,0.005153341,0.000983078,-0.003032085,0.008324746,0.003126225,0.002399143,0.000298857,VY4W1195L25
2025-12-17 00:00:00,6.984375,VBYM P 119.5 12/22/2025 P 119.5,2025-12-22 00:00:00,0.03607,112.421875,119.5,P,,,,,,,1000.0000,CBoT 10y Monday Call Options P 119.5 Dec-2025,VBYM P 119.5 12/22/2025,USD,0,,,,,,,,VY4W1195X25
2025-12-16 00:00:00,6.984375,VBYM P 119.5 12/22/2025 P 119.5,2025-12-22 00:00:00,0.036157,112.515625,119.5,P,0.181735058,-0.99436782,0.002125869,0.005552334,-0.001770537,-0.01953966,1000.0000,CBoT 10y Monday Call Options P 119.5 Dec-2025,VBYM P 119.5 12/22/2025,USD,0,0.002079561,0.000536589,-0.003247911,0.006131214,0.001952635,0.00077189,0.000156313,VY4W1195X25
2025-12-15 00:00:00,7.21875,VBYM P 119.5 12/22/2025 P 119.5,2025-12-22 00:00:00,0.036259,112.28125,119.5,P,0.177117606,-0.993574093,0.002568053,0.005926896,-0.001889089,-0.02277943,1000.0000,CBoT 10y Monday Call Options P 119.5 Dec-2025,VBYM P 119.5 12/22/2025,USD,0,0.002352427,0.000592727,-0.003074817,0.006108697,0.002048874,0.000924728,0.000180282,VY4W1195X25
2025-12-12 00:00:00,7.328125,VBYM P 119.5 12/22/2025 P 119.5,2025-12-22 00:00:00,0.03623,112.171875,119.5,P,0.156799894,-0.991368939,0.003953467,0.007228507,-0.001961927,-0.032474451,1000.0000,CBoT 10y Monday Call Options P 119.5 Dec-2025,VBYM P 119.5 12/22/2025,USD,0,0.003289913,0.000830021,-0.002677694,0.006754993,0.002557305,0.001481493,0.000278276,VY4W1195X25
2025-12-11 00:00:00,7.046875,VBYM P 119.5 12/22/2025 P 119.5,2025-12-22 00:00:00,0.036223,112.453125,119.5,P,0.145231249,-0.990678359,0.004443138,0.007925647,-0.00188271,-0.03569775,1000.0000,CBoT 10y Monday Call Options P 119.5 Dec-2025,VBYM P 119.5 12/22/2025,USD,0,0.003749464,0.000986708,-0.002573495,0.007538688,0.002952735,0.00175535,0.000339801,VY4W1195X25
2025-12-10 00:00:00,7.28125,VBYM P 119.5 12/22/2025 P 119.5,2025-12-22 00:00:00,0.03625,112.21875,119.5,P,0.145365984,-0.989971978,0.004924915,0.00808585,-0.001938315,-0.03891765,1000.0000,CBoT 10y Monday Call Options P 119.5 Dec-2025,VBYM P 119.5 12/22/2025,USD,0,0.00394582,0.001004229,-0.002488269,0.007276479,0.002926666,0.00190437,0.00035221,VY4W1195X25
2025-12-09 00:00:00,7.421875,VBYM P 119.5 12/22/2025 P 119.5,2025-12-22 00:00:00,0.036278,112.09375,119.5,P,0.163870033,-0.978715966,0.010272347,0.013959892,-0.005301683,-0.041717389,1000.0000,CBoT 10y Monday Call Options P 119.5 Dec-2025,VBYM P 119.5 12/22/2025,USD,0,0.006155263,0.000861916,-0.00397675,0.009268789,0.003131937,0.002673744,0.000208782,VY4W1195X25
2025-12-17 00:00:00,0.001,VBYM C 119.75 12/22/2025 C 119.75,2025-12-22 00:00:00,0.03607,112.421875,119.75,C,0.18093133,0.001481561,0.000651704,0.002026578,-0.000754377,2.26803E-05,1000.0000,CBoT 10y Monday Call Options C 119.75 Dec-2025,VBYM C 119.75 12/22/2025,USD,0,0.000797981,0.000304282,-0.001443651,0.002843587,0.000993776,0.000311991,0.0001016,VY4W11975L25
2025-12-16 00:00:00,0.001,VBYM C 119.75 12/22/2025 C 119.75,2025-12-22 00:00:00,0.036157,112.515625,119.75,C,0.163171025,0.001497122,0.000725483,0.002069271,-0.000675548,2.75279E-05,1000.0000,CBoT 10y Monday Call Options C 119.75 Dec-2025,VBYM C 119.75 12/22/2025,USD,0,0.00089226,0.000376163,-0.001213109,0.002935802,0.001123232,0.00038205,0.000137487,VY4W11975L25
2025-12-15 00:00:00,0.001,VBYM C 119.75 12/22/2025 C 119.75,2025-12-22 00:00:00,0.036259,112.28125,119.75,C,0.15569113,0.001458815,0.00076642,0.00196496,-0.000611256,3.12246E-05,1000.0000,CBoT 10y Monday Call Options C 119.75 Dec-2025,VBYM C 119.75 12/22/2025,USD,0,0.00091588,0.000407576,-0.001018386,0.002712234,0.001122495,0.000423831,0.00016119,VY4W11975L25
2025-12-12 00:00:00,0.001,VBYM C 119.75 12/22/2025 C 119.75,2025-12-22 00:00:00,0.03623,112.171875,119.75,C,0.132068668,0.00144163,0.000917811,0.001919029,-0.000469631,4.40402E-05,1000.0000,CBoT 10y Monday Call Options C 119.75 Dec-2025,VBYM C 119.75 12/22/2025,USD,0,0.001069425,0.000562821,-0.000706044,0.002615681,0.001294676,0.000591628,0.000266239,VY4W11975L25
2025-12-11 00:00:00,0.001,VBYM C 119.75 12/22/2025 C 119.75,2025-12-22 00:00:00,0.036223,112.453125,119.75,C,0.121498501,0.00148658,0.001000118,0.002040288,-0.000433519,5.00938E-05,1000.0000,CBoT 10y Monday Call Options C 119.75 Dec-2025,VBYM C 119.75 12/22/2025,USD,0,0.001191414,0.000675793,-0.00065783,0.002873078,0.001488899,0.000690822,0.000334585,VY4W11975L25
2025-12-10 00:00:00,0.001,VBYM C 119.75 12/22/2025 C 119.75,2025-12-22 00:00:00,0.03625,112.21875,119.75,C,0.119857651,0.001448867,0.001020594,0.0019383,-0.000405091,5.31437E-05,1000.0000,CBoT 10y Monday Call Options C 119.75 Dec-2025,VBYM C 119.75 12/22/2025,USD,0,0.001183075,0.000685084,-0.000590692,0.002656042,0.001439704,0.000716887,0.00035488,VY4W11975L25
2025-12-09 00:00:00,0.001,VBYM C 119.75 12/22/2025 C 119.75,2025-12-22 00:00:00,0.036278,112.09375,119.75,C,0.116965499,0.001429613,0.001051649,0.001887229,-0.000379653,5.67419E-05,1000.0000,CBoT 10y Monday Call Options C 119.75 Dec-2025,VBYM C 119.75 12/22/2025,USD,0,0.001199363,0.000714299,-0.000539412,0.002549519,0.001439416,0.000756621,0.000385451,VY4W11975L25
2025-12-17 00:00:00,7.234375,VBYM P 119.75 12/22/2025 P 119.75,2025-12-22 00:00:00,0.03607,112.421875,119.75,P,,,,,,,1000.0000,CBoT 10y Monday Call Options P 119.75 Dec-2025,VBYM P 119.75 12/22/2025,USD,0,,,,,,,,VY4W11975X25
2025-12-16 00:00:00,7.234375,VBYM P 119.75 12/22/2025 P 119.75,2025-12-22 00:00:00,0.036157,112.515625,119.75,P,0.188041817,-0.994361877,0.002126392,0.005371753,-0.001833907,-0.019580647,1000.0000,CBoT 10y Monday Call Options P 119.75 Dec-2025,VBYM P 119.75 12/22/2025,USD,0,0.002012237,0.000501834,-0.003251708,0.005731951,0.00182576,0.000746782,0.000146155,VY4W11975X25
2025-12-15 00:00:00,7.46875,VBYM P 119.75 12/22/2025 P 119.75,2025-12-22 00:00:00,0.036259,112.28125,119.75,P,0.183058458,-0.993567309,0.002568842,0.005740576,-0.001954506,-0.022827229,1000.0000,CBoT 10y Monday Call Options P 119.75 Dec-2025,VBYM P 119.75 12/22/2025,USD,0,0.002278839,0.000555587,-0.003078421,0.005723708,0.001920051,0.000895654,0.000168945,VY4W11975X25
2025-12-12 00:00:00,7.578125,VBYM P 119.75 12/22/2025 P 119.75,2025-12-22 00:00:00,0.03623,112.171875,119.75,P,0.161978289,-0.991359824,0.003954716,0.007004767,-0.00202885,-0.032542665,1000.0000,CBoT 10y Monday Call Options P 119.75 Dec-2025,VBYM P 119.75 12/22/2025,USD,0,0.003188635,0.000778812,-0.00268085,0.006335508,0.002398908,0.001435629,0.000261036,VY4W11975X25
2025-12-11 00:00:00,7.296875,VBYM P 119.75 12/22/2025 P 119.75,2025-12-22 00:00:00,0.036223,112.453125,119.75,P,0.150225181,-0.99066852,0.004444121,0.007670223,-0.001949494,-0.035772761,1000.0000,CBoT 10y Monday Call Options P 119.75 Dec-2025,VBYM P 119.75 12/22/2025,USD,0,0.003629272,0.000923407,-0.002576533,0.007051917,0.002762564,0.00169877,0.000317912,VY4W11975X25
2025-12-10 00:00:00,7.53125,VBYM P 119.75 12/22/2025 P 119.75,2025-12-22 00:00:00,0.03625,112.21875,119.75,P,0.150198683,-0.989961388,0.004926388,0.007833905,-0.002004858,-0.038999454,1000.0000,CBoT 10y Monday Call Options P 119.75 Dec-2025,VBYM P 119.75 12/22/2025,USD,0,0.003823566,0.000941888,-0.002491212,0.006821654,0.002744223,0.001845022,0.000330249,VY4W11975X25
2025-12-09 00:00:00,7.65625,VBYM P 119.75 12/22/2025 P 119.75,2025-12-22 00:00:00,0.036278,112.09375,119.75,P,0.148255577,-0.989269024,0.005418496,0.008079102,-0.002027704,-0.042222205,1000.0000,CBoT 10y Monday Call Options P 119.75 Dec-2025,VBYM P 119.75 12/22/2025,USD,0,0.004059811,0.000982496,-0.002413285,0.006778242,0.002795285,0.002016064,0.000350292,VY4W11975X25
2025-12-17 00:00:00,0.001,VBYM C 120 12/22/2025 C 120,2025-12-22 00:00:00,0.03607,112.421875,120,C,0.18636315,0.001441627,0.00063494,0.001919055,-0.000756006,2.20652E-05,1000.0000,CBoT 10y Monday Call Options C 120 Dec-2025,VBYM C 120 12/22/2025,USD,0,0.00075792,0.000282703,-0.00141234,0.002621607,0.000919636,0.000297164,9.47796E-05,VY4W120L25
2025-12-16 00:00:00,0.001,VBYM C 120 12/22/2025 C 120,2025-12-22 00:00:00,0.036157,112.515625,120,C,0.16813441,0.001456252,0.000706413,0.001958103,-0.000677294,2.67718E-05,1000.0000,CBoT 10y Monday Call Options C 120 Dec-2025,VBYM C 120 12/22/2025,USD,0,0.000846905,0.00034916,-0.001186471,0.00270379,0.001038402,0.000363668,0.000128146,VY4W120L25
2025-12-15 00:00:00,0.001,VBYM C 120 12/22/2025 C 120,2025-12-22 00:00:00,0.036259,112.28125,120,C,0.160275382,0.001420226,0.000746781,0.001862615,-0.000612948,3.03934E-05,1000.0000,CBoT 10y Monday Call Options C 120 Dec-2025,VBYM C 120 12/22/2025,USD,0,0.000870739,0.000379186,-0.000996701,0.002504323,0.001040253,0.000404054,0.000150558,VY4W120L25
2025-12-12 00:00:00,0.001,VBYM C 120 12/22/2025 C 120,2025-12-22 00:00:00,0.03623,112.171875,120,C,0.135900036,0.001404041,0.000894132,0.001820481,-0.000471151,4.28843E-05,1000.0000,CBoT 10y Monday Call Options C 120 Dec-2025,VBYM C 120 12/22/2025,USD,0,0.001017454,0.000524154,-0.000691221,0.002417945,0.001201125,0.000564404,0.000248916,VY4W120L25
2025-12-11 00:00:00,0.001,VBYM C 120 12/22/2025 C 120,2025-12-22 00:00:00,0.036223,112.453125,120,C,0.12516197,0.001446341,0.000973043,0.001931589,-0.000435034,4.8729E-05,1000.0000,CBoT 10y Monday Call Options C 120 Dec-2025,VBYM C 120 12/22/2025,USD,0,0.001131355,0.000627674,-0.000643505,0.002647883,0.00137737,0.000657857,0.000312034,VY4W120L25
2025-12-10 00:00:00,0.001,VBYM C 120 12/22/2025 C 120,2025-12-22 00:00:00,0.03625,112.21875,120,C,0.123356873,0.001410857,0.000993709,0.00183816,-0.000406495,5.174E-05,1000.0000,CBoT 10y Monday Call Options C 120 Dec-2025,VBYM C 120 12/22/2025,USD,0,0.001125235,0.000637741,-0.000578216,0.002454059,0.001335057,0.000683701,0.000331656,VY4W120L25
2025-12-09 00:00:00,0.001,VBYM C 120 12/22/2025 C 120,2025-12-22 00:00:00,0.036278,112.09375,120,C,0.120323323,0.001392714,0.001024256,0.001791278,-0.000380975,5.52671E-05,1000.0000,CBoT 10y Monday Call Options C 120 Dec-2025,VBYM C 120 12/22/2025,USD,0,0.001141656,0.000665701,-0.000528199,0.002358673,0.001336421,0.000722148,0.000360612,VY4W120L25
2025-12-17 00:00:00,7.484375,VBYM P 120 12/22/2025 P 120,2025-12-22 00:00:00,0.03607,112.421875,120,P,,,,,,,1000.0000,CBoT 10y Monday Call Options P 120 Dec-2025,VBYM P 120 12/22/2025,USD,0,,,,,,,,VY4W120X25
2025-12-16 00:00:00,7.484375,VBYM P 120 12/22/2025 P 120,2025-12-22 00:00:00,0.036157,112.515625,120,P,0.194335453,-0.994355938,0.002127077,0.00520324,-0.001897277,-0.019621633,1000.0000,CBoT 10y Monday Call Options P 120 Dec-2025,VBYM P 120 12/22/2025,USD,0,0.001949413,0.000470449,-0.003255502,0.00537148,0.001711203,0.000723352,0.000136983,VY4W120X25
2025-12-15 00:00:00,7.71875,VBYM P 120 12/22/2025 P 120,2025-12-22 00:00:00,0.036259,112.28125,120,P,0.188986951,-0.99356053,0.002569805,0.005566328,-0.002019922,-0.022875029,1000.0000,CBoT 10y Monday Call Options P 120 Dec-2025,VBYM P 120 12/22/2025,USD,0,0.00221002,0.00052194,-0.003082021,0.005374989,0.001803357,0.000868463,0.000158675,VY4W120X25
2025-12-12 00:00:00,7.828125,VBYM P 120 12/22/2025 P 120,2025-12-22 00:00:00,0.03623,112.171875,120,P,0.167145914,-0.991350716,0.003956226,0.006795321,-0.002095773,-0.03261088,1000.0000,CBoT 10y Monday Call Options P 120 Dec-2025,VBYM P 120 12/22/2025,USD,0,0.003093827,0.000732351,-0.002684005,0.005954996,0.002255215,0.001392696,0.000245397,VY4W120X25
2025-12-11 00:00:00,7.546875,VBYM P 120 12/22/2025 P 120,2025-12-22 00:00:00,0.036223,112.453125,120,P,0.155208726,-0.990658687,0.004445448,0.007431726,-0.002016278,-0.035847773,1000.0000,CBoT 10y Monday Call Options P 120 Dec-2025,VBYM P 120 12/22/2025,USD,0,0.003517045,0.000866193,-0.002579569,0.006612054,0.002590703,0.00164594,0.00029813,VY4W120X25
2025-12-10 00:00:00,7.78125,VBYM P 120 12/22/2025 P 120,2025-12-22 00:00:00,0.03625,112.21875,120,P,0.155021332,-0.989950806,0.004928196,0.007598154,-0.0020714,-0.039081258,1000.0000,CBoT 10y Monday Call Options P 120 Dec-2025,VBYM P 120 12/22/2025,USD,0,0.00370917,0.000885361,-0.002494152,0.006409339,0.002578818,0.001789488,0.000310339,VY4W120X25
2025-12-09 00:00:00,7.90625,VBYM P 120 12/22/2025 P 120,2025-12-22 00:00:00,0.036278,112.09375,120,P,0.152935552,-0.98925771,0.005420672,0.007840085,-0.002093904,-0.042310798,1000.0000,CBoT 10y Monday Call Options P 120 Dec-2025,VBYM P 120 12/22/2025,USD,0,0.003940428,0.00092451,-0.002416138,0.006375215,0.00262956,0.001956407,0.000329519,VY4W120X25
2025-12-17 00:00:00,0.001,VBYM C 120.25 12/22/2025 C 120.25,2025-12-22 00:00:00,0.03607,112.421875,120.25,C,0.191770086,0.001404034,0.000619159,0.001820496,-0.000757574,2.14863E-05,1000.0000,CBoT 10y Monday Call Options C 120.25 Dec-2025,VBYM C 120.25 12/22/2025,USD,0,0.000721083,0.000263279,-0.001382683,0.002423406,0.000853178,0.000283488,8.86122E-05,VY4W12025L25
2025-12-16 00:00:00,0.001,VBYM C 120.25 12/22/2025 C 120.25,2025-12-22 00:00:00,0.036157,112.515625,120.25,C,0.173074888,0.001417807,0.000688486,0.001856314,-0.000678974,2.60606E-05,1000.0000,CBoT 10y Monday Call Options C 120.25 Dec-2025,VBYM C 120.25 12/22/2025,USD,0,0.000805244,0.000324885,-0.001161255,0.002496924,0.000962466,0.00034673,0.00011971,VY4W12025L25
2025-12-15 00:00:00,0.001,VBYM C 120.25 12/22/2025 C 120.25,2025-12-22 00:00:00,0.036259,112.28125,120.25,C,0.164838859,0.001383861,0.000728291,0.001768654,-0.000614581,2.96101E-05,1000.0000,CBoT 10y Monday Call Options C 120.25 Dec-2025,VBYM C 120.25 12/22/2025,USD,0,0.000829168,0.000353583,-0.000976142,0.002318301,0.000966388,0.000385785,0.000140929,VY4W12025L25
2025-12-12 00:00:00,0.001,VBYM C 120.25 12/22/2025 C 120.25,2025-12-22 00:00:00,0.03623,112.171875,120.25,C,0.13971418,0.001368589,0.000871848,0.001729899,-0.000472621,4.17941E-05,1000.0000,CBoT 10y Monday Call Options C 120.25 Dec-2025,VBYM C 120.25 12/22/2025,USD,0,0.000969539,0.000489234,-0.000677156,0.002240752,0.001116977,0.00053923,0.000233205,VY4W12025L25
2025-12-11 00:00:00,0.001,VBYM C 120.25 12/22/2025 C 120.25,2025-12-22 00:00:00,0.036223,112.453125,120.25,C,0.128808612,0.001408472,0.000947635,0.001831988,-0.000436498,4.74445E-05,1000.0000,CBoT 10y Monday Call Options C 120.25 Dec-2025,VBYM C 120.25 12/22/2025,USD,0,0.001076149,0.000584379,-0.000629939,0.002446903,0.001277443,0.000627462,0.000291652,VY4W12025L25
2025-12-10 00:00:00,0.001,VBYM C 120.25 12/22/2025 C 120.25,2025-12-22 00:00:00,0.03625,112.21875,120.25,C,0.126840309,0.00137502,0.000968439,0.001746161,-0.000407853,5.04166E-05,1000.0000,CBoT 10y Monday Call Options C 120.25 Dec-2025,VBYM C 120.25 12/22/2025,USD,0,0.001071934,0.000595009,-0.000566382,0.002273179,0.001240988,0.00065303,0.000310604,VY4W12025L25
2025-12-09 00:00:00,0.001,VBYM C 120.25 12/22/2025 C 120.25,2025-12-22 00:00:00,0.036278,112.09375,120.25,C,0.123666141,0.001357894,0.000998491,0.00170301,-0.000382254,5.38754E-05,1000.0000,CBoT 10y Monday Call Options C 120.25 Dec-2025,VBYM C 120.25 12/22/2025,USD,0,0.00108841,0.000621767,-0.000517555,0.002187468,0.001243682,0.000690246,0.000338062,VY4W12025L25
2025-12-17 00:00:00,7.734375,VBYM P 120.25 12/22/2025 P 120.25,2025-12-22 00:00:00,0.03607,112.421875,120.25,P,,,,,,,1000.0000,CBoT 10y Monday Call Options P 120.25 Dec-2025,VBYM P 120.25 12/22/2025,USD,0,,,,,,,,VY4W12025X25
2025-12-16 00:00:00,7.734375,VBYM P 120.25 12/22/2025 P 120.25,2025-12-22 00:00:00,0.036157,112.515625,120.25,P,0.200616023,-0.994350002,0.002127902,0.005045623,-0.001960646,-0.019662619,1000.0000,CBoT 10y Monday Call Options P 120.25 Dec-2025,VBYM P 120.25 12/22/2025,USD,0,0.001890652,0.00044201,-0.003259293,0.005044902,0.001607409,0.000701437,0.000128673,VY4W12025X25
2025-12-15 00:00:00,7.96875,VBYM P 120.25 12/22/2025 P 120.25,2025-12-22 00:00:00,0.036259,112.28125,120.25,P,0.194903138,-0.993553755,0.002570921,0.005403017,-0.002085338,-0.022922829,1000.0000,CBoT 10y Monday Call Options P 120.25 Dec-2025,VBYM P 120.25 12/22/2025,USD,0,0.002145521,0.000491358,-0.003085619,0.005058096,0.001697304,0.000842979,0.000149342,VY4W12025X25
2025-12-12 00:00:00,8.078125,VBYM P 120.25 12/22/2025 P 120.25,2025-12-22 00:00:00,0.03623,112.171875,120.25,P,0.172302816,-0.991341612,0.003957965,0.006598842,-0.002162695,-0.032679095,1000.0000,CBoT 10y Monday Call Options P 120.25 Dec-2025,VBYM P 120.25 12/22/2025,USD,0,0.00300489,0.000690064,-0.002687156,0.005608741,0.002124448,0.00135242,0.000231165,VY4W12025X25
2025-12-11 00:00:00,7.796875,VBYM P 120.25 12/22/2025 P 120.25,2025-12-22 00:00:00,0.036223,112.453125,120.25,P,0.160181926,-0.99064886,0.004447075,0.007208527,-0.002083061,-0.035922784,1000.0000,CBoT 10y Monday Call Options P 120.25 Dec-2025,VBYM P 120.25 12/22/2025,USD,0,0.003412019,0.000814305,-0.002582603,0.006213223,0.002434861,0.001596498,0.000280193,VY4W12025X25
2025-12-10 00:00:00,8.03125,VBYM P 120.25 12/22/2025 P 120.25,2025-12-22 00:00:00,0.03625,112.21875,120.25,P,0.159833973,-0.98994023,0.004930297,0.007377084,-0.002137941,-0.039163063,1000.0000,CBoT 10y Monday Call Options P 120.25 Dec-2025,VBYM P 120.25 12/22/2025,USD,0,0.003601899,0.000833942,-0.00249709,0.006034364,0.002428379,0.001737412,0.00029223,VY4W12025X25
2025-12-09 00:00:00,8.15625,VBYM P 120.25 12/22/2025 P 120.25,2025-12-22 00:00:00,0.036278,112.09375,120.25,P,0.157605819,-0.989246402,0.005423149,0.007615725,-0.002160104,-0.042399391,1000.0000,CBoT 10y Monday Call Options P 120.25 Dec-2025,VBYM P 120.25 12/22/2025,USD,0,0.003828367,0.000871682,-0.002418988,0.006008126,0.002478599,0.001900408,0.000310596,VY4W12025X25
2025-12-17 00:00:00,0.001,VBYM C 120.5 12/22/2025 C 120.5,2025-12-22 00:00:00,0.03607,112.421875,120.5,C,0.19715274,0.001368578,0.000604275,0.001729905,-0.000759084,2.09402E-05,1000.0000,CBoT 10y Monday Call Options C 120.5 Dec-2025,VBYM C 120.5 12/22/2025,USD,0,0.000687122,0.000245736,-0.001354544,0.002245796,0.0007934,0.000270842,8.30182E-05,VY4W1205L25
2025-12-16 00:00:00,0.001,VBYM C 120.5 12/22/2025 C 120.5,2025-12-22 00:00:00,0.036157,112.515625,120.5,C,0.177993022,0.001381573,0.000671599,0.001762847,-0.000680595,2.53903E-05,1000.0000,CBoT 10y Monday Call Options C 120.5 Dec-2025,VBYM C 120.5 12/22/2025,USD,0,0.000766872,0.000302988,-0.001137345,0.002311795,0.000894249,0.000331082,0.000112067,VY4W1205L25
2025-12-15 00:00:00,0.001,VBYM C 120.5 12/22/2025 C 120.5,2025-12-22 00:00:00,0.036259,112.28125,120.5,C,0.169382051,0.001349528,0.000710849,0.001682161,-0.000616158,2.88706E-05,1000.0000,CBoT 10y Monday Call Options C 120.5 Dec-2025,VBYM C 120.5 12/22/2025,USD,0,0.000790787,0.00033042,-0.000956617,0.002151281,0.000899824,0.00036887,0.00013218,VY4W1205L25
2025-12-12 00:00:00,0.001,VBYM C 120.5 12/22/2025 C 120.5,2025-12-22 00:00:00,0.03623,112.171875,120.5,C,0.143511504,0.001335092,0.000850835,0.001646423,-0.000474043,4.07641E-05,1000.0000,CBoT 10y Monday Call Options C 120.5 Dec-2025,VBYM C 120.5 12/22/2025,USD,0,0.000925254,0.000457598,-0.000663791,0.002081428,0.001041042,0.000515897,0.000218912,VY4W1205L25
2025-12-11 00:00:00,0.001,VBYM C 120.5 12/22/2025 C 120.5,2025-12-22 00:00:00,0.036223,112.453125,120.5,C,0.132438841,0.001372763,0.000923742,0.001740469,-0.000437913,4.62334E-05,1000.0000,CBoT 10y Monday Call Options C 120.5 Dec-2025,VBYM C 120.5 12/22/2025,USD,0,0.001025268,0.000545294,-0.00061707,0.002266883,0.001187598,0.000599365,0.000273172,VY4W1205L25
2025-12-10 00:00:00,0.001,VBYM C 120.5 12/22/2025 C 120.5,2025-12-22 00:00:00,0.03625,112.21875,120.5,C,0.130308332,0.00134117,0.000944638,0.001661419,-0.000409168,4.91666E-05,1000.0000,CBoT 10y Monday Call Options C 120.5 Dec-2025,VBYM C 120.5 12/22/2025,USD,0,0.001022694,0.00055632,-0.00055514,0.002110641,0.00115615,0.000624613,0.000291463,VY4W1205L25
2025-12-09 00:00:00,0.001,VBYM C 120.5 12/22/2025 C 120.5,2025-12-22 00:00:00,0.036278,112.09375,120.5,C,0.126994297,0.001324976,0.000974208,0.001621603,-0.000383493,5.25598E-05,1000.0000,CBoT 10y Monday Call Options C 120.5 Dec-2025,VBYM C 120.5 12/22/2025,USD,0,0.001039161,0.00058193,-0.000507436,0.002033372,0.001159911,0.000660655,0.00031753,VY4W1205L25
2025-12-17 00:00:00,7.984375,VBYM P 120.5 12/22/2025 P 120.5,2025-12-22 00:00:00,0.03607,112.421875,120.5,P,,,,,,,1000.0000,CBoT 10y Monday Call Options P 120.5 Dec-2025,VBYM P 120.5 12/22/2025,USD,0,,,,,,,,VY4W1205X25
2025-12-16 00:00:00,7.984375,VBYM P 120.5 12/22/2025 P 120.5,2025-12-22 00:00:00,0.036157,112.515625,120.5,P,0.20688358,-0.99434407,0.002128851,0.004897878,-0.002024014,-0.019703606,1000.0000,CBoT 10y Monday Call Options P 120.5 Dec-2025,VBYM P 120.5 12/22/2025,USD,0,0.001835572,0.000416157,-0.00326308,0.00474807,0.001513063,0.000680895,0.000121119,VY4W1205X25
2025-12-15 00:00:00,8.21875,VBYM P 120.5 12/22/2025 P 120.5,2025-12-22 00:00:00,0.036259,112.28125,120.5,P,0.200807071,-0.993546983,0.00257217,0.005249644,-0.002150753,-0.022970628,1000.0000,CBoT 10y Monday Call Options P 120.5 Dec-2025,VBYM P 120.5 12/22/2025,USD,0,0.002084947,0.000463476,-0.003089214,0.004769243,0.001600627,0.000819045,0.000140834,VY4W1205X25
2025-12-12 00:00:00,8.328125,VBYM P 120.5 12/22/2025 P 120.5,2025-12-22 00:00:00,0.03623,112.171875,120.5,P,0.177449037,-0.991332516,0.003959905,0.006414163,-0.002229615,-0.03274731,1000.0000,CBoT 10y Monday Call Options P 120.5 Dec-2025,VBYM P 120.5 12/22/2025,USD,0,0.002921296,0.000651461,-0.002690305,0.005292724,0.002005091,0.001314562,0.000218174,VY4W1205X25
2025-12-11 00:00:00,8.046875,VBYM P 120.5 12/22/2025 P 120.5,2025-12-22 00:00:00,0.036223,112.453125,120.5,P,0.16514483,-0.99063904,0.004448965,0.0069992,-0.002149843,-0.035997796,1000.0000,CBoT 10y Monday Call Options P 120.5 Dec-2025,VBYM P 120.5 12/22/2025,USD,0,0.003313521,0.000767096,-0.002585634,0.00585044,0.002293092,0.001550128,0.000263875,VY4W1205X25
2025-12-10 00:00:00,8.28125,VBYM P 120.5 12/22/2025 P 120.5,2025-12-22 00:00:00,0.03625,112.21875,120.5,P,0.16463665,-0.989929661,0.004932657,0.007169365,-0.002204481,-0.039244867,1000.0000,CBoT 10y Monday Call Options P 120.5 Dec-2025,VBYM P 120.5 12/22/2025,USD,0,0.003501107,0.000787028,-0.002500026,0.005692322,0.00229114,0.00168848,0.000275711,VY4W1205X25
2025-12-09 00:00:00,8.40625,VBYM P 120.5 12/22/2025 P 120.5,2025-12-22 00:00:00,0.036278,112.09375,120.5,P,0.162266417,-0.989235101,0.005425892,0.007404713,-0.002226303,-0.042487984,1000.0000,CBoT 10y Monday Call Options P 120.5 Dec-2025,VBYM P 120.5 12/22/2025,USD,0,0.003722974,0.000823414,-0.002421836,0.005672799,0.002340687,0.001847741,0.000293309,VY4W1205X25
2025-12-17 00:00:00,0.001,VBYM C 120.75 12/22/2025 C 120.75,2025-12-22 00:00:00,0.03607,112.421875,120.75,C,0.202511682,0.001335078,0.000590211,0.00164642,-0.00076054,2.04242E-05,1000.0000,CBoT 10y Monday Call Options C 120.75 Dec-2025,VBYM C 120.75 12/22/2025,USD,0,0.000655733,0.000229844,-0.001327804,0.002086098,0.000739456,0.000259121,7.79294E-05,VY4W12075L25
2025-12-16 00:00:00,0.001,VBYM C 120.75 12/22/2025 C 120.75,2025-12-22 00:00:00,0.036157,112.515625,120.75,C,0.182889342,0.00134736,0.000655659,0.001676795,-0.000682159,2.47574E-05,1000.0000,CBoT 10y Monday Call Options C 120.75 Dec-2025,VBYM C 120.75 12/22/2025,USD,0,0.000731439,0.000283174,-0.001114636,0.002145544,0.000832764,0.000316591,0.000105122,VY4W12075L25
2025-12-15 00:00:00,0.001,VBYM C 120.75 12/22/2025 C 120.75,2025-12-22 00:00:00,0.036259,112.28125,120.75,C,0.173905425,0.001317057,0.000694365,0.001602341,-0.000617683,2.81712E-05,1000.0000,CBoT 10y Monday Call Options C 120.75 Dec-2025,VBYM C 120.75 12/22/2025,USD,0,0.000755267,0.0003094,-0.000938048,0.002000832,0.000839651,0.000353171,0.000124208,VY4W12075L25
2025-12-12 00:00:00,0.001,VBYM C 120.75 12/22/2025 C 120.75,2025-12-22 00:00:00,0.03623,112.171875,120.75,C,0.147292385,0.00130339,0.000830984,0.001569306,-0.000475421,3.97892E-05,1000.0000,CBoT 10y Monday Call Options C 120.75 Dec-2025,VBYM C 120.75 12/22/2025,USD,0,0.000884228,0.000428854,-0.000651071,0.001937714,0.000972306,0.000494221,0.000205874,VY4W12075L25
2025-12-11 00:00:00,0.001,VBYM C 120.75 12/22/2025 C 120.75,2025-12-22 00:00:00,0.036223,112.453125,120.75,C,0.13605304,0.001339031,0.000901226,0.001656157,-0.000439283,4.50894E-05,1000.0000,CBoT 10y Monday Call Options C 120.75 Dec-2025,VBYM C 120.75 12/22/2025,USD,0,0.000978256,0.000509899,-0.000604843,0.002105085,0.001106553,0.00057333,0.000256367,VY4W12075L25
2025-12-10 00:00:00,0.001,VBYM C 120.75 12/22/2025 C 120.75,2025-12-22 00:00:00,0.03625,112.21875,120.75,C,0.133761289,0.001309144,0.000922176,0.001583168,-0.000410442,4.7984E-05,1000.0000,CBoT 10y Monday Call Options C 120.75 Dec-2025,VBYM C 120.75 12/22/2025,USD,0,0.000977096,0.000521186,-0.000544443,0.001964113,0.001079399,0.000598225,0.000274012,VY4W12075L25
2025-12-09 00:00:00,0.001,VBYM C 120.75 12/22/2025 C 120.75,2025-12-22 00:00:00,0.036278,112.09375,120.75,C,0.130308115,0.001293805,0.000951278,0.001546343,-0.000384694,5.13141E-05,1000.0000,CBoT 10y Monday Call Options C 120.75 Dec-2025,VBYM C 120.75 12/22/2025,USD,0,0.000993503,0.000545702,-0.0004978,0.00189424,0.001084014,0.000633148,0.000298785,VY4W12075L25
2025-12-17 00:00:00,8.234375,VBYM P 120.75 12/22/2025 P 120.75,2025-12-22 00:00:00,0.03607,112.421875,120.75,P,,,,,,,1000.0000,CBoT 10y Monday Call Options P 120.75 Dec-2025,VBYM P 120.75 12/22/2025,USD,0,,,,,,,,VY4W12075X25
2025-12-16 00:00:00,8.234375,VBYM P 120.75 12/22/2025 P 120.75,2025-12-22 00:00:00,0.036157,112.515625,120.75,P,0.213138182,-0.994338142,0.002129908,0.004759108,-0.002087382,-0.019744592,1000.0000,CBoT 10y Monday Call Options P 120.75 Dec-2025,VBYM P 120.75 12/22/2025,USD,0,0.001783837,0.000392582,-0.003266865,0.004477453,0.001427042,0.0006616,0.000114232,VY4W12075X25
2025-12-15 00:00:00,8.46875,VBYM P 120.75 12/22/2025 P 120.75,2025-12-22 00:00:00,0.036259,112.28125,120.75,P,0.206698801,-0.993540217,0.002573539,0.005105329,-0.002216168,-0.023018428,1000.0000,CBoT 10y Monday Call Options P 120.75 Dec-2025,VBYM P 120.75 12/22/2025,USD,0,0.002027952,0.000437984,-0.003092807,0.004505194,0.001512246,0.000796525,0.000133056,VY4W12075X25
2025-12-12 00:00:00,8.578125,VBYM P 120.75 12/22/2025 P 120.75,2025-12-22 00:00:00,0.03623,112.171875,120.75,P,0.182584627,-0.991323424,0.003962025,0.006240251,-0.002296536,-0.032815524,1000.0000,CBoT 10y Monday Call Options P 120.75 Dec-2025,VBYM P 120.75 12/22/2025,USD,0,0.002842576,0.000616124,-0.002693452,0.005003499,0.001895843,0.001278912,0.000206284,VY4W12075X25
2025-12-11 00:00:00,8.296875,VBYM P 120.75 12/22/2025 P 120.75,2025-12-22 00:00:00,0.036223,112.453125,120.75,P,0.170097478,-0.990629225,0.004451089,0.006802492,-0.002216624,-0.036072807,1000.0000,CBoT 10y Monday Call Options P 120.75 Dec-2025,VBYM P 120.75 12/22/2025,USD,0,0.003220961,0.000724017,-0.002588663,0.005519459,0.002163739,0.001506554,0.000248986,VY4W12075X25
2025-12-10 00:00:00,8.53125,VBYM P 120.75 12/22/2025 P 120.75,2025-12-22 00:00:00,0.03625,112.21875,120.75,P,0.169429405,-0.989919099,0.004935244,0.006973824,-0.00227102,-0.039326671,1000.0000,CBoT 10y Monday Call Options P 120.75 Dec-2025,VBYM P 120.75 12/22/2025,USD,0,0.003406226,0.000744104,-0.002502959,0.005379439,0.00216559,0.001642417,0.000260598,VY4W12075X25
2025-12-09 00:00:00,8.65625,VBYM P 120.75 12/22/2025 P 120.75,2025-12-22 00:00:00,0.036278,112.09375,120.75,P,0.166917386,-0.989223808,0.00542887,0.007205893,-0.002292501,-0.042576577,1000.0000,CBoT 10y Monday Call Options P 120.75 Dec-2025,VBYM P 120.75 12/22/2025,USD,0,0.003623672,0.00077919,-0.002424682,0.005365644,0.002214351,0.001798116,0.000277473,VY4W12075X25
2025-12-17 00:00:00,0.001,VBYM C 121 12/22/2025 C 121,2025-12-22 00:00:00,0.03607,112.421875,121,C,0.207847443,0.001303373,0.000576897,0.001569296,-0.000761946,1.99359E-05,1000.0000,CBoT 10y Monday Call Options C 121 Dec-2025,VBYM C 121 12/22/2025,USD,0,0.000626654,0.000215405,-0.001302355,0.001942048,0.000690628,0.000248233,7.32875E-05,VY4W121L25
2025-12-16 00:00:00,0.001,VBYM C 121 12/22/2025 C 121,2025-12-22 00:00:00,0.036157,112.515625,121,C,0.187764346,0.001314999,0.000640587,0.001597372,-0.00068367,2.41588E-05,1000.0000,CBoT 10y Monday Call Options C 121 Dec-2025,VBYM C 121 12/22/2025,USD,0,0.000698642,0.000265191,-0.001093037,0.001995759,0.000777172,0.000303141,9.87927E-05,VY4W121L25
2025-12-15 00:00:00,0.001,VBYM C 121 12/22/2025 C 121,2025-12-22 00:00:00,0.036259,112.28125,121,C,0.178409415,0.001286298,0.000678759,0.001528507,-0.000619159,2.75087E-05,1000.0000,CBoT 10y Monday Call Options C 121 Dec-2025,VBYM C 121 12/22/2025,USD,0,0.000722319,0.000290273,-0.000920361,0.001864892,0.000785095,0.00033857,0.000116926,VY4W121L25
2025-12-12 00:00:00,0.001,VBYM C 121 12/22/2025 C 121,2025-12-22 00:00:00,0.03623,112.171875,121,C,0.15105718,0.001273338,0.000812197,0.001497902,-0.000476756,3.88652E-05,1000.0000,CBoT 10y Monday Call Options C 121 Dec-2025,VBYM C 121 12/22/2025,USD,0,0.000846137,0.000402667,-0.000638949,0.001807691,0.000909909,0.000474043,0.00019395,VY4W121L25
2025-12-11 00:00:00,0.001,VBYM C 121 12/22/2025 C 121,2025-12-22 00:00:00,0.036223,112.453125,121,C,0.139651572,0.001307112,0.000879968,0.001578291,-0.00044061,4.40069E-05,1000.0000,CBoT 10y Monday Call Options C 121 Dec-2025,VBYM C 121 12/22/2025,USD,0,0.000934716,0.000477752,-0.000593209,0.001959196,0.001033221,0.00054915,0.000241042,VY4W121L25
2025-12-10 00:00:00,0.001,VBYM C 121 12/22/2025 C 121,2025-12-22 00:00:00,0.03625,112.21875,121,C,0.137199511,0.001278794,0.000900941,0.001510744,-0.000411677,4.68634E-05,1000.0000,CBoT 10y Monday Call Options C 121 Dec-2025,VBYM C 121 12/22/2025,USD,0,0.000934778,0.000489193,-0.000534252,0.001831616,0.001009762,0.00057367,0.000258058,VY4W121L25
2025-12-09 00:00:00,0.001,VBYM C 121 12/22/2025 C 121,2025-12-22 00:00:00,0.036278,112.09375,121,C,0.133607906,0.001264244,0.000929588,0.001476609,-0.00038586,5.01328E-05,1000.0000,CBoT 10y Monday Call Options C 121 Dec-2025,VBYM C 121 12/22/2025,USD,0,0.000951084,0.000512669,-0.000488614,0.001768249,0.001015056,0.000607525,0.000281628,VY4W121L25
2025-12-17 00:00:00,8.484375,VBYM P 121 12/22/2025 P 121,2025-12-22 00:00:00,0.03607,112.421875,121,P,,,,,,,1000.0000,CBoT 10y Monday Call Options P 121 Dec-2025,VBYM P 121 12/22/2025,USD,0,,,,,,,,VY4W121X25
2025-12-16 00:00:00,8.484375,VBYM P 121 12/22/2025 P 121,2025-12-22 00:00:00,0.036157,112.515625,121,P,0.219379882,-0.994332217,0.002131061,0.004628518,-0.00215075,-0.019785579,1000.0000,CBoT 10y Monday Call Options P 121 Dec-2025,VBYM P 121 12/22/2025,USD,0,0.001735154,0.000371025,-0.003270647,0.004230032,0.001348388,0.000643442,0.000107935,VY4W121X25
2025-12-15 00:00:00,8.71875,VBYM P 121 12/22/2025 P 121,2025-12-22 00:00:00,0.036259,112.28125,121,P,0.212578379,-0.993533454,0.002575012,0.004969292,-0.002281581,-0.023066228,1000.0000,CBoT 10y Monday Call Options P 121 Dec-2025,VBYM P 121 12/22/2025,USD,0,0.001974226,0.000414614,-0.003096396,0.004263168,0.001431229,0.000775297,0.000125926,VY4W121X25
2025-12-12 00:00:00,8.828125,VBYM P 121 12/22/2025 P 121,2025-12-22 00:00:00,0.03623,112.171875,121,P,0.187709626,-0.991314339,0.003964302,0.006076193,-0.002363455,-0.032883739,1000.0000,CBoT 10y Monday Call Options P 121 Dec-2025,VBYM P 121 12/22/2025,USD,0,0.002768316,0.000583691,-0.002696596,0.004738098,0.001795586,0.001245281,0.000195372,VY4W121X25
2025-12-11 00:00:00,8.546875,VBYM P 121 12/22/2025 P 121,2025-12-22 00:00:00,0.036223,112.453125,121,P,0.175039913,-0.990619418,0.004453417,0.006617295,-0.002283404,-0.036147819,1000.0000,CBoT 10y Monday Call Options P 121 Dec-2025,VBYM P 121 12/22/2025,USD,0,0.003133819,0.000684595,-0.002591689,0.005216643,0.002045384,0.001465529,0.000235363,VY4W121X25
2025-12-10 00:00:00,8.78125,VBYM P 121 12/22/2025 P 121,2025-12-22 00:00:00,0.03625,112.21875,121,P,0.174212277,-0.989908543,0.004938034,0.00678942,-0.002337558,-0.039408475,1000.0000,CBoT 10y Monday Call Options P 121 Dec-2025,VBYM P 121 12/22/2025,USD,0,0.00331675,0.000704726,-0.00250589,0.005092468,0.002050428,0.001598977,0.000246736,VY4W121X25
2025-12-09 00:00:00,8.90625,VBYM P 121 12/22/2025 P 121,2025-12-22 00:00:00,0.036278,112.09375,121,P,0.171558768,-0.989212522,0.005432057,0.007018239,-0.002358698,-0.04266517,1000.0000,CBoT 10y Monday Call Options P 121 Dec-2025,VBYM P 121 12/22/2025,USD,0,0.003529948,0.000738569,-0.002427525,0.00508357,0.00209832,0.001751277,0.000262929,VY4W121X25
2025-12-17 00:00:00,0.001,VBYM C 121.25 12/22/2025 C 121.25,2025-12-22 00:00:00,0.03607,112.421875,121.25,C,0.213160527,0.001273318,0.000564274,0.001497885,-0.000763305,1.9473E-05,1000.0000,CBoT 10y Monday Call Options C 121.25 Dec-2025,VBYM C 121.25 12/22/2025,USD,0,0.000599655,0.00020225,-0.001278103,0.001811721,0.000646302,0.000238097,6.90422E-05,VY4W12125L25
2025-12-16 00:00:00,0.001,VBYM C 121.25 12/22/2025 C 121.25,2025-12-22 00:00:00,0.036157,112.515625,121.25,C,0.192618507,0.001284342,0.000626311,0.001523893,-0.000685131,2.35917E-05,1000.0000,CBoT 10y Monday Call Options C 121.25 Dec-2025,VBYM C 121.25 12/22/2025,USD,0,0.000668216,0.000248824,-0.001072462,0.001860393,0.00072676,0.00029063,9.301E-05,VY4W12125L25
2025-12-15 00:00:00,0.001,VBYM C 121.25 12/22/2025 C 121.25,2025-12-22 00:00:00,0.036259,112.28125,121.25,C,0.182894433,0.001257115,0.00066396,0.001460057,-0.000620589,2.68802E-05,1000.0000,CBoT 10y Monday Call Options C 121.25 Dec-2025,VBYM C 121.25 12/22/2025,USD,0,0.000691692,0.00027282,-0.000903493,0.001741703,0.000735492,0.000324963,0.000110257,VY4W12125L25
2025-12-12 00:00:00,0.001,VBYM C 121.25 12/22/2025 C 121.25,2025-12-22 00:00:00,0.03623,112.171875,121.25,C,0.154806225,0.001244808,0.000794388,0.001431642,-0.000478052,3.79879E-05,1000.0000,CBoT 10y Monday Call Options C 121.25 Dec-2025,VBYM C 121.25 12/22/2025,USD,0,0.000810697,0.000378746,-0.000627381,0.00168972,0.000853111,0.00045522,0.000183018,VY4W12125L25
2025-12-11 00:00:00,0.001,VBYM C 121.25 12/22/2025 C 121.25,2025-12-22 00:00:00,0.036223,112.453125,121.25,C,0.143234777,0.001276862,0.000859862,0.001506213,-0.000441897,4.2981E-05,1000.0000,CBoT 10y Monday Call Options C 121.25 Dec-2025,VBYM C 121.25 12/22/2025,USD,0,0.000894301,0.000448473,-0.000582123,0.001827253,0.000966674,0.000526647,0.000227031,VY4W12125L25
2025-12-10 00:00:00,0.001,VBYM C 121.25 12/22/2025 C 121.25,2025-12-22 00:00:00,0.03625,112.21875,121.25,C,0.140623307,0.001249988,0.00088083,0.001443565,-0.000412876,4.57998E-05,1000.0000,CBoT 10y Monday Call Options C 121.25 Dec-2025,VBYM C 121.25 12/22/2025,USD,0,0.00089542,0.000459983,-0.00052453,0.001711465,0.000946406,0.000550774,0.000243439,VY4W12125L25
2025-12-09 00:00:00,0.001,VBYM C 121.25 12/22/2025 C 121.25,2025-12-22 00:00:00,0.036278,112.09375,121.25,C,0.136893958,0.001236167,0.000909036,0.001411857,-0.000386992,4.90109E-05,1000.0000,CBoT 10y Monday Call Options C 121.25 Dec-2025,VBYM C 121.25 12/22/2025,USD,0,0.000911593,0.000482471,-0.000479845,0.001653838,0.000952234,0.00058361,0.000265886,VY4W12125L25
2025-12-17 00:00:00,8.734375,VBYM P 121.25 12/22/2025 P 121.25,2025-12-22 00:00:00,0.03607,112.421875,121.25,P,,,,,,,1000.0000,CBoT 10y Monday Call Options P 121.25 Dec-2025,VBYM P 121.25 12/22/2025,USD,0,,,,,,,,VY4W12125X25
2025-12-16 00:00:00,8.734375,VBYM P 121.25 12/22/2025 P 121.25,2025-12-22 00:00:00,0.036157,112.515625,121.25,P,0.225608733,-0.994326296,0.002132299,0.004505407,-0.002214117,-0.019826565,1000.0000,CBoT 10y Monday Call Options P 121.25 Dec-2025,VBYM P 121.25 12/22/2025,USD,0,0.001689258,0.000351258,-0.003274426,0.00400321,0.001276278,0.000626324,0.000102162,VY4W12125X25
2025-12-15 00:00:00,8.96875,VBYM P 121.25 12/22/2025 P 121.25,2025-12-22 00:00:00,0.036259,112.28125,121.25,P,0.218445858,-0.993526696,0.002576579,0.004840843,-0.002346995,-0.023114028,1000.0000,CBoT 10y Monday Call Options P 121.25 Dec-2025,VBYM P 121.25 12/22/2025,USD,0,0.001923497,0.000393134,-0.003099983,0.004040764,0.001356775,0.000755252,0.000119374,VY4W12125X25
2025-12-12 00:00:00,9.078125,VBYM P 121.25 12/22/2025 P 121.25,2025-12-22 00:00:00,0.03623,112.171875,121.25,P,0.19282408,-0.99130526,0.003966721,0.005921173,-0.002430373,-0.032951954,1000.0000,CBoT 10y Monday Call Options P 121.25 Dec-2025,VBYM P 121.25 12/22/2025,USD,0,0.002698149,0.00055385,-0.002699738,0.004493956,0.001703351,0.001213503,0.000185334,VY4W12125X25
2025-12-11 00:00:00,8.796875,VBYM P 121.25 12/22/2025 P 121.25,2025-12-22 00:00:00,0.036223,112.453125,121.25,P,0.179972181,-0.990609616,0.004455928,0.006442627,-0.002350184,-0.036222831,1000.0000,CBoT 10y Monday Call Options P 121.25 Dec-2025,VBYM P 121.25 12/22/2025,USD,0,0.003051632,0.000648424,-0.002594713,0.004938861,0.001936804,0.001426836,0.000222865,VY4W12125X25
2025-12-10 00:00:00,9.03125,VBYM P 121.25 12/22/2025 P 121.25,2025-12-22 00:00:00,0.03625,112.21875,121.25,P,0.178985312,-0.989897995,0.004941005,0.006615229,-0.002404096,-0.03949028,1000.0000,CBoT 10y Monday Call Options P 121.25 Dec-2025,VBYM P 121.25 12/22/2025,USD,0,0.00323223,0.000668511,-0.002508819,0.004828604,0.001944529,0.001557942,0.000233988,VY4W12125X25
2025-12-09 00:00:00,9.15625,VBYM P 121.25 12/22/2025 P 121.25,2025-12-22 00:00:00,0.036278,112.09375,121.25,P,0.176190603,-0.989201243,0.005435431,0.006840835,-0.002424894,-0.042753763,1000.0000,CBoT 10y Monday Call Options P 121.25 Dec-2025,VBYM P 121.25 12/22/2025,USD,0,0.003441345,0.000701165,-0.002430367,0.004823897,0.001991494,0.001706997,0.000249539,VY4W12125X25
2025-12-17 00:00:00,0.001,VBYM C 121.5 12/22/2025 C 121.5,2025-12-22 00:00:00,0.03607,112.421875,121.5,C,0.218451407,0.001244785,0.000552286,0.001431619,-0.000764619,1.90336E-05,1000.0000,CBoT 10y Monday Call Options C 121.5 Dec-2025,VBYM C 121.5 12/22/2025,USD,0,0.000574536,0.000190233,-0.00125496,0.001693475,0.000605955,0.000228642,6.51499E-05,VY4W1215L25
2025-12-16 00:00:00,0.001,VBYM C 121.5 12/22/2025 C 121.5,2025-12-22 00:00:00,0.036157,112.515625,121.5,C,0.19745226,0.001255253,0.000612766,0.001455763,-0.000686546,2.30536E-05,1000.0000,CBoT 10y Monday Call Options C 121.5 Dec-2025,VBYM C 121.5 12/22/2025,USD,0,0.00063993,0.000233888,-0.001052839,0.001737704,0.000680918,0.000278968,8.77132E-05,VY4W1215L25
2025-12-15 00:00:00,0.001,VBYM C 121.5 12/22/2025 C 121.5,2025-12-22 00:00:00,0.036259,112.28125,121.5,C,0.187360868,0.001229388,0.000649904,0.001396465,-0.000621975,2.6283E-05,1000.0000,CBoT 10y Monday Call Options C 121.5 Dec-2025,VBYM C 121.5 12/22/2025,USD,0,0.000663164,0.000256856,-0.000887386,0.001629763,0.000690275,0.000312256,0.000104134,VY4W1215L25
2025-12-12 00:00:00,0.001,VBYM C 121.5 12/22/2025 C 121.5,2025-12-22 00:00:00,0.03623,112.171875,121.5,C,0.158539838,0.001217685,0.00077748,0.00137003,-0.000479311,3.7154E-05,1000.0000,CBoT 10y Monday Call Options C 121.5 Dec-2025,VBYM C 121.5 12/22/2025,USD,0,0.000777659,0.000356842,-0.000616329,0.001582398,0.000801277,0.00043763,0.000172971,VY4W1215L25
2025-12-11 00:00:00,0.001,VBYM C 121.5 12/22/2025 C 121.5,2025-12-22 00:00:00,0.036223,112.453125,121.5,C,0.146802979,0.001248148,0.000840813,0.001439346,-0.000443145,4.20073E-05,1000.0000,CBoT 10y Monday Call Options C 121.5 Dec-2025,VBYM C 121.5 12/22/2025,USD,0,0.000856709,0.000421737,-0.000571547,0.001707584,0.00090612,0.000505662,0.00021419,VY4W1215L25
2025-12-10 00:00:00,0.001,VBYM C 121.5 12/22/2025 C 121.5,2025-12-22 00:00:00,0.03625,112.21875,121.5,C,0.144032969,0.001222611,0.000861754,0.001381121,-0.000414041,4.4789E-05,1000.0000,CBoT 10y Monday Call Options C 121.5 Dec-2025,VBYM C 121.5 12/22/2025,USD,0,0.000858743,0.000433248,-0.000515242,0.001602211,0.000888613,0.000529383,0.00023001,VY4W1215L25
2025-12-09 00:00:00,0.001,VBYM C 121.5 12/22/2025 C 121.5,2025-12-22 00:00:00,0.036278,112.09375,121.5,C,0.140166544,0.001209463,0.000889532,0.00135161,-0.000388093,4.79438E-05,1000.0000,CBoT 10y Monday Call Options C 121.5 Dec-2025,VBYM C 121.5 12/22/2025,USD,0,0.000874756,0.000454799,-0.000471463,0.00154967,0.000894858,0.000561248,0.00025141,VY4W1215L25
2025-12-17 00:00:00,8.984375,VBYM P 121.5 12/22/2025 P 121.5,2025-12-22 00:00:00,0.03607,112.421875,121.5,P,,,,,,,1000.0000,CBoT 10y Monday Call Options P 121.5 Dec-2025,VBYM P 121.5 12/22/2025,USD,0,,,,,,,,VY4W1215X25
2025-12-16 00:00:00,8.984375,VBYM P 121.5 12/22/2025 P 121.5,2025-12-22 00:00:00,0.036157,112.515625,121.5,P,0.231824792,-0.994320379,0.002133612,0.004389149,-0.002277483,-0.019867552,1000.0000,CBoT 10y Monday Call Options P 121.5 Dec-2025,VBYM P 121.5 12/22/2025,USD,0,0.001645918,0.000333089,-0.003278202,0.003794745,0.001209998,0.000610159,9.68552E-05,VY4W1215X25
2025-12-15 00:00:00,9.21875,VBYM P 121.5 12/22/2025 P 121.5,2025-12-22 00:00:00,0.036259,112.28125,121.5,P,0.224301287,-0.993519942,0.00257823,0.004719362,-0.002412407,-0.023161828,1000.0000,CBoT 10y Monday Call Options P 121.5 Dec-2025,VBYM P 121.5 12/22/2025,USD,0,0.001875521,0.000373345,-0.003103567,0.0038359,0.001288188,0.000736295,0.000113338,VY4W1215X25
2025-12-12 00:00:00,9.328125,VBYM P 121.5 12/22/2025 P 121.5,2025-12-22 00:00:00,0.03623,112.171875,121.5,P,0.197928037,-0.991296186,0.003969266,0.005774466,-0.00249729,-0.03302017,1000.0000,CBoT 10y Monday Call Options P 121.5 Dec-2025,VBYM P 121.5 12/22/2025,USD,0,0.002631746,0.000526328,-0.002702877,0.004268843,0.001618299,0.001183428,0.000176077,VY4W1215X25
2025-12-11 00:00:00,9.046875,VBYM P 121.5 12/22/2025 P 121.5,2025-12-22 00:00:00,0.036223,112.453125,121.5,P,0.184894321,-0.990599821,0.004458601,0.006277616,-0.002416962,-0.036297843,1000.0000,CBoT 10y Monday Call Options P 121.5 Dec-2025,VBYM P 121.5 12/22/2025,USD,0,0.00297399,0.000615153,-0.002597735,0.004683408,0.001836943,0.001390282,0.000211371,VY4W1215X25
2025-12-10 00:00:00,9.28125,VBYM P 121.5 12/22/2025 P 121.5,2025-12-22 00:00:00,0.03625,112.21875,121.5,P,0.183748548,-0.989887453,0.004944136,0.006450425,-0.002470632,-0.039572084,1000.0000,CBoT 10y Monday Call Options P 121.5 Dec-2025,VBYM P 121.5 12/22/2025,USD,0,0.003152266,0.000635126,-0.002511745,0.004585412,0.001846918,0.001519119,0.000222239,VY4W1215X25
2025-12-09 00:00:00,9.40625,VBYM P 121.5 12/22/2025 P 121.5,2025-12-22 00:00:00,0.036278,112.09375,121.5,P,0.180812931,-0.989189973,0.00543897,0.006672865,-0.002491088,-0.042842356,1000.0000,CBoT 10y Monday Call Options P 121.5 Dec-2025,VBYM P 121.5 12/22/2025,USD,0,0.003357454,0.000666645,-0.002433206,0.004584296,0.001892917,0.001665071,0.000237182,VY4W1215X25
2025-12-17 00:00:00,0.001,VBYM C 121.75 12/22/2025 C 121.75,2025-12-22 00:00:00,0.03607,112.421875,121.75,C,0.22372053,0.001217659,0.000540886,0.001370001,-0.000765892,1.86158E-05,1000.0000,CBoT 10y Monday Call Options C 121.75 Dec-2025,VBYM C 121.75 12/22/2025,USD,0,0.00055112,0.00017923,-0.001232848,0.001585903,0.000569133,0.000219806,6.15732E-05,VY4W12175L25
2025-12-16 00:00:00,0.001,VBYM C 121.75 12/22/2025 C 121.75,2025-12-22 00:00:00,0.036157,112.515625,121.75,C,0.202266026,0.001227612,0.000599897,0.001392461,-0.000687917,2.25423E-05,1000.0000,CBoT 10y Monday Call Options C 121.75 Dec-2025,VBYM C 121.75 12/22/2025,USD,0,0.00061358,0.000220223,-0.001034098,0.0016262,0.000639123,0.000268077,8.28498E-05,VY4W12175L25
2025-12-15 00:00:00,0.001,VBYM C 121.75 12/22/2025 C 121.75,2025-12-22 00:00:00,0.036259,112.28125,121.75,C,0.19180909,0.001203009,0.000636536,0.001337268,-0.00062332,2.57148E-05,1000.0000,CBoT 10y Monday Call Options C 121.75 Dec-2025,VBYM C 121.75 12/22/2025,USD,0,0.000636543,0.000242219,-0.000871985,0.001527781,0.000648952,0.000300369,9.85003E-05,VY4W12175L25
2025-12-12 00:00:00,0.001,VBYM C 121.75 12/22/2025 C 121.75,2025-12-22 00:00:00,0.03623,112.171875,121.75,C,0.162258318,0.001191864,0.000761404,0.001312629,-0.000480534,3.63601E-05,1000.0000,CBoT 10y Monday Call Options C 121.75 Dec-2025,VBYM C 121.75 12/22/2025,USD,0,0.000746802,0.000336737,-0.000605756,0.001484515,0.000753857,0.000421162,0.000163719,VY4W12175L25
2025-12-11 00:00:00,0.001,VBYM C 121.75 12/22/2025 C 121.75,2025-12-22 00:00:00,0.036223,112.453125,121.75,C,0.150356482,0.001220855,0.000822736,0.001377185,-0.000444358,4.10817E-05,1000.0000,CBoT 10y Monday Call Options C 121.75 Dec-2025,VBYM C 121.75 12/22/2025,USD,0,0.000821674,0.000397263,-0.000561442,0.001598752,0.000850875,0.000486054,0.000202392,VY4W12175L25
2025-12-10 00:00:00,0.001,VBYM C 121.75 12/22/2025 C 121.75,2025-12-22 00:00:00,0.03625,112.21875,121.75,C,0.147428775,0.001196554,0.000843632,0.001322966,-0.000415173,4.3827E-05,1000.0000,CBoT 10y Monday Call Options C 121.75 Dec-2025,VBYM C 121.75 12/22/2025,USD,0,0.000824499,0.000408719,-0.00050636,0.001502614,0.000835767,0.000509364,0.000217647,VY4W12175L25
2025-12-09 00:00:00,0.001,VBYM C 121.75 12/22/2025 C 121.75,2025-12-22 00:00:00,0.036278,112.09375,121.75,C,0.143425925,0.001184032,0.000870995,0.001295447,-0.000389163,4.69277E-05,1000.0000,CBoT 10y Monday Call Options C 121.75 Dec-2025,VBYM C 121.75 12/22/2025,USD,0,0.000840332,0.000429382,-0.000463442,0.001454591,0.000842329,0.0005403,0.000238069,VY4W12175L25
2025-12-17 00:00:00,9.234375,VBYM P 121.75 12/22/2025 P 121.75,2025-12-22 00:00:00,0.03607,112.421875,121.75,P,,,,,,,1000.0000,CBoT 10y Monday Call Options P 121.75 Dec-2025,VBYM P 121.75 12/22/2025,USD,0,,,,,,,,VY4W12175X25
2025-12-16 00:00:00,9.234375,VBYM P 121.75 12/22/2025 P 121.75,2025-12-22 00:00:00,0.036157,112.515625,121.75,P,0.23802811,-0.994314465,0.002134993,0.004279189,-0.002340849,-0.019908538,1000.0000,CBoT 10y Monday Call Options P 121.75 Dec-2025,VBYM P 121.75 12/22/2025,USD,0,0.001604925,0.000316346,-0.003281975,0.003602694,0.001148933,0.00059487,9.19661E-05,VY4W12175X25
2025-12-15 00:00:00,9.46875,VBYM P 121.75 12/22/2025 P 121.75,2025-12-22 00:00:00,0.036259,112.28125,121.75,P,0.230144717,-0.993513193,0.002579954,0.004604299,-0.002477819,-0.023209628,1000.0000,CBoT 10y Monday Call Options P 121.75 Dec-2025,VBYM P 121.75 12/22/2025,USD,0,0.00183008,0.000355072,-0.003107148,0.003646765,0.001224862,0.000718339,0.000107765,VY4W12175X25
2025-12-12 00:00:00,9.578125,VBYM P 121.75 12/22/2025 P 121.75,2025-12-22 00:00:00,0.03623,112.171875,121.75,P,0.203021536,-0.991287118,0.003971923,0.00563542,-0.002564207,-0.033088385,1000.0000,CBoT 10y Monday Call Options P 121.75 Dec-2025,VBYM P 121.75 12/22/2025,USD,0,0.00256881,0.000500891,-0.002706014,0.004060816,0.001539695,0.001154924,0.000167522,VY4W12175X25
2025-12-11 00:00:00,9.296875,VBYM P 121.75 12/22/2025 P 121.75,2025-12-22 00:00:00,0.036223,112.453125,121.75,P,0.189806378,-0.990590031,0.004461419,0.006121483,-0.00248374,-0.036372855,1000.0000,CBoT 10y Monday Call Options P 121.75 Dec-2025,VBYM P 121.75 12/22/2025,USD,0,0.002900526,0.000584478,-0.002600754,0.004447934,0.001744885,0.001355694,0.000200775,VY4W12175X25
2025-12-10 00:00:00,9.53125,VBYM P 121.75 12/22/2025 P 121.75,2025-12-22 00:00:00,0.03625,112.21875,121.75,P,0.188502028,-0.989876918,0.004947411,0.006294269,-0.002537167,-0.039653889,1000.0000,CBoT 10y Monday Call Options P 121.75 Dec-2025,VBYM P 121.75 12/22/2025,USD,0,0.003076499,0.00060428,-0.002514669,0.00436077,0.001756744,0.001482332,0.000211385,VY4W12175X25
2025-12-09 00:00:00,9.65625,VBYM P 121.75 12/22/2025 P 121.75,2025-12-22 00:00:00,0.036278,112.09375,121.75,P,0.185425793,-0.989178709,0.005442659,0.006513595,-0.002557282,-0.042930949,1000.0000,CBoT 10y Monday Call Options P 121.75 Dec-2025,VBYM P 121.75 12/22/2025,USD,0,0.003277909,0.000634716,-0.002436043,0.004362734,0.001801753,0.001625316,0.000225755,VY4W12175X25
2025-12-17 00:00:00,0.001,VBYM C 122 12/22/2025 C 122,2025-12-22 00:00:00,0.03607,112.421875,122,C,0.228968324,0.001191837,0.00053003,0.001312595,-0.000767125,1.82181E-05,1000.0000,CBoT 10y Monday Call Options C 122 Dec-2025,VBYM C 122 12/22/2025,USD,0,0.000529249,0.000169131,-0.001211696,0.001487792,0.000535448,0.000211533,5.82791E-05,VY4W122L25
2025-12-16 00:00:00,0.001,VBYM C 122 12/22/2025 C 122,2025-12-22 00:00:00,0.036157,112.515625,122,C,0.207060201,0.001201313,0.000587653,0.001333527,-0.000689247,2.20558E-05,1000.0000,CBoT 10y Monday Call Options C 122 Dec-2025,VBYM C 122 12/22/2025,USD,0,0.000588987,0.000207693,-0.001016179,0.001524599,0.000600921,0.000257888,7.83744E-05,VY4W122L25
2025-12-15 00:00:00,0.001,VBYM C 122 12/22/2025 C 122,2025-12-22 00:00:00,0.036259,112.28125,122,C,0.196239445,0.001177878,0.000623805,0.001282059,-0.000624627,2.51736E-05,1000.0000,CBoT 10y Monday Call Options C 122 Dec-2025,VBYM C 122 12/22/2025,USD,0,0.000611654,0.000228767,-0.000857244,0.00143464,0.000611099,0.000289229,9.33056E-05,VY4W122L25
2025-12-12 00:00:00,0.001,VBYM C 122 12/22/2025 C 122,2025-12-22 00:00:00,0.03623,112.171875,122,C,0.165961953,0.001167253,0.000746097,0.001259052,-0.000481724,3.56034E-05,1000.0000,CBoT 10y Monday Call Options C 122 Dec-2025,VBYM C 122 12/22/2025,USD,0,0.000717933,0.000318244,-0.000595632,0.001395025,0.000710375,0.000405719,0.000155179,VY4W122L25
2025-12-11 00:00:00,0.001,VBYM C 122 12/22/2025 C 122,2025-12-22 00:00:00,0.036223,112.453125,122,C,0.153895573,0.001194877,0.000805557,0.001319286,-0.000445537,4.02008E-05,1000.0000,CBoT 10y Monday Call Options C 122 Dec-2025,VBYM C 122 12/22/2025,USD,0,0.000788959,0.000374806,-0.000551778,0.001499522,0.00080035,0.000467702,0.00019153,VY4W122L25
2025-12-10 00:00:00,0.001,VBYM C 122 12/22/2025 C 122,2025-12-22 00:00:00,0.03625,112.21875,122,C,0.150810989,0.001171724,0.000826391,0.001268703,-0.000416275,4.29103E-05,1000.0000,CBoT 10y Monday Call Options C 122 Dec-2025,VBYM C 122 12/22/2025,USD,0,0.000792471,0.000386166,-0.000497856,0.001411597,0.000787329,0.000490596,0.000206241,VY4W122L25
2025-12-09 00:00:00,0.001,VBYM C 122 12/22/2025 C 122,2025-12-22 00:00:00,0.036278,112.09375,122,C,0.14667235,0.001159782,0.000853352,0.001242997,-0.000390205,4.59588E-05,1000.0000,CBoT 10y Monday Call Options C 122 Dec-2025,VBYM C 122 12/22/2025,USD,0,0.000808108,0.000405987,-0.000455758,0.001367602,0.000794129,0.000520646,0.000225749,VY4W122L25
2025-12-17 00:00:00,9.484375,VBYM P 122 12/22/2025 P 122,2025-12-22 00:00:00,0.03607,112.421875,122,P,,,,,,,1000.0000,CBoT 10y Monday Call Options P 122 Dec-2025,VBYM P 122 12/22/2025,USD,0,,,,,,,,VY4W122X25
2025-12-16 00:00:00,9.484375,VBYM P 122 12/22/2025 P 122,2025-12-22 00:00:00,0.036157,112.515625,122,P,0.244218739,-0.994308556,0.002136434,0.004175028,-0.002404214,-0.019949525,1000.0000,CBoT 10y Monday Call Options P 122 Dec-2025,VBYM P 122 12/22/2025,USD,0,0.001566095,0.000300884,-0.003285745,0.003425363,0.001092544,0.000580386,8.74514E-05,VY4W122X25
2025-12-15 00:00:00,9.71875,VBYM P 122 12/22/2025 P 122,2025-12-22 00:00:00,0.036259,112.28125,122,P,0.235976198,-0.993506448,0.002581746,0.004495158,-0.00254323,-0.023257428,1000.0000,CBoT 10y Monday Call Options P 122 Dec-2025,VBYM P 122 12/22/2025,USD,0,0.001786979,0.000338162,-0.003110726,0.003471776,0.001166268,0.000701307,0.000102609,VY4W122X25
2025-12-12 00:00:00,9.828125,VBYM P 122 12/22/2025 P 122,2025-12-22 00:00:00,0.03623,112.171875,122,P,0.208104624,-0.991278056,0.003974682,0.005503452,-0.002631122,-0.0331566,1000.0000,CBoT 10y Monday Call Options P 122 Dec-2025,VBYM P 122 12/22/2025,USD,0,0.002509079,0.000477329,-0.002709149,0.003868174,0.001466899,0.00112787,0.000159599,VY4W122X25
2025-12-11 00:00:00,9.546875,VBYM P 122 12/22/2025 P 122,2025-12-22 00:00:00,0.036223,112.453125,122,P,0.194708392,-0.990580249,0.004464366,0.00597353,-0.002550516,-0.036447867,1000.0000,CBoT 10y Monday Call Options P 122 Dec-2025,VBYM P 122 12/22/2025,USD,0,0.002830911,0.000556133,-0.002603771,0.004230393,0.00165983,0.001322919,0.000190985,VY4W122X25
2025-12-10 00:00:00,9.78125,VBYM P 122 12/22/2025 P 122,2025-12-22 00:00:00,0.03625,112.21875,122,P,0.193245791,-0.98986639,0.004950816,0.006146099,-0.002603701,-0.039735694,1000.0000,CBoT 10y Monday Call Options P 122 Dec-2025,VBYM P 122 12/22/2025,USD,0,0.003004608,0.000575721,-0.002517591,0.004152824,0.001673265,0.001447427,0.000201336,VY4W122X25
2025-12-09 00:00:00,9.90625,VBYM P 122 12/22/2025 P 122,2025-12-22 00:00:00,0.036278,112.09375,122,P,0.190029228,-0.989167452,0.005446482,0.006362368,-0.002623475,-0.043019543,1000.0000,CBoT 10y Monday Call Options P 122 Dec-2025,VBYM P 122 12/22/2025,USD,0,0.003202382,0.000605123,-0.002438877,0.00415743,0.001717271,0.001587569,0.000215166,VY4W122X25
2025-12-17 00:00:00,0.001,VBYM C 122.25 12/22/2025 C 122.25,2025-12-22 00:00:00,0.03607,112.421875,122.25,C,0.23419519,0.001167223,0.000519677,0.001259013,-0.000768321,1.7839E-05,1000.0000,CBoT 10y Monday Call Options C 122.25 Dec-2025,VBYM C 122.25 12/22/2025,USD,0,0.000508787,0.000159841,-0.00119144,0.001398095,0.00050456,0.000203775,5.52389E-05,VY4W12225L25
2025-12-16 00:00:00,0.001,VBYM C 122.25 12/22/2025 C 122.25,2025-12-22 00:00:00,0.036157,112.515625,122.25,C,0.211835157,0.001176257,0.000575986,0.001278556,-0.000690537,2.15923E-05,1000.0000,CBoT 10y Monday Call Options C 122.25 Dec-2025,VBYM C 122.25 12/22/2025,USD,0,0.000565992,0.000196175,-0.000999025,0.001431793,0.000565922,0.000248338,7.42472E-05,VY4W12225L25
2025-12-15 00:00:00,0.001,VBYM C 122.25 12/22/2025 C 122.25,2025-12-22 00:00:00,0.036259,112.28125,122.25,C,0.200652267,0.001153908,0.000611663,0.001230476,-0.000625897,2.46573E-05,1000.0000,CBoT 10y Monday Call Options C 122.25 Dec-2025,VBYM C 122.25 12/22/2025,USD,0,0.000588345,0.000216379,-0.000843119,0.001349376,0.000576346,0.000278773,8.8506E-05,VY4W12225L25
2025-12-12 00:00:00,0.001,VBYM C 122.25 12/22/2025 C 122.25,2025-12-22 00:00:00,0.03623,112.171875,122.25,C,0.169651015,0.001143766,0.000731503,0.001208956,-0.000482882,3.48813E-05,1000.0000,CBoT 10y Monday Call Options C 122.25 Dec-2025,VBYM C 122.25 12/22/2025,USD,0,0.000690876,0.000301198,-0.000585926,0.001313023,0.000670417,0.000391212,0.000147283,VY4W12225L25
2025-12-11 00:00:00,0.001,VBYM C 122.25 12/22/2025 C 122.25,2025-12-22 00:00:00,0.036223,112.453125,122.25,C,0.157420526,0.00117012,0.000789208,0.001265257,-0.000446684,3.93613E-05,1000.0000,CBoT 10y Monday Call Options C 122.25 Dec-2025,VBYM C 122.25 12/22/2025,USD,0,0.000758358,0.000354155,-0.000542525,0.00140883,0.000754034,0.000450495,0.000181508,VY4W12225L25
2025-12-10 00:00:00,0.001,VBYM C 122.25 12/22/2025 C 122.25,2025-12-22 00:00:00,0.03625,112.21875,122.25,C,0.154179862,0.001148033,0.000809966,0.001217983,-0.000417347,4.20357E-05,1000.0000,CBoT 10y Monday Call Options C 122.25 Dec-2025,VBYM C 122.25 12/22/2025,USD,0,0.000762463,0.000365385,-0.000489705,0.00132823,0.000742835,0.000472972,0.000195698,VY4W12225L25
2025-12-09 00:00:00,0.001,VBYM C 122.25 12/22/2025 C 122.25,2025-12-22 00:00:00,0.036278,112.09375,122.25,C,0.14990605,0.001136631,0.000836538,0.001193929,-0.00039122,4.50338E-05,1000.0000,CBoT 10y Monday Call Options C 122.25 Dec-2025,VBYM C 122.25 12/22/2025,USD,0,0.000777892,0.000384408,-0.00044839,0.001287836,0.000749805,0.000502175,0.000214348,VY4W12225L25
2025-12-17 00:00:00,9.734375,VBYM P 122.25 12/22/2025 P 122.25,2025-12-22 00:00:00,0.03607,112.421875,122.25,P,,,,,,,1000.0000,CBoT 10y Monday Call Options P 122.25 Dec-2025,VBYM P 122.25 12/22/2025,USD,0,,,,,,,,VY4W12225X25
2025-12-16 00:00:00,9.734375,VBYM P 122.25 12/22/2025 P 122.25,2025-12-22 00:00:00,0.036157,112.515625,122.25,P,0.250396736,-0.99430265,0.002137929,0.004076219,-0.002467579,-0.019990512,1000.0000,CBoT 10y Monday Call Options P 122.25 Dec-2025,VBYM P 122.25 12/22/2025,USD,0,0.001529261,0.000286575,-0.003289513,0.003261274,0.001040361,0.000566647,8.32736E-05,VY4W12225X25
2025-12-15 00:00:00,9.96875,VBYM P 122.25 12/22/2025 P 122.25,2025-12-22 00:00:00,0.036259,112.28125,122.25,P,0.24179578,-0.993499707,0.002583598,0.004391493,-0.00260864,-0.023305228,1000.0000,CBoT 10y Monday Call Options P 122.25 Dec-2025,VBYM P 122.25 12/22/2025,USD,0,0.00174604,0.000322482,-0.003114302,0.003309545,0.001111941,0.000685129,9.78277E-05,VY4W12225X25
2025-12-12 00:00:00,10.078125,VBYM P 122.25 12/22/2025 P 122.25,2025-12-22 00:00:00,0.03623,112.171875,122.25,P,0.213177342,-0.991269,0.003977532,0.005378032,-0.002698037,-0.033224816,1000.0000,CBoT 10y Monday Call Options P 122.25 Dec-2025,VBYM P 122.25 12/22/2025,USD,0,0.002452312,0.000455463,-0.002712281,0.003689425,0.001399347,0.001102159,0.000152247,VY4W12225X25
2025-12-11 00:00:00,9.796875,VBYM P 122.25 12/22/2025 P 122.25,2025-12-22 00:00:00,0.036223,112.453125,122.25,P,0.199600408,-0.990570472,0.00446743,0.005833131,-0.002617292,-0.036522879,1000.0000,CBoT 10y Monday Call Options P 122.25 Dec-2025,VBYM P 122.25 12/22/2025,USD,0,0.002764852,0.000529886,-0.002606785,0.004028994,0.001581079,0.001291816,0.00018192,VY4W12225X25
2025-12-10 00:00:00,10.03125,VBYM P 122.25 12/22/2025 P 122.25,2025-12-22 00:00:00,0.03625,112.21875,122.25,P,0.197979881,-0.989855869,0.004954336,0.006005318,-0.002670235,-0.039817499,1000.0000,CBoT 10y Monday Call Options P 122.25 Dec-2025,VBYM P 122.25 12/22/2025,USD,0,0.002936302,0.000549225,-0.002520511,0.003959945,0.001595829,0.001414261,0.000192015,VY4W12225X25
2025-12-09 00:00:00,10.15625,VBYM P 122.25 12/22/2025 P 122.25,2025-12-22 00:00:00,0.036278,112.09375,122.25,P,0.194623273,-0.989156203,0.005450426,0.006218588,-0.002689666,-0.043108137,1000.0000,CBoT 10y Monday Call Options P 122.25 Dec-2025,VBYM P 122.25 12/22/2025,USD,0,0.003130576,0.000577642,-0.00244171,0.003966817,0.001638828,0.00155168,0.000205333,VY4W12225X25
2025-12-17 00:00:00,0.001,VBYM C 122.5 12/22/2025 C 122.5,2025-12-22 00:00:00,0.03607,112.421875,122.5,C,0.239401512,0.001143734,0.000509794,0.001208914,-0.000769481,1.74772E-05,1000.0000,CBoT 10y Monday Call Options C 122.5 Dec-2025,VBYM C 122.5 12/22/2025,USD,0,0.00048961,0.000151278,-0.001172021,0.001315903,0.000476175,0.000196488,5.24274E-05,VY4W1225L25
2025-12-16 00:00:00,0.001,VBYM C 122.5 12/22/2025 C 122.5,2025-12-22 00:00:00,0.036157,112.515625,122.5,C,0.21659125,0.001152355,0.000564855,0.001227192,-0.00069179,2.11501E-05,1000.0000,CBoT 10y Monday Call Options C 122.5 Dec-2025,VBYM C 122.5 12/22/2025,USD,0,0.000544455,0.000185567,-0.000982588,0.001346824,0.000533785,0.000239373,7.04333E-05,VY4W1225L25
2025-12-15 00:00:00,0.001,VBYM C 122.5 12/22/2025 C 122.5,2025-12-22 00:00:00,0.036259,112.28125,122.5,C,0.205047868,0.001131018,0.000600069,0.0011822,-0.000627132,2.41643E-05,1000.0000,CBoT 10y Monday Call Options C 122.5 Dec-2025,VBYM C 122.5 12/22/2025,USD,0,0.00056648,0.000204946,-0.00082957,0.001271149,0.000544371,0.000268943,8.40627E-05,VY4W1225L25
2025-12-12 00:00:00,0.001,VBYM C 122.5 12/22/2025 C 122.5,2025-12-22 00:00:00,0.03623,112.171875,122.5,C,0.173325761,0.001121326,0.000717573,0.001162038,-0.00048401,3.41914E-05,1000.0000,CBoT 10y Monday Call Options C 122.5 Dec-2025,VBYM C 122.5 12/22/2025,USD,0,0.000665479,0.000285452,-0.000576612,0.001237717,0.00063362,0.000377565,0.000139966,VY4W1225L25
2025-12-11 00:00:00,0.001,VBYM C 122.5 12/22/2025 C 122.5,2025-12-22 00:00:00,0.036223,112.453125,122.5,C,0.160931599,0.001146497,0.000773628,0.00121475,-0.0004478,3.85603E-05,1000.0000,CBoT 10y Monday Call Options C 122.5 Dec-2025,VBYM C 122.5 12/22/2025,USD,0,0.000729684,0.000335123,-0.000533655,0.001325748,0.000711483,0.000434335,0.000172242,VY4W1225L25
2025-12-10 00:00:00,0.001,VBYM C 122.5 12/22/2025 C 122.5,2025-12-22 00:00:00,0.03625,112.21875,122.5,C,0.157535629,0.001125403,0.0007943,0.001170495,-0.000418392,4.12002E-05,1000.0000,CBoT 10y Monday Call Options C 122.5 Dec-2025,VBYM C 122.5 12/22/2025,USD,0,0.000734304,0.000346197,-0.000481884,0.001251702,0.000701876,0.000456397,0.000185932,VY4W1225L25
2025-12-09 00:00:00,0.001,VBYM C 122.5 12/22/2025 C 122.5,2025-12-22 00:00:00,0.036278,112.09375,122.5,C,0.153127252,0.001114505,0.000820493,0.00114795,-0.000392209,4.41498E-05,1000.0000,CBoT 10y Monday Call Options C 122.5 Dec-2025,VBYM C 122.5 12/22/2025,USD,0,0.000749515,0.000364464,-0.000441317,0.001214535,0.000708961,0.000484791,0.000203779,VY4W1225L25
2025-12-17 00:00:00,9.984375,VBYM P 122.5 12/22/2025 P 122.5,2025-12-22 00:00:00,0.03607,112.421875,122.5,P,,,,,,,1000.0000,CBoT 10y Monday Call Options P 122.5 Dec-2025,VBYM P 122.5 12/22/2025,USD,0,,,,,,,,VY4W1225X25
2025-12-16 00:00:00,9.984375,VBYM P 122.5 12/22/2025 P 122.5,2025-12-22 00:00:00,0.036157,112.515625,122.5,P,0.256562149,-0.994296748,0.002139473,0.00398236,-0.002530942,-0.020031499,1000.0000,CBoT 10y Monday Call Options P 122.5 Dec-2025,VBYM P 122.5 12/22/2025,USD,0,0.001494273,0.000273304,-0.003293277,0.003109129,0.000991974,0.000553596,7.93995E-05,VY4W1225X25
2025-12-15 00:00:00,10.21875,VBYM P 122.5 12/22/2025 P 122.5,2025-12-22 00:00:00,0.036259,112.28125,122.5,P,0.247603512,-0.99349297,0.002585503,0.004292904,-0.002674049,-0.023353029,1000.0000,CBoT 10y Monday Call Options P 122.5 Dec-2025,VBYM P 122.5 12/22/2025,USD,0,0.001707106,0.000307914,-0.003117875,0.003158849,0.001061473,0.000669744,9.33863E-05,VY4W1225X25
2025-12-12 00:00:00,10.328125,VBYM P 122.5 12/22/2025 P 122.5,2025-12-22 00:00:00,0.03623,112.171875,122.5,P,0.218239734,-0.991259951,0.003980465,0.005258688,-0.00276495,-0.033293031,1000.0000,CBoT 10y Monday Call Options P 122.5 Dec-2025,VBYM P 122.5 12/22/2025,USD,0,0.002398296,0.00043513,-0.00271541,0.003523251,0.001336543,0.001077693,0.000145411,VY4W1225X25
2025-12-11 00:00:00,10.046875,VBYM P 122.5 12/22/2025 P 122.5,2025-12-22 00:00:00,0.036223,112.453125,122.5,P,0.204482465,-0.990560703,0.004470599,0.005699722,-0.002684066,-0.036597891,1000.0000,CBoT 10y Monday Call Options P 122.5 Dec-2025,VBYM P 122.5 12/22/2025,USD,0,0.002702083,0.000505532,-0.002609798,0.003842164,0.00150802,0.001262262,0.000173511,VY4W1225X25
2025-12-10 00:00:00,10.28125,VBYM P 122.5 12/22/2025 P 122.5,2025-12-22 00:00:00,0.03625,112.21875,122.5,P,0.202704335,-0.989845355,0.004957962,0.005871386,-0.002736767,-0.039899304,1000.0000,CBoT 10y Monday Call Options P 122.5 Dec-2025,VBYM P 122.5 12/22/2025,USD,0,0.00287132,0.000524597,-0.002523428,0.003780699,0.001523859,0.001382709,0.000183352,VY4W1225X25
2025-12-09 00:00:00,10.40625,VBYM P 122.5 12/22/2025 P 122.5,2025-12-22 00:00:00,0.036278,112.09375,122.5,P,0.199207971,-0.989144961,0.005454478,0.00608172,-0.002755856,-0.04319673,1000.0000,CBoT 10y Monday Call Options P 122.5 Dec-2025,VBYM P 122.5 12/22/2025,USD,0,0.003062222,0.000552074,-0.00244454,0.003789514,0.001565855,0.001517516,0.000196186,VY4W1225X25
2025-12-17 00:00:00,0.001,VBYM C 122.75 12/22/2025 C 122.75,2025-12-22 00:00:00,0.03607,112.421875,122.75,C,0.244587652,0.001121292,0.000500346,0.001161992,-0.000770609,1.71316E-05,1000.0000,CBoT 10y Monday Call Options C 122.75 Dec-2025,VBYM C 122.75 12/22/2025,USD,0,0.000471609,0.000143369,-0.001153386,0.001240424,0.000450036,0.000189633,4.98226E-05,VY4W12275L25
2025-12-16 00:00:00,0.001,VBYM C 122.75 12/22/2025 C 122.75,2025-12-22 00:00:00,0.036157,112.515625,122.75,C,0.221328821,0.00112953,0.000554224,0.001179115,-0.000693009,2.07279E-05,1000.0000,CBoT 10y Monday Call Options C 122.75 Dec-2025,VBYM C 122.75 12/22/2025,USD,0,0.000524251,0.000175777,-0.000966819,0.001268857,0.000504213,0.000230944,6.69022E-05,VY4W12275L25
2025-12-15 00:00:00,0.001,VBYM C 122.75 12/22/2025 C 122.75,2025-12-22 00:00:00,0.036259,112.28125,122.75,C,0.20942655,0.001109135,0.000588986,0.001136946,-0.000628334,2.3693E-05,1000.0000,CBoT 10y Monday Call Options C 122.75 Dec-2025,VBYM C 122.75 12/22/2025,USD,0,0.000545938,0.000194376,-0.000816561,0.001199227,0.000514892,0.000259688,7.99417E-05,VY4W12275L25
2025-12-12 00:00:00,0.001,VBYM C 122.75 12/22/2025 C 122.75,2025-12-22 00:00:00,0.03623,112.171875,122.75,C,0.176986438,0.001099864,0.000704259,0.001118027,-0.000485109,3.35315E-05,1000.0000,CBoT 10y Monday Call Options C 122.75 Dec-2025,VBYM C 122.75 12/22/2025,USD,0,0.000641602,0.000270882,-0.000567665,0.001168419,0.000599666,0.000364708,0.000133175,VY4W12275L25
2025-12-11 00:00:00,0.001,VBYM C 122.75 12/22/2025 C 122.75,2025-12-22 00:00:00,0.036223,112.453125,122.75,C,0.164429042,0.00112393,0.000758762,0.001167456,-0.000448888,3.77951E-05,1000.0000,CBoT 10y Monday Call Options C 122.75 Dec-2025,VBYM C 122.75 12/22/2025,USD,0,0.000702774,0.000317549,-0.000525145,0.001249472,0.000672308,0.000419135,0.000163659,VY4W12275L25
2025-12-10 00:00:00,0.001,VBYM C 122.75 12/22/2025 C 122.75,2025-12-22 00:00:00,0.03625,112.21875,122.75,C,0.160878521,0.001103763,0.000779338,0.001125961,-0.000419411,4.04014E-05,1000.0000,CBoT 10y Monday Call Options C 122.75 Dec-2025,VBYM C 122.75 12/22/2025,USD,0,0.000707838,0.000328448,-0.000474374,0.001181306,0.000664096,0.000440786,0.000176871,VY4W12275L25
2025-12-09 00:00:00,0.001,VBYM C 122.75 12/22/2025 C 122.75,2025-12-22 00:00:00,0.036278,112.09375,122.75,C,0.156336167,0.001093336,0.000805164,0.001104799,-0.000393173,4.3304E-05,1000.0000,CBoT 10y Monday Call Options C 122.75 Dec-2025,VBYM C 122.75 12/22/2025,USD,0,0.000722824,0.000345998,-0.00043452,0.00114704,0.000671251,0.000468405,0.000193964,VY4W12275L25
2025-12-17 00:00:00,10.234375,VBYM P 122.75 12/22/2025 P 122.75,2025-12-22 00:00:00,0.03607,112.421875,122.75,P,,,,,,,1000.0000,CBoT 10y Monday Call Options P 122.75 Dec-2025,VBYM P 122.75 12/22/2025,USD,0,,,,,,,,VY4W12275X25
2025-12-16 00:00:00,10.234375,VBYM P 122.75 12/22/2025 P 122.75,2025-12-22 00:00:00,0.036157,112.515625,122.75,P,0.262715034,-0.99429085,0.00214106,0.003893089,-0.002594306,-0.020072486,1000.0000,CBoT 10y Monday Call Options P 122.75 Dec-2025,VBYM P 122.75 12/22/2025,USD,0,0.001460995,0.000260974,-0.003297039,0.002967786,0.000947019,0.000541183,7.58003E-05,VY4W12275X25
2025-12-15 00:00:00,10.46875,VBYM P 122.75 12/22/2025 P 122.75,2025-12-22 00:00:00,0.036259,112.28125,122.75,P,0.253399442,-0.993486239,0.002587458,0.004199024,-0.002739458,-0.023400829,1000.0000,CBoT 10y Monday Call Options P 122.75 Dec-2025,VBYM P 122.75 12/22/2025,USD,0,0.001670032,0.000294355,-0.003121445,0.003018612,0.001014505,0.000655093,8.92529E-05,VY4W12275X25
2025-12-12 00:00:00,10.578125,VBYM P 122.75 12/22/2025 P 122.75,2025-12-22 00:00:00,0.03623,112.171875,122.75,P,0.223291845,-0.991250906,0.003983471,0.005144987,-0.002831863,-0.033361247,1000.0000,CBoT 10y Monday Call Options P 122.75 Dec-2025,VBYM P 122.75 12/22/2025,USD,0,0.002346835,0.000416191,-0.002718537,0.003368491,0.001278047,0.001054384,0.000139044,VY4W12275X25
2025-12-11 00:00:00,10.296875,VBYM P 122.75 12/22/2025 P 122.75,2025-12-22 00:00:00,0.036223,112.453125,122.75,P,0.209354606,-0.990550939,0.004473862,0.005572794,-0.00275084,-0.036672904,1000.0000,CBoT 10y Monday Call Options P 122.75 Dec-2025,VBYM P 122.75 12/22/2025,USD,0,0.002642363,0.000482892,-0.002612808,0.003668521,0.001440111,0.001234143,0.000165694,VY4W12275X25
2025-12-10 00:00:00,10.53125,VBYM P 122.75 12/22/2025 P 122.75,2025-12-22 00:00:00,0.03625,112.21875,122.75,P,0.207419193,-0.989834848,0.004961682,0.005743815,-0.002803298,-0.039981109,1000.0000,CBoT 10y Monday Call Options P 122.75 Dec-2025,VBYM P 122.75 12/22/2025,USD,0,0.002809426,0.000501663,-0.002526343,0.00361382,0.001456849,0.001352656,0.000175286,VY4W12275X25
2025-12-09 00:00:00,10.65625,VBYM P 122.75 12/22/2025 P 122.75,2025-12-22 00:00:00,0.036278,112.09375,122.75,P,0.203783358,-0.989133727,0.00545863,0.005951277,-0.002822045,-0.043285324,1000.0000,CBoT 10y Monday Call Options P 122.75 Dec-2025,VBYM P 122.75 12/22/2025,USD,0,0.002997078,0.000528244,-0.002447368,0.003624299,0.001497852,0.001484955,0.000187662,VY4W12275X25
2025-12-17 00:00:00,0.001,VBYM C 123 12/22/2025 C 123,2025-12-22 00:00:00,0.03607,112.421875,123,C,0.249753962,0.001099827,0.000491306,0.001117977,-0.000771705,1.6801E-05,1000.0000,CBoT 10y Monday Call Options C 123 Dec-2025,VBYM C 123 12/22/2025,USD,0,0.000454686,0.00013605,-0.001135487,0.001170966,0.000425916,0.000183175,4.74049E-05,VY4W123L25
2025-12-16 00:00:00,0.001,VBYM C 123 12/22/2025 C 123,2025-12-22 00:00:00,0.036157,112.515625,123,C,0.226048191,0.001107706,0.000544058,0.001134042,-0.000694194,2.03242E-05,1000.0000,CBoT 10y Monday Call Options C 123 Dec-2025,VBYM C 123 12/22/2025,USD,0,0.000505267,0.000166723,-0.000951679,0.001197164,0.000476947,0.000223008,6.36269E-05,VY4W123L25
2025-12-15 00:00:00,0.001,VBYM C 123 12/22/2025 C 123,2025-12-22 00:00:00,0.036259,112.28125,123,C,0.213788602,0.001088192,0.00057838,0.001094459,-0.000629504,2.3242E-05,1000.0000,CBoT 10y Monday Call Options C 123 Dec-2025,VBYM C 123 12/22/2025,USD,0,0.00052661,0.000184583,-0.000804058,0.001132967,0.000487662,0.000250961,7.61129E-05,VY4W123L25
2025-12-12 00:00:00,0.001,VBYM C 123 12/22/2025 C 123,2025-12-22 00:00:00,0.03623,112.171875,123,C,0.180633281,0.001079314,0.000691521,0.001076679,-0.000486181,3.28998E-05,1000.0000,CBoT 10y Monday Call Options C 123 Dec-2025,VBYM C 123 12/22/2025,USD,0,0.000619122,0.000257374,-0.000559063,0.001104522,0.000568276,0.000352579,0.000126861,VY4W123L25
2025-12-11 00:00:00,0.001,VBYM C 123 12/22/2025 C 123,2025-12-22 00:00:00,0.036223,112.453125,123,C,0.167913089,0.001102349,0.00074456,0.0011231,-0.000449948,3.70634E-05,1000.0000,CBoT 10y Monday Call Options C 123 Dec-2025,VBYM C 123 12/22/2025,USD,0,0.00067748,0.000301291,-0.000516971,0.001179299,0.00063617,0.000404818,0.000155694,VY4W123L25
2025-12-10 00:00:00,0.001,VBYM C 123 12/22/2025 C 123,2025-12-22 00:00:00,0.03625,112.21875,123,C,0.164208751,0.001083048,0.000765032,0.001084135,-0.000420404,3.96367E-05,1000.0000,CBoT 10y Monday Call Options C 123 Dec-2025,VBYM C 123 12/22/2025,USD,0,0.000682928,0.000311998,-0.000467154,0.00111642,0.000629181,0.000426061,0.000168449,VY4W123L25
2025-12-09 00:00:00,0.001,VBYM C 123 12/22/2025 C 123,2025-12-22 00:00:00,0.036278,112.09375,123,C,0.159533,0.001073061,0.000790503,0.001064241,-0.000394115,4.2494E-05,1000.0000,CBoT 10y Monday Call Options C 123 Dec-2025,VBYM C 123 12/22/2025,USD,0,0.000697685,0.000328869,-0.000427985,0.001084768,0.000636369,0.000452941,0.000184833,VY4W123L25
2025-12-17 00:00:00,10.484375,VBYM P 123 12/22/2025 P 123,2025-12-22 00:00:00,0.03607,112.421875,123,P,,,,,,,1000.0000,CBoT 10y Monday Call Options P 123 Dec-2025,VBYM P 123 12/22/2025,USD,0,,,,,,,,VY4W123X25
2025-12-16 00:00:00,10.484375,VBYM P 123 12/22/2025 P 123,2025-12-22 00:00:00,0.036157,112.515625,123,P,0.26885544,-0.994284956,0.002142687,0.003808077,-0.002657668,-0.020113472,1000.0000,CBoT 10y Monday Call Options P 123 Dec-2025,VBYM P 123 12/22/2025,USD,0,0.001429305,0.000249495,-0.003300797,0.002836237,0.000905175,0.000529362,7.24502E-05,VY4W123X25
2025-12-15 00:00:00,10.71875,VBYM P 123 12/22/2025 P 123,2025-12-22 00:00:00,0.036259,112.28125,123,P,0.259183622,-0.993479511,0.002589457,0.004109527,-0.002804865,-0.02344863,1000.0000,CBoT 10y Monday Call Options P 123 Dec-2025,VBYM P 123 12/22/2025,USD,0,0.00163469,0.000281712,-0.003125012,0.002887878,0.000970716,0.000641126,8.53992E-05,VY4W123X25
2025-12-12 00:00:00,10.828125,VBYM P 123 12/22/2025 P 123,2025-12-22 00:00:00,0.03623,112.171875,123,P,0.228333715,-0.991241868,0.003986545,0.005036539,-0.002898774,-0.033429463,1000.0000,CBoT 10y Monday Call Options P 123 Dec-2025,VBYM P 123 12/22/2025,USD,0,0.002297752,0.000398518,-0.002721662,0.003224112,0.00122347,0.001032151,0.000133104,VY4W123X25
2025-12-11 00:00:00,10.546875,VBYM P 123 12/22/2025 P 123,2025-12-22 00:00:00,0.036223,112.453125,123,P,0.214216871,-0.990541182,0.00447721,0.005451885,-0.002817612,-0.036747916,1000.0000,CBoT 10y Monday Call Options P 123 Dec-2025,VBYM P 123 12/22/2025,USD,0,0.002585477,0.000461808,-0.002615815,0.00350684,0.001376875,0.001207357,0.000158416,VY4W123X25
2025-12-10 00:00:00,10.78125,VBYM P 123 12/22/2025 P 123,2025-12-22 00:00:00,0.03625,112.21875,123,P,0.212124498,-0.989824347,0.004965488,0.005622164,-0.002869827,-0.040062915,1000.0000,CBoT 10y Monday Call Options P 123 Dec-2025,VBYM P 123 12/22/2025,USD,0,0.002750405,0.000480269,-0.002529256,0.003458185,0.001394348,0.001323996,0.000167762,VY4W123X25
2025-12-09 00:00:00,10.90625,VBYM P 123 12/22/2025 P 123,2025-12-22 00:00:00,0.036278,112.09375,123,P,0.208349476,-0.9891225,0.00546287,0.005826817,-0.002888233,-0.043373919,1000.0000,CBoT 10y Monday Call Options P 123 Dec-2025,VBYM P 123 12/22/2025,USD,0,0.002934923,0.000505996,-0.002450194,0.003470088,0.001434373,0.001453888,0.000179705,VY4W123X25
2025-12-17 00:00:00,0.001,VBYM C 123.25 12/22/2025 C 123.25,2025-12-22 00:00:00,0.03607,112.421875,123.25,C,0.254900769,0.001079276,0.000482646,0.001076626,-0.00077277,1.64845E-05,1000.0000,CBoT 10y Monday Call Options C 123.25 Dec-2025,VBYM C 123.25 12/22/2025,USD,0,0.000438753,0.000129265,-0.001118278,0.001106923,0.000403619,0.000177082,4.51569E-05,VY4W12325L25
2025-12-16 00:00:00,0.001,VBYM C 123.25 12/22/2025 C 123.25,2025-12-22 00:00:00,0.036157,112.515625,123.25,C,0.230749669,0.00108682,0.000534326,0.001091722,-0.000695347,1.99379E-05,1000.0000,CBoT 10y Monday Call Options C 123.25 Dec-2025,VBYM C 123.25 12/22/2025,USD,0,0.000487403,0.000158335,-0.000937127,0.001131109,0.000451758,0.000215524,6.05835E-05,VY4W12325L25
2025-12-15 00:00:00,0.001,VBYM C 123.25 12/22/2025 C 123.25,2025-12-22 00:00:00,0.036259,112.28125,123.25,C,0.218134292,0.001068129,0.000568219,0.00105451,-0.000630645,2.28099E-05,1000.0000,CBoT 10y Monday Call Options C 123.25 Dec-2025,VBYM C 123.25 12/22/2025,USD,0,0.000508399,0.000175496,-0.000792032,0.001071807,0.000462463,0.000242722,7.25496E-05,VY4W12325L25
2025-12-12 00:00:00,0.001,VBYM C 123.25 12/22/2025 C 123.25,2025-12-22 00:00:00,0.03623,112.171875,123.25,C,0.184266516,0.00105962,0.000679321,0.001037778,-0.000487226,3.22943E-05,1000.0000,CBoT 10y Monday Call Options C 123.25 Dec-2025,VBYM C 123.25 12/22/2025,USD,0,0.000597929,0.00024483,-0.000550786,0.001045496,0.000539205,0.00034112,0.00012098,VY4W12325L25
2025-12-11 00:00:00,0.001,VBYM C 123.25 12/22/2025 C 123.25,2025-12-22 00:00:00,0.036223,112.453125,123.25,C,0.171383966,0.001081689,0.000730978,0.001081437,-0.000450982,3.63629E-05,1000.0000,CBoT 10y Monday Call Options C 123.25 Dec-2025,VBYM C 123.25 12/22/2025,USD,0,0.00065367,0.000286221,-0.000509113,0.001114612,0.000602768,0.000391313,0.000148289,VY4W12325L25
2025-12-10 00:00:00,0.001,VBYM C 123.25 12/22/2025 C 123.25,2025-12-22 00:00:00,0.03625,112.21875,123.25,C,0.167526528,0.001063198,0.000751339,0.001044794,-0.000421374,3.89039E-05,1000.0000,CBoT 10y Monday Call Options C 123.25 Dec-2025,VBYM C 123.25 12/22/2025,USD,0,0.000659448,0.000296726,-0.000460207,0.001056501,0.000596856,0.000412155,0.000160608,VY4W12325L25
2025-12-09 00:00:00,0.001,VBYM C 123.25 12/22/2025 C 123.25,2025-12-22 00:00:00,0.036278,112.09375,123.25,C,0.162717944,0.001053623,0.000776465,0.001026066,-0.000395034,4.17175E-05,1000.0000,CBoT 10y Monday Call Options C 123.25 Dec-2025,VBYM C 123.25 12/22/2025,USD,0,0.000673974,0.000312953,-0.000421694,0.00102721,0.000604045,0.000438325,0.000176325,VY4W12325L25
2025-12-17 00:00:00,10.734375,VBYM P 123.25 12/22/2025 P 123.25,2025-12-22 00:00:00,0.03607,112.421875,123.25,P,,,,,,,1000.0000,CBoT 10y Monday Call Options P 123.25 Dec-2025,VBYM P 123.25 12/22/2025,USD,0,,,,,,,,VY4W12325X25
2025-12-16 00:00:00,10.734375,VBYM P 123.25 12/22/2025 P 123.25,2025-12-22 00:00:00,0.036157,112.515625,123.25,P,0.274983421,-0.994279065,0.00214435,0.003727027,-0.00272103,-0.020154459,1000.0000,CBoT 10y Monday Call Options P 123.25 Dec-2025,VBYM P 123.25 12/22/2025,USD,0,0.001399092,0.000238792,-0.003304553,0.002713591,0.000866161,0.000518092,6.93265E-05,VY4W12325X25
2025-12-15 00:00:00,10.96875,VBYM P 123.25 12/22/2025 P 123.25,2025-12-22 00:00:00,0.036259,112.28125,123.25,P,0.264956099,-0.993472788,0.002591496,0.004024111,-0.002870272,-0.02349643,1000.0000,CBoT 10y Monday Call Options P 123.25 Dec-2025,VBYM P 123.25 12/22/2025,USD,0,0.001600959,0.000269904,-0.003128577,0.0027658,0.000929823,0.000627796,8.18005E-05,VY4W12325X25
2025-12-12 00:00:00,11.078125,VBYM P 123.25 12/22/2025 P 123.25,2025-12-22 00:00:00,0.03623,112.171875,123.25,P,0.233365387,-0.991232836,0.00398968,0.004932988,-0.002965684,-0.033497679,1000.0000,CBoT 10y Monday Call Options P 123.25 Dec-2025,VBYM P 123.25 12/22/2025,USD,0,0.002250886,0.000382,-0.002724784,0.003089198,0.001172467,0.001010922,0.000127553,VY4W12325X25
2025-12-11 00:00:00,10.796875,VBYM P 123.25 12/22/2025 P 123.25,2025-12-22 00:00:00,0.036223,112.453125,123.25,P,0.219069301,-0.990531431,0.004480635,0.005336579,-0.002884383,-0.036822929,1000.0000,CBoT 10y Monday Call Options P 123.25 Dec-2025,VBYM P 123.25 12/22/2025,USD,0,0.002531227,0.000442138,-0.00261882,0.003356037,0.001317889,0.001181813,0.000151626,VY4W12325X25
2025-12-10 00:00:00,11.03125,VBYM P 123.25 12/22/2025 P 123.25,2025-12-22 00:00:00,0.03625,112.21875,123.25,P,0.216820286,-0.989813854,0.004969371,0.005506029,-0.002936356,-0.04014472,1000.0000,CBoT 10y Monday Call Options P 123.25 Dec-2025,VBYM P 123.25 12/22/2025,USD,0,0.002694061,0.00046028,-0.002532166,0.003312797,0.001335958,0.001296636,0.000160734,VY4W12325X25
2025-12-09 00:00:00,11.15625,VBYM P 123.25 12/22/2025 P 123.25,2025-12-22 00:00:00,0.036278,112.09375,123.25,P,0.21290636,-0.98911128,0.005467192,0.005707937,-0.00295442,-0.043462513,1000.0000,CBoT 10y Monday Call Options P 123.25 Dec-2025,VBYM P 123.25 12/22/2025,USD,0,0.002875555,0.000485192,-0.002453017,0.003325915,0.00137502,0.001424213,0.000172265,VY4W12325X25
2025-12-17 00:00:00,0.001,VBYM C 123.5 12/22/2025 C 123.5,2025-12-22 00:00:00,0.03607,112.421875,123.5,C,0.260028393,0.001059579,0.000474341,0.001037722,-0.000773808,1.61811E-05,1000.0000,CBoT 10y Monday Call Options C 123.5 Dec-2025,VBYM C 123.5 12/22/2025,USD,0,0.000423732,0.000122963,-0.001101718,0.001047761,0.000382968,0.000171326,4.30633E-05,VY4W1235L25
2025-12-16 00:00:00,0.001,VBYM C 123.5 12/22/2025 C 123.5,2025-12-22 00:00:00,0.036157,112.515625,123.5,C,0.235433549,0.00106681,0.000524999,0.001051927,-0.00069647,1.95677E-05,1000.0000,CBoT 10y Monday Call Options C 123.5 Dec-2025,VBYM C 123.5 12/22/2025,USD,0,0.000470571,0.00015055,-0.000923128,0.001070131,0.000428445,0.000208458,5.77509E-05,VY4W1235L25
2025-12-15 00:00:00,0.001,VBYM C 123.5 12/22/2025 C 123.5,2025-12-22 00:00:00,0.036259,112.28125,123.5,C,0.222463889,0.001048891,0.000558475,0.001016896,-0.000631757,2.23956E-05,1000.0000,CBoT 10y Monday Call Options C 123.5 Dec-2025,VBYM C 123.5 12/22/2025,USD,0,0.000491218,0.000167049,-0.000780454,0.001015251,0.000439102,0.000234934,6.92281E-05,VY4W1235L25
2025-12-12 00:00:00,0.001,VBYM C 123.5 12/22/2025 C 123.5,2025-12-22 00:00:00,0.03623,112.171875,123.5,C,0.187886357,0.001040727,0.000667624,0.001001129,-0.000488247,3.17135E-05,1000.0000,CBoT 10y Monday Call Options C 123.5 Dec-2025,VBYM C 123.5 12/22/2025,USD,0,0.000577921,0.000233161,-0.000542814,0.00099087,0.000512233,0.000330281,0.000115495,VY4W1235L25
2025-12-11 00:00:00,0.001,VBYM C 123.5 12/22/2025 C 123.5,2025-12-22 00:00:00,0.036223,112.453125,123.5,C,0.174841887,0.00106189,0.000717973,0.001042247,-0.00045199,3.56916E-05,1000.0000,CBoT 10y Monday Call Options C 123.5 Dec-2025,VBYM C 123.5 12/22/2025,USD,0,0.000631226,0.000272229,-0.000501553,0.001054868,0.00057184,0.000378558,0.000141395,VY4W1235L25
2025-12-10 00:00:00,0.001,VBYM C 123.5 12/22/2025 C 123.5,2025-12-22 00:00:00,0.03625,112.21875,123.5,C,0.170832047,0.001044159,0.000738218,0.001007739,-0.000422321,3.82011E-05,1000.0000,CBoT 10y Monday Call Options C 123.5 Dec-2025,VBYM C 123.5 12/22/2025,USD,0,0.000637289,0.000282524,-0.000453518,0.001001067,0.000566875,0.000399004,0.000153295,VY4W1235L25
2025-12-09 00:00:00,0.001,VBYM C 123.5 12/22/2025 C 123.5,2025-12-22 00:00:00,0.036278,112.09375,123.5,C,0.165891186,0.001034971,0.00076301,0.000990086,-0.000395932,4.09724E-05,1000.0000,CBoT 10y Monday Call Options C 123.5 Dec-2025,VBYM C 123.5 12/22/2025,USD,0,0.000651581,0.00029814,-0.000415634,0.000973913,0.00057404,0.000424496,0.000168385,VY4W1235L25
2025-12-17 00:00:00,10.984375,VBYM P 123.5 12/22/2025 P 123.5,2025-12-22 00:00:00,0.03607,112.421875,123.5,P,,,,,,,1000.0000,CBoT 10y Monday Call Options P 123.5 Dec-2025,VBYM P 123.5 12/22/2025,USD,0,,,,,,,,VY4W1235X25
2025-12-16 00:00:00,10.984375,VBYM P 123.5 12/22/2025 P 123.5,2025-12-22 00:00:00,0.036157,112.515625,123.5,P,0.281099025,-0.994273178,0.002146045,0.003649669,-0.002784391,-0.020195447,1000.0000,CBoT 10y Monday Call Options P 123.5 Dec-2025,VBYM P 123.5 12/22/2025,USD,0,0.001370256,0.000228795,-0.003308306,0.002599053,0.000829723,0.000507335,6.64092E-05,VY4W1235X25
2025-12-15 00:00:00,11.21875,VBYM P 123.5 12/22/2025 P 123.5,2025-12-22 00:00:00,0.036259,112.28125,123.5,P,0.270716921,-0.993466069,0.002593571,0.003942504,-0.002935679,-0.023544231,1000.0000,CBoT 10y Monday Call Options P 123.5 Dec-2025,VBYM P 123.5 12/22/2025,USD,0,0.001568734,0.000258859,-0.003132139,0.002651623,0.000891574,0.00061506,7.84344E-05,VY4W1235X25
2025-12-12 00:00:00,11.328125,VBYM P 123.5 12/22/2025 P 123.5,2025-12-22 00:00:00,0.03623,112.171875,123.5,P,0.238386905,-0.991223809,0.003992871,0.00483401,-0.003032593,-0.033565896,1000.0000,CBoT 10y Monday Call Options P 123.5 Dec-2025,VBYM P 123.5 12/22/2025,USD,0,0.00220609,0.000366538,-0.002727904,0.002962931,0.001124729,0.00099063,0.000122358,VY4W1235X25
2025-12-11 00:00:00,11.046875,VBYM P 123.5 12/22/2025 P 123.5,2025-12-22 00:00:00,0.036223,112.453125,123.5,P,0.223911938,-0.990521687,0.004484131,0.005226495,-0.002951153,-0.036897942,1000.0000,CBoT 10y Monday Call Options P 123.5 Dec-2025,VBYM P 123.5 12/22/2025,USD,0,0.002479435,0.000423757,-0.002621823,0.003215148,0.001262776,0.001157424,0.000145283,VY4W1235X25
2025-12-10 00:00:00,11.28125,VBYM P 123.5 12/22/2025 P 123.5,2025-12-22 00:00:00,0.03625,112.21875,123.5,P,0.221506598,-0.989803367,0.004973325,0.005395044,-0.003002883,-0.040226526,1000.0000,CBoT 10y Monday Call Options P 123.5 Dec-2025,VBYM P 123.5 12/22/2025,USD,0,0.002640216,0.000441573,-0.002535074,0.003176767,0.001281321,0.001270489,0.000154157,VY4W1235X25
2025-12-09 00:00:00,11.40625,VBYM P 123.5 12/22/2025 P 123.5,2025-12-22 00:00:00,0.036278,112.09375,123.5,P,0.217454048,-0.989100068,0.005471587,0.005594272,-0.003020605,-0.043551108,1000.0000,CBoT 10y Monday Call Options P 123.5 Dec-2025,VBYM P 123.5 12/22/2025,USD,0,0.002818793,0.000465707,-0.002455839,0.003190919,0.00131944,0.001395839,0.000165298,VY4W1235X25
2025-12-17 00:00:00,0.001,VBYM C 123.75 12/22/2025 C 123.75,2025-12-22 00:00:00,0.03607,112.421875,123.75,C,0.265137136,0.001040684,0.000466371,0.00100107,-0.000774818,1.58901E-05,1000.0000,CBoT 10y Monday Call Options C 123.75 Dec-2025,VBYM C 123.75 12/22/2025,USD,0,0.000409551,0.000117102,-0.001085769,0.000993009,0.000363809,0.000165882,4.11105E-05,VY4W12375L25
2025-12-16 00:00:00,0.001,VBYM C 123.75 12/22/2025 C 123.75,2025-12-22 00:00:00,0.036157,112.515625,123.75,C,0.24010011,0.00104762,0.000516053,0.001014454,-0.000697565,1.92128E-05,1000.0000,CBoT 10y Monday Call Options C 123.75 Dec-2025,VBYM C 123.75 12/22/2025,USD,0,0.000454688,0.000143313,-0.000909651,0.001013737,0.00040683,0.000201777,5.51102E-05,VY4W12375L25
2025-12-15 00:00:00,0.001,VBYM C 123.75 12/22/2025 C 123.75,2025-12-22 00:00:00,0.036259,112.28125,123.75,C,0.226777637,0.001030426,0.000549121,0.000981433,-0.000632842,2.19979E-05,1000.0000,CBoT 10y Monday Call Options C 123.75 Dec-2025,VBYM C 123.75 12/22/2025,USD,0,0.000474986,0.000159185,-0.000769298,0.000962861,0.000417408,0.000227561,6.61271E-05,VY4W12375L25
2025-12-12 00:00:00,0.001,VBYM C 123.75 12/22/2025 C 123.75,2025-12-22 00:00:00,0.03623,112.171875,123.75,C,0.19149301,0.001022586,0.000656398,0.000966555,-0.000489245,3.11558E-05,1000.0000,CBoT 10y Monday Call Options C 123.75 Dec-2025,VBYM C 123.75 12/22/2025,USD,0,0.00055901,0.000222288,-0.000535131,0.000940229,0.000487169,0.000320017,0.00011037,VY4W12375L25
2025-12-11 00:00:00,0.001,VBYM C 123.75 12/22/2025 C 123.75,2025-12-22 00:00:00,0.036223,112.453125,123.75,C,0.178287057,0.0010429,0.000705509,0.00100533,-0.000452975,3.50477E-05,1000.0000,CBoT 10y Monday Call Options C 123.75 Dec-2025,VBYM C 123.75 12/22/2025,USD,0,0.000610042,0.000259216,-0.000494272,0.000999592,0.000543153,0.000366494,0.000134966,VY4W12375L25
2025-12-10 00:00:00,0.001,VBYM C 123.75 12/22/2025 C 123.75,2025-12-22 00:00:00,0.03625,112.21875,123.75,C,0.174125502,0.001025881,0.000725634,0.000972791,-0.000423246,3.75264E-05,1000.0000,CBoT 10y Monday Call Options C 123.75 Dec-2025,VBYM C 123.75 12/22/2025,USD,0,0.000616348,0.000269296,-0.000447072,0.000949694,0.000539023,0.000386552,0.000146466,VY4W12375L25
2025-12-09 00:00:00,0.001,VBYM C 123.75 12/22/2025 C 123.75,2025-12-22 00:00:00,0.036278,112.09375,123.75,C,0.169052905,0.001017057,0.0007501,0.00095613,-0.000396809,4.02568E-05,1000.0000,CBoT 10y Monday Call Options C 123.75 Dec-2025,VBYM C 123.75 12/22/2025,USD,0,0.000630406,0.000284332,-0.000409791,0.000924479,0.000546143,0.000411394,0.000160964,VY4W12375L25
2025-12-17 00:00:00,11.234375,VBYM P 123.75 12/22/2025 P 123.75,2025-12-22 00:00:00,0.03607,112.421875,123.75,P,,,,,,,1000.0000,CBoT 10y Monday Call Options P 123.75 Dec-2025,VBYM P 123.75 12/22/2025,USD,0,,,,,,,,VY4W12375X25
2025-12-16 00:00:00,11.234375,VBYM P 123.75 12/22/2025 P 123.75,2025-12-22 00:00:00,0.036157,112.515625,123.75,P,0.287202307,-0.994267295,0.00214777,0.003575755,-0.002847751,-0.020236434,1000.0000,CBoT 10y Monday Call Options P 123.75 Dec-2025,VBYM P 123.75 12/22/2025,USD,0,0.001342704,0.000219442,-0.003312056,0.002491917,0.000795638,0.000497057,6.36802E-05,VY4W12375X25
2025-12-15 00:00:00,11.46875,VBYM P 123.75 12/22/2025 P 123.75,2025-12-22 00:00:00,0.036259,112.28125,123.75,P,0.276466136,-0.993459354,0.00259568,0.003864457,-0.003001084,-0.023592032,1000.0000,CBoT 10y Monday Call Options P 123.75 Dec-2025,VBYM P 123.75 12/22/2025,USD,0,0.001537914,0.00024851,-0.003135698,0.002544672,0.000855743,0.00060288,7.52811E-05,VY4W12375X25
2025-12-12 00:00:00,11.578125,VBYM P 123.75 12/22/2025 P 123.75,2025-12-22 00:00:00,0.03623,112.171875,123.75,P,0.243398308,-0.991214789,0.003996112,0.004739309,-0.003099501,-0.033634112,1000.0000,CBoT 10y Monday Call Options P 123.75 Dec-2025,VBYM P 123.75 12/22/2025,USD,0,0.002163231,0.000352042,-0.002731022,0.00284458,0.001079981,0.000971215,0.000117487,VY4W12375X25
2025-12-11 00:00:00,11.296875,VBYM P 123.75 12/22/2025 P 123.75,2025-12-22 00:00:00,0.036223,112.453125,123.75,P,0.228744821,-0.990511949,0.00448769,0.005121285,-0.003017922,-0.036972955,1000.0000,CBoT 10y Monday Call Options P 123.75 Dec-2025,VBYM P 123.75 12/22/2025,USD,0,0.002429936,0.000406554,-0.002624824,0.003083316,0.001211201,0.001134116,0.000139346,VY4W12375X25
2025-12-10 00:00:00,11.53125,VBYM P 123.75 12/22/2025 P 123.75,2025-12-22 00:00:00,0.03625,112.21875,123.75,P,0.226183474,-0.989792887,0.004977344,0.005288875,-0.003069409,-0.040308332,1000.0000,CBoT 10y Monday Call Options P 123.75 Dec-2025,VBYM P 123.75 12/22/2025,USD,0,0.002588708,0.00042404,-0.00253798,0.003049301,0.00123012,0.001245476,0.000147994,VY4W12375X25
2025-12-09 00:00:00,11.65625,VBYM P 123.75 12/22/2025 P 123.75,2025-12-22 00:00:00,0.036278,112.09375,123.75,P,0.221992582,-0.989088863,0.00547605,0.005485485,-0.00308679,-0.043639703,1000.0000,CBoT 10y Monday Call Options P 123.75 Dec-2025,VBYM P 123.75 12/22/2025,USD,0,0.002764467,0.000447432,-0.002458658,0.00306433,0.001267318,0.001368683,0.000158765,VY4W12375X25
2025-12-17 00:00:00,0.001,VBYM C 124 12/22/2025 C 124,2025-12-22 00:00:00,0.03607,112.421875,124,C,0.27022729,0.001022542,0.000458713,0.000966494,-0.000775802,1.56107E-05,1000.0000,CBoT 10y Monday Call Options C 124 Dec-2025,VBYM C 124 12/22/2025,USD,0,0.000396147,0.00011164,-0.001070397,0.000942253,0.000346005,0.000160726,3.92861E-05,VY4W124L25
2025-12-16 00:00:00,0.001,VBYM C 124 12/22/2025 C 124,2025-12-22 00:00:00,0.036157,112.515625,124,C,0.244749624,0.001029202,0.000507462,0.000979121,-0.000698632,1.88721E-05,1000.0000,CBoT 10y Monday Call Options C 124 Dec-2025,VBYM C 124 12/22/2025,USD,0,0.000439682,0.000136574,-0.000896665,0.000961491,0.000386756,0.000195453,5.26446E-05,VY4W124L25
2025-12-15 00:00:00,0.001,VBYM C 124 12/22/2025 C 124,2025-12-22 00:00:00,0.036259,112.28125,124,C,0.231075782,0.001012687,0.000540135,0.000947954,-0.000633902,2.16159E-05,1000.0000,CBoT 10y Monday Call Options C 124 Dec-2025,VBYM C 124 12/22/2025,USD,0,0.000459632,0.000151851,-0.000758541,0.000914247,0.00039723,0.000220575,6.32279E-05,VY4W124L25
2025-12-12 00:00:00,0.001,VBYM C 124 12/22/2025 C 124,2025-12-22 00:00:00,0.03623,112.171875,124,C,0.195086675,0.001005153,0.000645615,0.000933899,-0.000490219,3.06198E-05,1000.0000,CBoT 10y Monday Call Options C 124 Dec-2025,VBYM C 124 12/22/2025,USD,0,0.000541113,0.000212143,-0.00052772,0.000893206,0.00046384,0.000310285,0.000105576,VY4W124L25
2025-12-11 00:00:00,0.001,VBYM C 124 12/22/2025 C 124,2025-12-22 00:00:00,0.036223,112.453125,124,C,0.181719675,0.001024668,0.000693551,0.000970511,-0.000453938,3.44296E-05,1000.0000,CBoT 10y Monday Call Options C 124 Dec-2025,VBYM C 124 12/22/2025,USD,0,0.000590022,0.000247094,-0.000487255,0.000948359,0.0005165,0.000355072,0.00012896,VY4W124L25
2025-12-10 00:00:00,0.001,VBYM C 124 12/22/2025 C 124,2025-12-22 00:00:00,0.03625,112.21875,124,C,0.177407072,0.001008319,0.000713552,0.000939789,-0.000424151,3.68782E-05,1000.0000,CBoT 10y Monday Call Options C 124 Dec-2025,VBYM C 124 12/22/2025,USD,0,0.000596534,0.000256956,-0.000440855,0.000902005,0.000513107,0.000374749,0.000140079,VY4W124L25
2025-12-09 00:00:00,0.001,VBYM C 124 12/22/2025 C 124,2025-12-22 00:00:00,0.036278,112.09375,124,C,0.172203274,0.000999838,0.000737703,0.000924044,-0.000397668,3.95689E-05,1000.0000,CBoT 10y Monday Call Options C 124 Dec-2025,VBYM C 124 12/22/2025,USD,0,0.00061036,0.000271442,-0.000404154,0.000878554,0.000520165,0.000398967,0.000154019,VY4W124L25
2025-12-17 00:00:00,11.484375,VBYM P 124 12/22/2025 P 124,2025-12-22 00:00:00,0.03607,112.421875,124,P,,,,,,,1000.0000,CBoT 10y Monday Call Options P 124 Dec-2025,VBYM P 124 12/22/2025,USD,0,,,,,,,,VY4W124X25
2025-12-16 00:00:00,11.484375,VBYM P 124 12/22/2025 P 124,2025-12-22 00:00:00,0.036157,112.515625,124,P,0.293293313,-0.994261416,0.002149521,0.003505061,-0.002911111,-0.020277421,1000.0000,CBoT 10y Monday Call Options P 124 Dec-2025,VBYM P 124 12/22/2025,USD,0,0.001316353,0.000210679,-0.003315804,0.002391553,0.000763705,0.000487227,6.11236E-05,VY4W124X25
2025-12-15 00:00:00,11.71875,VBYM P 124 12/22/2025 P 124,2025-12-22 00:00:00,0.036259,112.28125,124,P,0.28220379,-0.993452644,0.002597819,0.003789742,-0.003066488,-0.023639832,1000.0000,CBoT 10y Monday Call Options P 124 Dec-2025,VBYM P 124 12/22/2025,USD,0,0.00150841,0.000238801,-0.003139255,0.002444346,0.000822129,0.000591219,7.23229E-05,VY4W124X25
2025-12-12 00:00:00,11.828125,VBYM P 124 12/22/2025 P 124,2025-12-22 00:00:00,0.03623,112.171875,124,P,0.248399638,-0.991205774,0.0039994,0.004648613,-0.003166408,-0.033702328,1000.0000,CBoT 10y Monday Call Options P 124 Dec-2025,VBYM P 124 12/22/2025,USD,0,0.002122185,0.000338433,-0.002734137,0.002733491,0.001037974,0.000952621,0.000112915,VY4W124X25
2025-12-11 00:00:00,11.546875,VBYM P 124 12/22/2025 P 124,2025-12-22 00:00:00,0.036223,112.453125,124,P,0.233567991,-0.990502217,0.004491308,0.005020633,-0.00308469,-0.037047969,1000.0000,CBoT 10y Monday Call Options P 124 Dec-2025,VBYM P 124 12/22/2025,USD,0,0.002382583,0.00039043,-0.002627822,0.002959773,0.001162865,0.001111817,0.000133783,VY4W124X25
2025-12-10 00:00:00,11.78125,VBYM P 124 12/22/2025 P 124,2025-12-22 00:00:00,0.03625,112.21875,124,P,0.23085095,-0.989782414,0.004981422,0.005187213,-0.003135934,-0.040390138,1000.0000,CBoT 10y Monday Call Options P 124 Dec-2025,VBYM P 124 12/22/2025,USD,0,0.002539388,0.000407584,-0.002540884,0.002929688,0.001182069,0.001221525,0.00014221,VY4W124X25
2025-12-09 00:00:00,11.90625,VBYM P 124 12/22/2025 P 124,2025-12-22 00:00:00,0.036278,112.09375,124,P,0.226521995,-0.989077666,0.005480573,0.005381269,-0.003152972,-0.043728298,1000.0000,CBoT 10y Monday Call Options P 124 Dec-2025,VBYM P 124 12/22/2025,USD,0,0.002712425,0.000430268,-0.002461475,0.002945457,0.001218368,0.001342668,0.000152629,VY4W124X25
2025-12-17 00:00:00,0.001,VBYM C 124.25 12/22/2025 C 124.25,2025-12-22 00:00:00,0.03607,112.421875,124.25,C,0.275299135,0.001005107,0.00045135,0.000933835,-0.000776762,1.53422E-05,1000.0000,CBoT 10y Monday Call Options C 124.25 Dec-2025,VBYM C 124.25 12/22/2025,USD,0,0.000383463,0.000106544,-0.00105557,0.000895123,0.000329434,0.000155837,3.75794E-05,VY4W12425L25
2025-12-16 00:00:00,0.001,VBYM C 124.25 12/22/2025 C 124.25,2025-12-22 00:00:00,0.036157,112.515625,124.25,C,0.249382348,0.001011506,0.000499207,0.000945763,-0.000699673,1.85448E-05,1000.0000,CBoT 10y Monday Call Options C 124.25 Dec-2025,VBYM C 124.25 12/22/2025,USD,0,0.000425487,0.00013029,-0.000884142,0.000913007,0.000368082,0.00018946,5.03393E-05,VY4W12425L25
2025-12-15 00:00:00,0.001,VBYM C 124.25 12/22/2025 C 124.25,2025-12-22 00:00:00,0.036259,112.28125,124.25,C,0.235358551,0.000995632,0.000531493,0.00091631,-0.000634936,2.12486E-05,1000.0000,CBoT 10y Monday Call Options C 124.25 Dec-2025,VBYM C 124.25 12/22/2025,USD,0,0.000445093,0.000145002,-0.000748161,0.000869067,0.000378433,0.000213947,6.05134E-05,VY4W12425L25
2025-12-12 00:00:00,0.001,VBYM C 124.25 12/22/2025 C 124.25,2025-12-22 00:00:00,0.03623,112.171875,124.25,C,0.198667539,0.000988385,0.000635248,0.000903015,-0.000491172,3.01044E-05,1000.0000,CBoT 10y Monday Call Options C 124.25 Dec-2025,VBYM C 124.25 12/22/2025,USD,0,0.000524156,0.000202663,-0.000520565,0.000849474,0.000442094,0.000301048,0.000101085,VY4W12425L25
2025-12-11 00:00:00,0.001,VBYM C 124.25 12/22/2025 C 124.25,2025-12-22 00:00:00,0.036223,112.453125,124.25,C,0.185139928,0.001007148,0.000682068,0.000937627,-0.000454878,3.38356E-05,1000.0000,CBoT 10y Monday Call Options C 124.25 Dec-2025,VBYM C 124.25 12/22/2025,USD,0,0.000571077,0.000235786,-0.000480488,0.000900796,0.000491697,0.000344243,0.000123343,VY4W12425L25
2025-12-10 00:00:00,0.001,VBYM C 124.25 12/22/2025 C 124.25,2025-12-22 00:00:00,0.03625,112.21875,124.25,C,0.180676932,0.00099143,0.000701942,0.000908587,-0.000425035,3.62548E-05,1000.0000,CBoT 10y Monday Call Options C 124.25 Dec-2025,VBYM C 124.25 12/22/2025,USD,0,0.000577765,0.000245428,-0.000434855,0.000857666,0.000488955,0.000363548,0.000134097,VY4W12425L25
2025-12-09 00:00:00,0.001,VBYM C 124.25 12/22/2025 C 124.25,2025-12-22 00:00:00,0.036278,112.09375,124.25,C,0.175342455,0.000983271,0.000725787,0.00089369,-0.000398507,3.89071E-05,1000.0000,CBoT 10y Monday Call Options C 124.25 Dec-2025,VBYM C 124.25 12/22/2025,USD,0,0.000591359,0.000259391,-0.000398712,0.000835822,0.000495938,0.000387168,0.000147509,VY4W12425L25
2025-12-17 00:00:00,11.734375,VBYM P 124.25 12/22/2025 P 124.25,2025-12-22 00:00:00,0.03607,112.421875,124.25,P,,,,,,,1000.0000,CBoT 10y Monday Call Options P 124.25 Dec-2025,VBYM P 124.25 12/22/2025,USD,0,,,,,,,,VY4W12425X25
2025-12-16 00:00:00,11.734375,VBYM P 124.25 12/22/2025 P 124.25,2025-12-22 00:00:00,0.036157,112.515625,124.25,P,0.299372098,-0.994255541,0.002151297,0.003437381,-0.00297447,-0.020318408,1000.0000,CBoT 10y Monday Call Options P 124.25 Dec-2025,VBYM P 124.25 12/22/2025,USD,0,0.001291125,0.000202456,-0.003319548,0.002297397,0.000733745,0.000477816,5.87249E-05,VY4W12425X25
2025-12-15 00:00:00,11.96875,VBYM P 124.25 12/22/2025 P 124.25,2025-12-22 00:00:00,0.036259,112.28125,124.25,P,0.287929935,-0.993445938,0.002599985,0.00371815,-0.003131892,-0.023687633,1000.0000,CBoT 10y Monday Call Options P 124.25 Dec-2025,VBYM P 124.25 12/22/2025,USD,0,0.001480141,0.000229679,-0.003142809,0.002350101,0.00079055,0.000580046,6.95438E-05,VY4W12425X25
2025-12-12 00:00:00,12.078125,VBYM P 124.25 12/22/2025 P 124.25,2025-12-22 00:00:00,0.03623,112.171875,124.25,P,0.253390938,-0.991196766,0.004002729,0.004561674,-0.003233314,-0.033770545,1000.0000,CBoT 10y Monday Call Options P 124.25 Dec-2025,VBYM P 124.25 12/22/2025,USD,0,0.00208284,0.000325638,-0.00273725,0.002629074,0.000998488,0.000934797,0.000108618,VY4W12425X25
2025-12-11 00:00:00,11.796875,VBYM P 124.25 12/22/2025 P 124.25,2025-12-22 00:00:00,0.036223,112.453125,124.25,P,0.238381487,-0.990492491,0.004494978,0.00492425,-0.003151456,-0.037122982,1000.0000,CBoT 10y Monday Call Options P 124.25 Dec-2025,VBYM P 124.25 12/22/2025,USD,0,0.002337239,0.000375294,-0.002630818,0.00284383,0.0011175,0.001090464,0.000128561,VY4W12425X25
2025-12-10 00:00:00,12.03125,VBYM P 124.25 12/22/2025 P 124.25,2025-12-22 00:00:00,0.03625,112.21875,124.25,P,0.235509068,-0.989771947,0.004985553,0.005089779,-0.003202458,-0.040471945,1000.0000,CBoT 10y Monday Call Options P 124.25 Dec-2025,VBYM P 124.25 12/22/2025,USD,0,0.002492119,0.000392117,-0.002543785,0.002817289,0.001136912,0.00119857,0.000136774,VY4W12425X25
2025-12-09 00:00:00,12.15625,VBYM P 124.25 12/22/2025 P 124.25,2025-12-22 00:00:00,0.036278,112.09375,124.25,P,0.231042328,-0.989066475,0.005485154,0.005281342,-0.003219154,-0.043816893,1000.0000,CBoT 10y Monday Call Options P 124.25 Dec-2025,VBYM P 124.25 12/22/2025,USD,0,0.002662525,0.000414124,-0.00246429,0.002833679,0.001172335,0.001317723,0.000146859,VY4W12425X25
2025-12-17 00:00:00,0.001,VBYM C 124.5 12/22/2025 C 124.5,2025-12-22 00:00:00,0.03607,112.421875,124.5,C,0.280352934,0.000988338,0.000444264,0.00090295,-0.000777697,1.50839E-05,1000.0000,CBoT 10y Monday Call Options C 124.5 Dec-2025,VBYM C 124.5 12/22/2025,USD,0,0.000371444,0.000101783,-0.001041256,0.000851291,0.000313987,0.000151197,3.59805E-05,VY4W1245L25
2025-12-16 00:00:00,0.001,VBYM C 124.5 12/22/2025 C 124.5,2025-12-22 00:00:00,0.036157,112.515625,124.5,C,0.253998528,0.000994492,0.000491266,0.000914231,-0.000700689,1.823E-05,1000.0000,CBoT 10y Monday Call Options C 124.5 Dec-2025,VBYM C 124.5 12/22/2025,USD,0,0.000412044,0.00012442,-0.000872057,0.000867942,0.000350685,0.000183774,4.81806E-05,VY4W1245L25
2025-12-15 00:00:00,0.001,VBYM C 124.5 12/22/2025 C 124.5,2025-12-22 00:00:00,0.036259,112.28125,124.5,C,0.239626166,0.000979222,0.000523176,0.000886365,-0.000635947,2.08951E-05,1000.0000,CBoT 10y Monday Call Options C 124.5 Dec-2025,VBYM C 124.5 12/22/2025,USD,0,0.000431308,0.000138597,-0.000738137,0.000827011,0.000360896,0.000207651,5.79685E-05,VY4W1245L25
2025-12-12 00:00:00,0.001,VBYM C 124.5 12/22/2025 C 124.5,2025-12-22 00:00:00,0.03623,112.171875,124.5,C,0.202235786,0.000972246,0.000625271,0.000873776,-0.000492104,2.96082E-05,1000.0000,CBoT 10y Monday Call Options C 124.5 Dec-2025,VBYM C 124.5 12/22/2025,USD,0,0.000508071,0.000193792,-0.000513655,0.000808739,0.000421793,0.00029227,9.68716E-05,VY4W1245L25
2025-12-11 00:00:00,0.001,VBYM C 124.5 12/22/2025 C 124.5,2025-12-22 00:00:00,0.036223,112.453125,124.5,C,0.188547999,0.0009903,0.000671032,0.000906534,-0.000455798,3.32643E-05,1000.0000,CBoT 10y Monday Call Options C 124.5 Dec-2025,VBYM C 124.5 12/22/2025,USD,0,0.000553131,0.00022522,-0.000473955,0.00085657,0.000468581,0.000333966,0.000118082,VY4W1245L25
2025-12-10 00:00:00,0.001,VBYM C 124.5 12/22/2025 C 124.5,2025-12-22 00:00:00,0.03625,112.21875,124.5,C,0.183935252,0.000975176,0.000690777,0.000879051,-0.0004259,3.56548E-05,1000.0000,CBoT 10y Monday Call Options C 124.5 Dec-2025,VBYM C 124.5 12/22/2025,USD,0,0.000559966,0.000234644,-0.000429059,0.000816378,0.000466415,0.000352907,0.000128486,VY4W1245L25
2025-12-09 00:00:00,0.001,VBYM C 124.5 12/22/2025 C 124.5,2025-12-22 00:00:00,0.036278,112.09375,124.5,C,0.178470607,0.000967321,0.000714324,0.000864941,-0.000399329,3.82699E-05,1000.0000,CBoT 10y Monday Call Options C 124.5 Dec-2025,VBYM C 124.5 12/22/2025,USD,0,0.000573331,0.00024811,-0.000393453,0.000796,0.000473311,0.000375952,0.0001414,VY4W1245L25
2025-12-17 00:00:00,11.984375,VBYM P 124.5 12/22/2025 P 124.5,2025-12-22 00:00:00,0.03607,112.421875,124.5,P,,,,,,,1000.0000,CBoT 10y Monday Call Options P 124.5 Dec-2025,VBYM P 124.5 12/22/2025,USD,0,,,,,,,,VY4W1245X25
2025-12-16 00:00:00,11.984375,VBYM P 124.5 12/22/2025 P 124.5,2025-12-22 00:00:00,0.036157,112.515625,124.5,P,0.305438708,-0.99424967,0.002153096,0.003372526,-0.003037828,-0.020359396,1000.0000,CBoT 10y Monday Call Options P 124.5 Dec-2025,VBYM P 124.5 12/22/2025,USD,0,0.001266951,0.00019473,-0.00332329,0.002208941,0.000705596,0.000468797,5.64712E-05,VY4W1245X25
2025-12-15 00:00:00,12.21875,VBYM P 124.5 12/22/2025 P 124.5,2025-12-22 00:00:00,0.036259,112.28125,124.5,P,0.293644614,-0.993439237,0.002602177,0.003649489,-0.003197294,-0.023735434,1000.0000,CBoT 10y Monday Call Options P 124.5 Dec-2025,VBYM P 124.5 12/22/2025,USD,0,0.001453029,0.000221096,-0.00314636,0.002261451,0.000760843,0.000569331,6.69295E-05,VY4W1245X25
2025-12-12 00:00:00,12.328125,VBYM P 124.5 12/22/2025 P 124.5,2025-12-22 00:00:00,0.03623,112.171875,124.5,P,0.25837225,-0.991187763,0.004006097,0.004478264,-0.003300219,-0.033838762,1000.0000,CBoT 10y Monday Call Options P 124.5 Dec-2025,VBYM P 124.5 12/22/2025,USD,0,0.002045092,0.000313595,-0.00274036,0.002530802,0.000961322,0.000917696,0.000104573,VY4W1245X25
2025-12-11 00:00:00,12.046875,VBYM P 124.5 12/22/2025 P 124.5,2025-12-22 00:00:00,0.036223,112.453125,124.5,P,0.243185349,-0.990482772,0.004498697,0.00483187,-0.003218222,-0.037197996,1000.0000,CBoT 10y Monday Call Options P 124.5 Dec-2025,VBYM P 124.5 12/22/2025,USD,0,0.002293779,0.000361067,-0.002633812,0.002734871,0.001074863,0.001069997,0.000123653,VY4W1245X25
2025-12-10 00:00:00,12.28125,VBYM P 124.5 12/22/2025 P 124.5,2025-12-22 00:00:00,0.03625,112.21875,124.5,P,0.240157864,-0.989761488,0.004989733,0.004996314,-0.00326898,-0.040553751,1000.0000,CBoT 10y Monday Call Options P 124.5 Dec-2025,VBYM P 124.5 12/22/2025,USD,0,0.002446777,0.000377561,-0.002546685,0.002711529,0.001094419,0.001176549,0.000131659,VY4W1245X25
2025-12-09 00:00:00,12.40625,VBYM P 124.5 12/22/2025 P 124.5,2025-12-22 00:00:00,0.036278,112.09375,124.5,P,0.235553615,-0.989055292,0.005489785,0.005185445,-0.003285334,-0.043905489,1000.0000,CBoT 10y Monday Call Options P 124.5 Dec-2025,VBYM P 124.5 12/22/2025,USD,0,0.002614639,0.00039892,-0.002467103,0.002728436,0.00112899,0.001293784,0.000141426,VY4W1245X25
2025-12-17 00:00:00,0.001,VBYM C 124.75 12/22/2025 C 124.75,2025-12-22 00:00:00,0.03607,112.421875,124.75,C,0.285388951,0.000972196,0.000437439,0.000873709,-0.000778611,1.48353E-05,1000.0000,CBoT 10y Monday Call Options C 124.75 Dec-2025,VBYM C 124.75 12/22/2025,USD,0,0.000360044,9.73264E-05,-0.00102743,0.000810464,0.000299566,0.000146788,3.44805E-05,VY4W12475L25
2025-12-16 00:00:00,0.001,VBYM C 124.75 12/22/2025 C 124.75,2025-12-22 00:00:00,0.036157,112.515625,124.75,C,0.258598408,0.00097812,0.000483622,0.00088439,-0.000701681,1.79272E-05,1000.0000,CBoT 10y Monday Call Options C 124.75 Dec-2025,VBYM C 124.75 12/22/2025,USD,0,0.000399298,0.000118931,-0.000860386,0.000825991,0.000334454,0.000178373,4.61567E-05,VY4W12475L25
2025-12-15 00:00:00,0.001,VBYM C 124.75 12/22/2025 C 124.75,2025-12-22 00:00:00,0.036259,112.28125,124.75,C,0.243878843,0.000963418,0.000515164,0.000857996,-0.000636935,2.05548E-05,1000.0000,CBoT 10y Monday Call Options C 124.75 Dec-2025,VBYM C 124.75 12/22/2025,USD,0,0.000418225,0.000132599,-0.000728449,0.000787807,0.000344512,0.000201666,5.55794E-05,VY4W12475L25
2025-12-12 00:00:00,0.001,VBYM C 124.75 12/22/2025 C 124.75,2025-12-22 00:00:00,0.03623,112.171875,124.75,C,0.205791593,0.000956698,0.000615664,0.000846061,-0.000493016,2.91302E-05,1000.0000,CBoT 10y Monday Call Options C 124.75 Dec-2025,VBYM C 124.75 12/22/2025,USD,0,0.000492799,0.000185479,-0.000506974,0.000770743,0.000402814,0.000283921,9.29142E-05,VY4W12475L25
2025-12-11 00:00:00,0.001,VBYM C 124.75 12/22/2025 C 124.75,2025-12-22 00:00:00,0.036223,112.453125,124.75,C,0.191944062,0.000974084,0.000660415,0.0008771,-0.000456697,3.27146E-05,1000.0000,CBoT 10y Monday Call Options C 124.75 Dec-2025,VBYM C 124.75 12/22/2025,USD,0,0.000536111,0.000215334,-0.000467646,0.000815384,0.000447005,0.000324202,0.000113147,VY4W12475L25
2025-12-10 00:00:00,0.001,VBYM C 124.75 12/22/2025 C 124.75,2025-12-22 00:00:00,0.03625,112.21875,124.75,C,0.187182189,0.00095952,0.000680029,0.000851061,-0.000426748,3.50769E-05,1000.0000,CBoT 10y Monday Call Options C 124.75 Dec-2025,VBYM C 124.75 12/22/2025,USD,0,0.000543068,0.00022454,-0.000423458,0.000777876,0.000445349,0.000342787,0.000123218,VY4W12475L25
2025-12-09 00:00:00,0.001,VBYM C 124.75 12/22/2025 C 124.75,2025-12-22 00:00:00,0.036278,112.09375,124.75,C,0.181587884,0.000951952,0.000703287,0.000837683,-0.000400134,3.7656E-05,1000.0000,CBoT 10y Monday Call Options C 124.75 Dec-2025,VBYM C 124.75 12/22/2025,USD,0,0.000556207,0.000237534,-0.000388369,0.000758839,0.000452149,0.000365281,0.000135659,VY4W12475L25
2025-12-17 00:00:00,12.234375,VBYM P 124.75 12/22/2025 P 124.75,2025-12-22 00:00:00,0.03607,112.421875,124.75,P,,,,,,,1000.0000,CBoT 10y Monday Call Options P 124.75 Dec-2025,VBYM P 124.75 12/22/2025,USD,0,,,,,,,,VY4W12475X25
2025-12-16 00:00:00,12.234375,VBYM P 124.75 12/22/2025 P 124.75,2025-12-22 00:00:00,0.036157,112.515625,124.75,P,0.311493196,-0.994243802,0.002154914,0.003310324,-0.003101185,-0.020400383,1000.0000,CBoT 10y Monday Call Options P 124.75 Dec-2025,VBYM P 124.75 12/22/2025,USD,0,0.001243766,0.00018746,-0.003327029,0.002125729,0.000679115,0.000460147,5.4351E-05,VY4W12475X25
2025-12-15 00:00:00,12.46875,VBYM P 124.75 12/22/2025 P 124.75,2025-12-22 00:00:00,0.036259,112.28125,124.75,P,0.299347876,-0.99343254,0.002604392,0.003583584,-0.003262696,-0.023783236,1000.0000,CBoT 10y Monday Call Options P 124.75 Dec-2025,VBYM P 124.75 12/22/2025,USD,0,0.001427005,0.000213012,-0.003149908,0.002177957,0.000732862,0.000559045,6.4467E-05,VY4W12475X25
2025-12-12 00:00:00,12.578125,VBYM P 124.75 12/22/2025 P 124.75,2025-12-22 00:00:00,0.03623,112.171875,124.75,P,0.263343611,-0.991178766,0.004009501,0.004398171,-0.003367122,-0.033906979,1000.0000,CBoT 10y Monday Call Options P 124.75 Dec-2025,VBYM P 124.75 12/22/2025,USD,0,0.002008846,0.000302243,-0.002743468,0.002438195,0.000926296,0.000901276,0.000100761,VY4W12475X25
2025-12-11 00:00:00,12.296875,VBYM P 124.75 12/22/2025 P 124.75,2025-12-22 00:00:00,0.036223,112.453125,124.75,P,0.247979617,-0.990473059,0.00450246,0.004743248,-0.003284986,-0.037273009,1000.0000,CBoT 10y Monday Call Options P 124.75 Dec-2025,VBYM P 124.75 12/22/2025,USD,0,0.002252087,0.000347677,-0.002636804,0.00263234,0.001034738,0.001050363,0.000119035,VY4W12475X25
2025-12-10 00:00:00,12.53125,VBYM P 124.75 12/22/2025 P 124.75,2025-12-22 00:00:00,0.03625,112.21875,124.75,P,0.244797378,-0.989751035,0.004993958,0.004906581,-0.003335501,-0.040635558,1000.0000,CBoT 10y Monday Call Options P 124.75 Dec-2025,VBYM P 124.75 12/22/2025,USD,0,0.002403246,0.000363844,-0.002549582,0.00261189,0.001054382,0.001155408,0.00012684,VY4W12475X25
2025-12-09 00:00:00,12.65625,VBYM P 124.75 12/22/2025 P 124.75,2025-12-22 00:00:00,0.036278,112.09375,124.75,P,0.240055896,-0.989044117,0.005494463,0.005093338,-0.003351513,-0.043994084,1000.0000,CBoT 10y Monday Call Options P 124.75 Dec-2025,VBYM P 124.75 12/22/2025,USD,0,0.002568646,0.000384585,-0.002469913,0.002629223,0.001088126,0.001270791,0.000136303,VY4W12475X25
2025-12-17 00:00:00,0.001,VBYM C 125 12/22/2025 C 125,2025-12-22 00:00:00,0.03607,112.421875,125,C,0.290407429,0.000956647,0.000430861,0.000845993,-0.000779503,1.45959E-05,1000.0000,CBoT 10y Monday Call Options C 125 Dec-2025,VBYM C 125 12/22/2025,USD,0,0.00034922,9.3151E-05,-0.001014065,0.000772382,0.000286085,0.000142594,3.30717E-05,VY4W125L25
2025-12-16 00:00:00,0.001,VBYM C 125 12/22/2025 C 125,2025-12-22 00:00:00,0.036157,112.515625,125,C,0.263182211,0.000962353,0.000476258,0.000856117,-0.000702651,1.76355E-05,1000.0000,CBoT 10y Monday Call Options C 125 Dec-2025,VBYM C 125 12/22/2025,USD,0,0.0003872,0.00011379,-0.000849107,0.00078688,0.000319287,0.000173237,4.42565E-05,VY4W125L25
2025-12-15 00:00:00,0.001,VBYM C 125 12/22/2025 C 125,2025-12-22 00:00:00,0.036259,112.28125,125,C,0.248116786,0.000948188,0.000507442,0.00083109,-0.000637901,2.02268E-05,1000.0000,CBoT 10y Monday Call Options C 125 Dec-2025,VBYM C 125 12/22/2025,USD,0,0.000405796,0.000126974,-0.000719082,0.000751208,0.000329184,0.00019597,5.33338E-05,VY4W125L25
2025-12-12 00:00:00,0.001,VBYM C 125 12/22/2025 C 125,2025-12-22 00:00:00,0.03623,112.171875,125,C,0.209335127,0.00094171,0.000606405,0.000819765,-0.000493909,2.86695E-05,1000.0000,CBoT 10y Monday Call Options C 125 Dec-2025,VBYM C 125 12/22/2025,USD,0,0.000478282,0.00017768,-0.000500513,0.000735251,0.000385049,0.000275972,8.91925E-05,VY4W125L25
2025-12-17 00:00:00,12.484375,VBYM P 125 12/22/2025 P 125,2025-12-22 00:00:00,0.03607,112.421875,125,P,,,,,,,1000.0000,CBoT 10y Monday Call Options P 125 Dec-2025,VBYM P 125 12/22/2025,USD,0,,,,,,,,VY4W125X25
2025-12-16 00:00:00,12.484375,VBYM P 125 12/22/2025 P 125,2025-12-22 00:00:00,0.036157,112.515625,125,P,0.317535607,-0.994237938,0.002156752,0.003250615,-0.003164542,-0.02044137,1000.0000,CBoT 10y Monday Call Options P 125 Dec-2025,VBYM P 125 12/22/2025,USD,0,0.00122151,0.000180612,-0.003330765,0.002047351,0.00065417,0.000451844,5.23538E-05,VY4W125X25
2025-12-15 00:00:00,12.71875,VBYM P 125 12/22/2025 P 125,2025-12-22 00:00:00,0.036259,112.28125,125,P,0.305039765,-0.993425847,0.002606628,0.003520271,-0.003328096,-0.023831037,1000.0000,CBoT 10y Monday Call Options P 125 Dec-2025,VBYM P 125 12/22/2025,USD,0,0.001402006,0.000205387,-0.003153454,0.002099222,0.000706475,0.000549164,6.21448E-05,VY4W125X25
2025-12-12 00:00:00,12.828125,VBYM P 125 12/22/2025 P 125,2025-12-22 00:00:00,0.03623,112.171875,125,P,0.268305064,-0.991169774,0.004012937,0.004321202,-0.003434024,-0.033975196,1000.0000,CBoT 10y Monday Call Options P 125 Dec-2025,VBYM P 125 12/22/2025,USD,0,0.001974014,0.00029153,-0.002746574,0.002350822,0.000893247,0.000885495,9.71636E-05,VY4W125X25
2025-12-17 00:00:00,12.765625,VBYM C 99.75 12/29/2025 C 99.75,2025-12-29 00:00:00,0.03607,112.421875,99.75,C,0.371901356,0.963491519,0.015867676,0.010267674,-0.022186289,0.031414303,1000.0000,CBoT 10y Monday Call Options C 99.75 Dec-2025,VBYM C 99.75 12/29/2025,USD,0,-0.003641323,-0.000108227,0.005737768,-0.002751739,0.000665495,0.00134141,5.14622E-06,VY5W9975L25
2025-12-16 00:00:00,12.765625,VBYM C 99.75 12/29/2025 C 99.75,2025-12-29 00:00:00,0.036157,112.515625,99.75,C,0.270129194,0.990247029,0.004907086,0.00401562,-0.00337143,0.03513654,1000.0000,CBoT 10y Monday Call Options C 99.75 Dec-2025,VBYM C 99.75 12/29/2025,USD,0,-0.0019925,-0.000262413,0.002168219,-0.001880774,0.000765957,0.001010224,9.64475E-05,VY5W9975L25
2025-12-17 00:00:00,0.001,VBYM P 99.75 12/29/2025 P 99.75,2025-12-29 00:00:00,0.03607,112.421875,99.75,P,0.211270758,-0.000840764,0.00059952,0.000666597,-0.000427209,-3.14078E-05,1000.0000,CBoT 10y Monday Call Options P 99.75 Dec-2025,VBYM P 99.75 12/29/2025,USD,0,-0.0004216,-0.000154324,0.000371049,-0.000546576,0.000310221,0.000269941,8.6189E-05,VY5W9975X25
2025-12-16 00:00:00,0.001,VBYM P 99.75 12/29/2025 P 99.75,2025-12-29 00:00:00,0.036157,112.515625,99.75,P,0.204277276,-0.000835085,0.00062171,0.0006577,-0.000400473,-3.38262E-05,1000.0000,CBoT 10y Monday Call Options P 99.75 Dec-2025,VBYM P 99.75 12/29/2025,USD,0,-0.000433558,-0.000164376,0.000340556,-0.000536196,0.000317238,0.000289353,9.57122E-05,VY5W9975X25
2025-12-17 00:00:00,12.515625,VBYM C 100 12/29/2025 C 100,2025-12-29 00:00:00,0.03607,112.421875,100,C,0.365272784,0.963005299,0.016046396,0.010571809,-0.022062625,0.031478523,1000.0000,CBoT 10y Monday Call Options C 100 Dec-2025,VBYM C 100 12/29/2025,USD,0,-0.003738385,-0.000111159,0.005784876,-0.002874747,0.00069119,0.001372433,4.61734E-06,VY5W100L25
2025-12-16 00:00:00,12.515625,VBYM C 100 12/29/2025 C 100,2025-12-29 00:00:00,0.036157,112.515625,100,C,0.264513166,0.990235056,0.004913865,0.004105967,-0.003305439,0.0352251,1000.0000,CBoT 10y Monday Call Options C 100 Dec-2025,VBYM C 100 12/29/2025,USD,0,-0.0020378,-0.000274118,0.002171266,-0.001963492,0.000799832,0.001032967,0.000100716,VY5W100L25
2025-12-17 00:00:00,0.001,VBYM P 100 12/29/2025 P 100,2025-12-29 00:00:00,0.03607,112.421875,100,P,0.207182275,-0.00085639,0.000610221,0.000691362,-0.000426372,-3.19855E-05,1000.0000,CBoT 10y Monday Call Options P 100 Dec-2025,VBYM P 100 12/29/2025,USD,0,-0.000436607,-0.000162315,0.00037682,-0.000577076,0.00032692,0.000279069,9.04399E-05,VY5W100X25
2025-12-16 00:00:00,0.001,VBYM P 100 12/29/2025 P 100,2025-12-29 00:00:00,0.036157,112.515625,100,P,0.200351065,-0.000850499,0.000632767,0.000681966,-0.000399676,-3.44442E-05,1000.0000,CBoT 10y Monday Call Options P 100 Dec-2025,VBYM P 100 12/29/2025,USD,0,-0.000448886,-0.00017283,0.000345819,-0.000565909,0.000334197,0.000299072,0.000100401,VY5W100X25
2025-12-17 00:00:00,12.265625,VBYM C 100.25 12/29/2025 C 100.25,2025-12-29 00:00:00,0.03607,112.421875,100.25,C,0.358649134,0.962502861,0.016230425,0.010890608,-0.02193752,0.031542144,1000.0000,CBoT 10y Monday Call Options C 100.25 Dec-2025,VBYM C 100.25 12/29/2025,USD,0,-0.003839695,-0.000114174,0.005833047,-0.003005501,0.000718272,0.001404658,4.02179E-06,VY5W10025L25
2025-12-16 00:00:00,12.265625,VBYM C 100.25 12/29/2025 C 100.25,2025-12-29 00:00:00,0.036157,112.515625,100.25,C,0.258911235,0.990223093,0.004920684,0.004199999,-0.003239445,0.035313661,1000.0000,CBoT 10y Monday Call Options C 100.25 Dec-2025,VBYM C 100.25 12/29/2025,USD,0,-0.002084949,-0.000286572,0.00217431,-0.002051469,0.000835865,0.001056637,0.000105257,VY5W10025L25
2025-12-17 00:00:00,0.001,VBYM P 100.25 12/29/2025 P 100.25,2025-12-29 00:00:00,0.03607,112.421875,100.25,P,0.20309869,-0.0008726,0.000621327,0.00071753,-0.000425518,-3.25849E-05,1000.0000,CBoT 10y Monday Call Options P 100.25 Dec-2025,VBYM P 100.25 12/29/2025,USD,0,-0.000452435,-0.000170875,0.000382785,-0.000609888,0.000344846,0.000288679,9.49809E-05,VY5W10025X25
2025-12-16 00:00:00,0.001,VBYM P 100.25 12/29/2025 P 100.25,2025-12-29 00:00:00,0.036157,112.515625,100.25,P,0.196429602,-0.000866485,0.000644239,0.000707596,-0.000398863,-3.50852E-05,1000.0000,CBoT 10y Monday Call Options P 100.25 Dec-2025,VBYM P 100.25 12/29/2025,USD,0,-0.000465046,-0.000181881,0.000351256,-0.000597856,0.000352394,0.0003093,0.000105408,VY5W10025X25
2025-12-17 00:00:00,12.015625,VBYM C 100.5 12/29/2025 C 100.5,2025-12-29 00:00:00,0.03607,112.421875,100.5,C,0.352029993,0.96198332,0.016420031,0.01122508,-0.021810911,0.031605132,1000.0000,CBoT 10y Monday Call Options C 100.5 Dec-2025,VBYM C 100.5 12/29/2025,USD,0,-0.003945522,-0.000117275,0.005882324,-0.003144645,0.000746841,0.001438155,3.35215E-06,VY5W1005L25
2025-12-16 00:00:00,12.015625,VBYM C 100.5 12/29/2025 C 100.5,2025-12-29 00:00:00,0.036157,112.515625,100.5,C,0.253323326,0.990211141,0.004927544,0.004297946,-0.003173449,0.035402222,1000.0000,CBoT 10y Monday Call Options C 100.5 Dec-2025,VBYM C 100.5 12/29/2025,USD,0,-0.002134062,-0.000299837,0.002177351,-0.002145153,0.000874239,0.001081293,0.000110093,VY5W1005L25
2025-12-17 00:00:00,0.001,VBYM P 100.5 12/29/2025 P 100.5,2025-12-29 00:00:00,0.03607,112.421875,100.5,P,0.199019841,-0.00088943,0.000632862,0.000745209,-0.000424645,-3.32072E-05,1000.0000,CBoT 10y Monday Call Options P 100.5 Dec-2025,VBYM P 100.5 12/29/2025,USD,0,-0.000469148,-0.000180054,0.000388952,-0.000645236,0.000364117,0.000298805,9.98381E-05,VY5W1005X25
2025-12-16 00:00:00,0.001,VBYM P 100.5 12/29/2025 P 100.5,2025-12-29 00:00:00,0.036157,112.515625,100.5,P,0.192512734,-0.000883078,0.000656153,0.000734695,-0.000398031,-3.57504E-05,1000.0000,CBoT 10y Monday Call Options P 100.5 Dec-2025,VBYM P 100.5 12/29/2025,USD,0,-0.000482102,-0.000191583,0.000356877,-0.000632255,0.000371944,0.000320073,0.000110761,VY5W1005X25
2025-12-17 00:00:00,11.765625,VBYM C 100.75 12/29/2025 C 100.75,2025-12-29 00:00:00,0.03607,112.421875,100.75,C,0.345414935,0.961445724,0.016615497,0.011576328,-0.021682735,0.031667453,1000.0000,CBoT 10y Monday Call Options C 100.75 Dec-2025,VBYM C 100.75 12/29/2025,USD,0,-0.004056157,-0.00012046,0.00593275,-0.003292889,0.000777002,0.001472996,2.60006E-06,VY5W10075L25
2025-12-16 00:00:00,11.765625,VBYM C 100.75 12/29/2025 C 100.75,2025-12-29 00:00:00,0.036157,112.515625,100.75,C,0.247749372,0.990199199,0.004934452,0.004400059,-0.003107451,0.035490784,1000.0000,CBoT 10y Monday Call Options C 100.75 Dec-2025,VBYM C 100.75 12/29/2025,USD,0,-0.002185265,-0.000313985,0.002180389,-0.002245042,0.00091516,0.001106997,0.00011525,VY5W10075L25
2025-12-17 00:00:00,0.001,VBYM P 100.75 12/29/2025 P 100.75,2025-12-29 00:00:00,0.03607,112.421875,100.75,P,0.194945562,-0.000906918,0.000644852,0.000774521,-0.000423752,-3.38538E-05,1000.0000,CBoT 10y Monday Call Options P 100.75 Dec-2025,VBYM P 100.75 12/29/2025,USD,0,-0.000486812,-0.000189913,0.000395335,-0.000683375,0.000384861,0.000309487,0.00010504,VY5W10075X25
2025-12-16 00:00:00,0.001,VBYM P 100.75 12/29/2025 P 100.75,2025-12-29 00:00:00,0.036157,112.515625,100.75,P,0.188600305,-0.000900314,0.000668536,0.00076338,-0.000397182,-3.64415E-05,1000.0000,CBoT 10y Monday Call Options P 100.75 Dec-2025,VBYM P 100.75 12/29/2025,USD,0,-0.000500123,-0.000201997,0.000362693,-0.000669348,0.000392979,0.000331433,0.000116491,VY5W10075X25
2025-12-17 00:00:00,11.515625,VBYM C 101 12/29/2025 C 101,2025-12-29 00:00:00,0.03607,112.421875,101,C,0.338803509,0.960889049,0.016817127,0.011945553,-0.021552921,0.031729068,1000.0000,CBoT 10y Monday Call Options C 101 Dec-2025,VBYM C 101 12/29/2025,USD,0,-0.004171917,-0.000123729,0.005984373,-0.003451022,0.000808873,0.001509261,1.75613E-06,VY5W101L25
2025-12-16 00:00:00,11.515625,VBYM C 101 12/29/2025 C 101,2025-12-29 00:00:00,0.036157,112.515625,101,C,0.242189301,0.990187266,0.004941411,0.004506608,-0.003041451,0.035579346,1000.0000,CBoT 10y Monday Call Options C 101 Dec-2025,VBYM C 101 12/29/2025,USD,0,-0.002238693,-0.000329094,0.002183424,-0.002351687,0.000958854,0.001133817,0.000120756,VY5W101L25
2025-12-17 00:00:00,0.001,VBYM P 101 12/29/2025 P 101,2025-12-29 00:00:00,0.03607,112.421875,101,P,0.190875678,-0.000925103,0.000657328,0.000805598,-0.000422839,-3.45262E-05,1000.0000,CBoT 10y Monday Call Options P 101 Dec-2025,VBYM P 101 12/29/2025,USD,0,-0.000505505,-0.000200516,0.000401944,-0.000724588,0.000407226,0.000320767,0.000110619,VY5W101X25
2025-12-16 00:00:00,0.001,VBYM P 101 12/29/2025 P 101,2025-12-29 00:00:00,0.036157,112.515625,101,P,0.184692146,-0.000918232,0.000681418,0.000793778,-0.000396313,-3.71599E-05,1000.0000,CBoT 10y Monday Call Options P 101 Dec-2025,VBYM P 101 12/29/2025,USD,0,-0.000519183,-0.000213191,0.000368713,-0.000709407,0.000415644,0.000343424,0.000122633,VY5W101X25
2025-12-17 00:00:00,11.265625,VBYM C 101.25 12/29/2025 C 101.25,2025-12-29 00:00:00,0.03607,112.421875,101.25,C,0.332195251,0.96031219,0.017025248,0.012334072,-0.021421394,0.031789938,1000.0000,CBoT 10y Monday Call Options C 101.25 Dec-2025,VBYM C 101.25 12/29/2025,USD,0,-0.004293145,-0.000127079,0.006037243,-0.003619917,0.000842581,0.001547036,8.0977E-07,VY5W10125L25
2025-12-16 00:00:00,11.265625,VBYM C 101.25 12/29/2025 C 101.25,2025-12-29 00:00:00,0.036157,112.515625,101.25,C,0.23664304,0.990175344,0.004948427,0.004617888,-0.002975449,0.035667908,1000.0000,CBoT 10y Monday Call Options C 101.25 Dec-2025,VBYM C 101.25 12/29/2025,USD,0,-0.002294494,-0.000345253,0.002186457,-0.002465703,0.001005574,0.001161828,0.000126644,VY5W10125L25
2025-12-17 00:00:00,0.001,VBYM P 101.25 12/29/2025 P 101.25,2025-12-29 00:00:00,0.03607,112.421875,101.25,P,0.186810013,-0.00094403,0.00067032,0.000838587,-0.000421905,-3.52261E-05,1000.0000,CBoT 10y Monday Call Options P 101.25 Dec-2025,VBYM P 101.25 12/29/2025,USD,0,-0.000525309,-0.000211937,0.000408794,-0.000769194,0.000431376,0.000332693,0.000116611,VY5W10125X25
2025-12-16 00:00:00,0.001,VBYM P 101.25 12/29/2025 P 101.25,2025-12-29 00:00:00,0.036157,112.515625,101.25,P,0.180788094,-0.000936875,0.000694831,0.000826033,-0.000395424,-3.79074E-05,1000.0000,CBoT 10y Monday Call Options P 101.25 Dec-2025,VBYM P 101.25 12/29/2025,USD,0,-0.000539368,-0.000225242,0.000374951,-0.000752739,0.000440104,0.000356097,0.000129226,VY5W10125X25
2025-12-17 00:00:00,11.015625,VBYM C 101.5 12/29/2025 C 101.5,2025-12-29 00:00:00,0.03607,112.421875,101.5,C,0.325589675,0.959713949,0.017240213,0.01274333,-0.021288077,0.031850017,1000.0000,CBoT 10y Monday Call Options C 101.5 Dec-2025,VBYM C 101.5 12/29/2025,USD,0,-0.004420218,-0.000130509,0.006091413,-0.003800543,0.000878266,0.001586414,-2.5096E-07,VY5W1015L25
2025-12-16 00:00:00,11.015625,VBYM C 101.5 12/29/2025 C 101.5,2025-12-29 00:00:00,0.036157,112.515625,101.5,C,0.231110523,0.990163431,0.004955506,0.004734222,-0.002909445,0.035756471,1000.0000,CBoT 10y Monday Call Options C 101.5 Dec-2025,VBYM C 101.5 12/29/2025,USD,0,-0.002352831,-0.000362559,0.002189486,-0.002587775,0.0010556,0.001191111,0.000132948,VY5W1015L25
2025-12-17 00:00:00,0.001,VBYM P 101.5 12/29/2025 P 101.5,2025-12-29 00:00:00,0.03607,112.421875,101.5,P,0.182748379,-0.000963746,0.000683862,0.000873653,-0.000420948,-3.59551E-05,1000.0000,CBoT 10y Monday Call Options P 101.5 Dec-2025,VBYM P 101.5 12/29/2025,USD,0,-0.000546317,-0.000224257,0.000415898,-0.000817556,0.000457496,0.000345317,0.000123055,VY5W1015X25
2025-12-16 00:00:00,0.001,VBYM P 101.5 12/29/2025 P 101.5,2025-12-29 00:00:00,0.036157,112.515625,101.5,P,0.17688797,-0.000956289,0.00070881,0.0008603,-0.000394515,-3.86858E-05,1000.0000,CBoT 10y Monday Call Options P 101.5 Dec-2025,VBYM P 101.5 12/29/2025,USD,0,-0.00056077,-0.000238234,0.000381418,-0.000799688,0.000466542,0.000369504,0.000136313,VY5W1015X25
2025-12-17 00:00:00,10.765625,VBYM C 101.75 12/29/2025 C 101.75,2025-12-29 00:00:00,0.03607,112.421875,101.75,C,0.318986274,0.959093031,0.017462399,0.013174912,-0.021152885,0.031909258,1000.0000,CBoT 10y Monday Call Options C 101.75 Dec-2025,VBYM C 101.75 12/29/2025,USD,0,-0.004553544,-0.000134014,0.006146938,-0.003993981,0.00091608,0.001627493,-1.43959E-06,VY5W10175L25
2025-12-16 00:00:00,10.765625,VBYM C 101.75 12/29/2025 C 101.75,2025-12-29 00:00:00,0.036157,112.515625,101.75,C,0.225591678,0.990151528,0.004962655,0.004855963,-0.002843439,0.035845034,1000.0000,CBoT 10y Monday Call Options C 101.75 Dec-2025,VBYM C 101.75 12/29/2025,USD,0,-0.00241388,-0.000381121,0.002192512,-0.00271867,0.001109248,0.001221755,0.000139709,VY5W10175L25
2025-12-17 00:00:00,0.001,VBYM P 101.75 12/29/2025 P 101.75,2025-12-29 00:00:00,0.03607,112.421875,101.75,P,0.178690588,-0.000984304,0.000697994,0.000910975,-0.000419969,-3.67153E-05,1000.0000,CBoT 10y Monday Call Options P 101.75 Dec-2025,VBYM P 101.75 12/29/2025,USD,0,-0.00056863,-0.00023757,0.000423273,-0.000870081,0.000485794,0.000358696,0.000129997,VY5W10175X25
2025-12-16 00:00:00,0.001,VBYM P 101.75 12/29/2025 P 101.75,2025-12-29 00:00:00,0.036157,112.515625,101.75,P,0.172991592,-0.000976524,0.000723394,0.000896753,-0.000393584,-3.94971E-05,1000.0000,CBoT 10y Monday Call Options P 101.75 Dec-2025,VBYM P 101.75 12/29/2025,USD,0,-0.00058349,-0.000252264,0.00038813,-0.000850644,0.000495166,0.000383706,0.000143943,VY5W10175X25
2025-12-17 00:00:00,10.515625,VBYM C 102 12/29/2025 C 102,2025-12-29 00:00:00,0.03607,112.421875,102,C,0.312384512,0.958448035,0.017692214,0.013630565,-0.021015727,0.031967609,1000.0000,CBoT 10y Monday Call Options C 102 Dec-2025,VBYM C 102 12/29/2025,USD,0,-0.004693571,-0.000137588,0.006203878,-0.004201438,0.00095619,0.001670384,-2.77145E-06,VY5W102L25
2025-12-16 00:00:00,10.515625,VBYM C 102 12/29/2025 C 102,2025-12-29 00:00:00,0.036157,112.515625,102,C,0.220086437,0.990139635,0.00496988,0.004983494,-0.002777432,0.035933597,1000.0000,CBoT 10y Monday Call Options C 102 Dec-2025,VBYM C 102 12/29/2025,USD,0,-0.002477834,-0.000401061,0.002195536,-0.002859248,0.001166871,0.001253855,0.000146971,VY5W102L25
2025-12-17 00:00:00,0.001,VBYM P 102 12/29/2025 P 102,2025-12-29 00:00:00,0.03607,112.421875,102,P,0.174636437,-0.00100576,0.000712755,0.000950755,-0.000418964,-3.75088E-05,1000.0000,CBoT 10y Monday Call Options P 102 Dec-2025,VBYM P 102 12/29/2025,USD,0,-0.000592362,-0.000251979,0.000430934,-0.000927234,0.000516506,0.000372893,0.000137488,VY5W102X25
2025-12-16 00:00:00,0.001,VBYM P 102 12/29/2025 P 102,2025-12-29 00:00:00,0.036157,112.515625,102,P,0.169098775,-0.000997636,0.000738626,0.000935586,-0.00039263,-4.03437E-05,1000.0000,CBoT 10y Monday Call Options P 102 Dec-2025,VBYM P 102 12/29/2025,USD,0,-0.000607643,-0.000267439,0.0003951,-0.00090605,0.000526211,0.000398771,0.000152171,VY5W102X25
2025-12-17 00:00:00,10.265625,VBYM C 102.25 12/29/2025 C 102.25,2025-12-29 00:00:00,0.03607,112.421875,102.25,C,0.305783832,0.957777433,0.017930099,0.014112215,-0.020876506,0.032025013,1000.0000,CBoT 10y Monday Call Options C 102.25 Dec-2025,VBYM C 102.25 12/29/2025,USD,0,-0.004840789,-0.000141224,0.006262295,-0.004424264,0.00099878,0.001715204,-4.26396E-06,VY5W10225L25
2025-12-16 00:00:00,10.265625,VBYM C 102.25 12/29/2025 C 102.25,2025-12-29 00:00:00,0.036157,112.515625,102.25,C,0.214594732,0.990127751,0.004977191,0.00511724,-0.002711423,0.036022161,1000.0000,CBoT 10y Monday Call Options C 102.25 Dec-2025,VBYM C 102.25 12/29/2025,USD,0,-0.002544906,-0.000422519,0.002198557,-0.003010474,0.001228867,0.00128752,0.000154783,VY5W10225L25
2025-12-17 00:00:00,0.001,VBYM P 102.25 12/29/2025 P 102.25,2025-12-29 00:00:00,0.03607,112.421875,102.25,P,0.170585722,-0.001028176,0.000728192,0.000993218,-0.000417935,-3.83377E-05,1000.0000,CBoT 10y Monday Call Options P 102.25 Dec-2025,VBYM P 102.25 12/29/2025,USD,0,-0.000617639,-0.000267604,0.0004389,-0.000989542,0.000549901,0.00038798,0.000145584,VY5W10225X25
2025-12-16 00:00:00,0.001,VBYM P 102.25 12/29/2025 P 102.25,2025-12-29 00:00:00,0.036157,112.515625,102.25,P,0.165209319,-0.001019684,0.000754551,0.000977015,-0.000391652,-4.12278E-05,1000.0000,CBoT 10y Monday Call Options P 102.25 Dec-2025,VBYM P 102.25 12/29/2025,USD,0,-0.000633354,-0.000283884,0.000402345,-0.000966411,0.000559944,0.00041477,0.000161057,VY5W10225X25
2025-12-17 00:00:00,10.015625,VBYM C 102.5 12/29/2025 C 102.5,2025-12-29 00:00:00,0.03607,112.421875,102.5,C,0.299183646,0.957079565,0.018176529,0.014621992,-0.020735119,0.03208141,1000.0000,CBoT 10y Monday Call Options C 102.5 Dec-2025,VBYM C 102.5 12/29/2025,USD,0,-0.004995735,-0.000144912,0.006322256,-0.004663971,0.00104405,0.001762081,-5.93695E-06,VY5W1025L25
2025-12-16 00:00:00,10.015625,VBYM C 102.5 12/29/2025 C 102.5,2025-12-29 00:00:00,0.036157,112.515625,102.5,C,0.209116495,0.990115878,0.004984596,0.005257666,-0.002645412,0.036110724,1000.0000,CBoT 10y Monday Call Options C 102.5 Dec-2025,VBYM C 102.5 12/29/2025,USD,0,-0.002615328,-0.000445649,0.002201574,-0.003173439,0.001295682,0.001322866,0.000163203,VY5W1025L25
2025-12-17 00:00:00,0.001,VBYM P 102.5 12/29/2025 P 102.5,2025-12-29 00:00:00,0.03607,112.421875,102.5,P,0.166538224,-0.00105162,0.000744355,0.001038615,-0.000416878,-3.92047E-05,1000.0000,CBoT 10y Monday Call Options P 102.5 Dec-2025,VBYM P 102.5 12/29/2025,USD,0,-0.000644603,-0.000284577,0.000447192,-0.001057609,0.000586284,0.000404035,0.000154349,VY5W1025X25
2025-12-16 00:00:00,0.001,VBYM P 102.5 12/29/2025 P 102.5,2025-12-29 00:00:00,0.036157,112.515625,102.5,P,0.161323024,-0.001042734,0.000771221,0.001021281,-0.000390649,-4.21521E-05,1000.0000,CBoT 10y Monday Call Options P 102.5 Dec-2025,VBYM P 102.5 12/29/2025,USD,0,-0.000660765,-0.000301735,0.000409884,-0.001032298,0.000596668,0.000431787,0.000170673,VY5W1025X25
2025-12-17 00:00:00,9.765625,VBYM C 102.75 12/29/2025 C 102.75,2025-12-29 00:00:00,0.03607,112.421875,102.75,C,0.292583337,0.956352619,0.018432022,0.015162256,-0.020591453,0.032136731,1000.0000,CBoT 10y Monday Call Options C 102.75 Dec-2025,VBYM C 102.75 12/29/2025,USD,0,-0.005159,-0.000148639,0.006383832,-0.004922264,0.001092223,0.001811155,-7.81307E-06,VY5W10275L25
2025-12-16 00:00:00,9.765625,VBYM C 102.75 12/29/2025 C 102.75,2025-12-29 00:00:00,0.036157,112.515625,102.75,C,0.203651659,0.990104014,0.004992107,0.005405286,-0.0025794,0.036199288,1000.0000,CBoT 10y Monday Call Options C 102.75 Dec-2025,VBYM C 102.75 12/29/2025,USD,0,-0.002689359,-0.000470627,0.002204589,-0.003349372,0.001367822,0.001360022,0.000172295,VY5W10275L25
2025-12-17 00:00:00,0.001,VBYM P 102.75 12/29/2025 P 102.75,2025-12-29 00:00:00,0.03607,112.421875,102.75,P,0.162493721,-0.001076168,0.000761298,0.001087228,-0.000415793,-4.01125E-05,1000.0000,CBoT 10y Monday Call Options P 102.75 Dec-2025,VBYM P 102.75 12/29/2025,USD,0,-0.00067341,-0.000303051,0.000455831,-0.001132126,0.000626003,0.000421145,0.000163857,VY5W10275X25
2025-12-16 00:00:00,0.001,VBYM P 102.75 12/29/2025 P 102.75,2025-12-29 00:00:00,0.036157,112.515625,102.75,P,0.157439676,-0.001066858,0.000788693,0.001068653,-0.000389619,-4.31195E-05,1000.0000,CBoT 10y Monday Call Options P 102.75 Dec-2025,VBYM P 102.75 12/29/2025,USD,0,-0.000690032,-0.00032115,0.000417735,-0.001104371,0.000636728,0.000449912,0.000181095,VY5W10275X25
2025-12-17 00:00:00,9.515625,VBYM C 103 12/29/2025 C 103,2025-12-29 00:00:00,0.03607,112.421875,103,C,0.285982252,0.955594615,0.018697138,0.015735631,-0.020445388,0.032190905,1000.0000,CBoT 10y Monday Call Options C 103 Dec-2025,VBYM C 103 12/29/2025,USD,0,-0.005331237,-0.00015239,0.006447097,-0.005201061,0.001143543,0.001862577,-9.91823E-06,VY5W103L25
2025-12-16 00:00:00,9.515625,VBYM C 103 12/29/2025 C 103,2025-12-29 00:00:00,0.036157,112.515625,103,C,0.198200158,0.990092159,0.004999734,0.005560665,-0.002513386,0.036287853,1000.0000,CBoT 10y Monday Call Options C 103 Dec-2025,VBYM C 103 12/29/2025,USD,0,-0.002767283,-0.000497653,0.002207602,-0.003539672,0.001445862,0.00139913,0.000182129,VY5W103L25
2025-12-17 00:00:00,0.001,VBYM P 103 12/29/2025 P 103,2025-12-29 00:00:00,0.03607,112.421875,103,P,0.158451975,-0.001101902,0.000779083,0.001139375,-0.000414679,-4.10642E-05,1000.0000,CBoT 10y Monday Call Options P 103 Dec-2025,VBYM P 103 12/29/2025,USD,0,-0.000704237,-0.000323202,0.00046484,-0.001213886,0.000669458,0.00043941,0.000174191,VY5W103X25
2025-12-16 00:00:00,0.001,VBYM P 103 12/29/2025 P 103,2025-12-29 00:00:00,0.036157,112.515625,103,P,0.153559051,-0.001092136,0.000807028,0.001119435,-0.000388562,-4.41332E-05,1000.0000,CBoT 10y Monday Call Options P 103 Dec-2025,VBYM P 103 12/29/2025,USD,0,-0.000721333,-0.000342311,0.000425919,-0.001183381,0.00068052,0.000469249,0.000192414,VY5W103X25
2025-12-17 00:00:00,9.265625,VBYM C 103.25 12/29/2025 C 103.25,2025-12-29 00:00:00,0.03607,112.421875,103.25,C,0.279379705,0.954803381,0.018972486,0.016345038,-0.020296794,0.03224385,1000.0000,CBoT 10y Monday Call Options C 103.25 Dec-2025,VBYM C 103.25 12/29/2025,USD,0,-0.005513164,-0.000156143,0.006512131,-0.005502536,0.00119828,0.001916515,-1.22822E-05,VY5W10325L25
2025-12-16 00:00:00,9.265625,VBYM C 103.25 12/29/2025 C 103.25,2025-12-29 00:00:00,0.036157,112.515625,103.25,C,0.192761924,0.990080314,0.005007493,0.005724432,-0.00244737,0.036376417,1000.0000,CBoT 10y Monday Call Options C 103.25 Dec-2025,VBYM C 103.25 12/29/2025,USD,0,-0.002849415,-0.000526953,0.002210611,-0.003745925,0.001530455,0.00144035,0.00019279,VY5W10325L25
2025-12-17 00:00:00,0.001,VBYM P 103.25 12/29/2025 P 103.25,2025-12-29 00:00:00,0.03607,112.421875,103.25,P,0.154412741,-0.001128911,0.000797777,0.001195414,-0.000413533,-4.20631E-05,1000.0000,CBoT 10y Monday Call Options P 103.25 Dec-2025,VBYM P 103.25 12/29/2025,USD,0,-0.000737284,-0.000345228,0.000474247,-0.001303805,0.000717108,0.000458939,0.000185446,VY5W10325X25
2025-12-16 00:00:00,0.001,VBYM P 103.25 12/29/2025 P 103.25,2025-12-29 00:00:00,0.036157,112.515625,103.25,P,0.149680917,-0.001118655,0.000826295,0.001173969,-0.000387475,-4.51967E-05,1000.0000,CBoT 10y Monday Call Options P 103.25 Dec-2025,VBYM P 103.25 12/29/2025,USD,0,-0.000754864,-0.000365421,0.000434461,-0.001270198,0.000728498,0.00048991,0.000204732,VY5W10325X25
2025-12-17 00:00:00,9.015625,VBYM C 103.5 12/29/2025 C 103.5,2025-12-29 00:00:00,0.03607,112.421875,103.5,C,0.272774966,0.953976536,0.019258731,0.01699374,-0.02014553,0.032295479,1000.0000,CBoT 10y Monday Call Options C 103.5 Dec-2025,VBYM C 103.5 12/29/2025,USD,0,-0.005705579,-0.000159872,0.00657902,-0.00582915,0.001256732,0.001973149,-1.49391E-05,VY5W1035L25
2025-12-16 00:00:00,9.015625,VBYM C 103.5 12/29/2025 C 103.5,2025-12-29 00:00:00,0.036157,112.515625,103.5,C,0.187336894,0.990068478,0.005015397,0.005897285,-0.002381353,0.036464982,1000.0000,CBoT 10y Monday Call Options C 103.5 Dec-2025,VBYM C 103.5 12/29/2025,USD,0,-0.002936104,-0.000558786,0.002213617,-0.003969946,0.001622344,0.001483856,0.00020437,VY5W1035L25
2025-12-17 00:00:00,0.001,VBYM P 103.5 12/29/2025 P 103.5,2025-12-29 00:00:00,0.03607,112.421875,103.5,P,0.150375758,-0.001157297,0.000817455,0.001255749,-0.000412353,-4.3113E-05,1000.0000,CBoT 10y Monday Call Options P 103.5 Dec-2025,VBYM P 103.5 12/29/2025,USD,0,-0.000772774,-0.000369359,0.000484079,-0.001402944,0.000769483,0.000479856,0.000197729,VY5W1035X25
2025-12-16 00:00:00,0.001,VBYM P 103.5 12/29/2025 P 103.5,2025-12-29 00:00:00,0.036157,112.515625,103.5,P,0.145805031,-0.001146512,0.000846572,0.001232642,-0.000386357,-4.63139E-05,1000.0000,CBoT 10y Monday Call Options P 103.5 Dec-2025,VBYM P 103.5 12/29/2025,USD,0,-0.00079085,-0.000390718,0.000443386,-0.001365826,0.000781185,0.000512026,0.000218165,VY5W1035X25
2025-12-17 00:00:00,8.765625,VBYM C 103.75 12/29/2025 C 103.75,2025-12-29 00:00:00,0.03607,112.421875,103.75,C,0.266167263,0.953111457,0.019556599,0.017685391,-0.019991444,0.032345694,1000.0000,CBoT 10y Monday Call Options C 103.75 Dec-2025,VBYM C 103.75 12/29/2025,USD,0,-0.005909366,-0.000163546,0.006647854,-0.006183707,0.001319232,0.002032681,-1.79284E-05,VY5W10375L25
2025-12-16 00:00:00,8.765625,VBYM C 103.75 12/29/2025 C 103.75,2025-12-29 00:00:00,0.036157,112.515625,103.75,C,0.181924999,0.990056652,0.005023466,0.006080001,-0.002315335,0.036553547,1000.0000,CBoT 10y Monday Call Options C 103.75 Dec-2025,VBYM C 103.75 12/29/2025,USD,0,-0.003027742,-0.000593449,0.002216621,-0.004213811,0.001722385,0.001529844,0.000216977,VY5W10375L25
2025-12-17 00:00:00,0.001,VBYM P 103.75 12/29/2025 P 103.75,2025-12-29 00:00:00,0.03607,112.421875,103.75,P,0.146340756,-0.001187172,0.000838203,0.001320841,-0.000411139,-4.42179E-05,1000.0000,CBoT 10y Monday Call Options P 103.75 Dec-2025,VBYM P 103.75 12/29/2025,USD,0,-0.000810963,-0.00039586,0.00049437,-0.001512535,0.000827196,0.000502301,0.000211166,VY5W10375X25
2025-12-16 00:00:00,0.001,VBYM P 103.75 12/29/2025 P 103.75,2025-12-29 00:00:00,0.036157,112.515625,103.75,P,0.141931137,-0.001175814,0.000867945,0.001295892,-0.000385207,-4.74891E-05,1000.0000,CBoT 10y Monday Call Options P 103.75 Dec-2025,VBYM P 103.75 12/29/2025,USD,0,-0.000829543,-0.000418475,0.000452722,-0.00147143,0.000839187,0.00053574,0.000232847,VY5W10375X25
2025-12-17 00:00:00,8.515625,VBYM C 104 12/29/2025 C 104,2025-12-29 00:00:00,0.03607,112.421875,104,C,0.259555776,0.952205247,0.019866886,0.018424098,-0.019834371,0.032394389,1000.0000,CBoT 10y Monday Call Options C 104 Dec-2025,VBYM C 104 12/29/2025,USD,0,-0.006125509,-0.000167124,0.006718729,-0.006569408,0.001386144,0.00209533,-2.12959E-05,VY5W104L25
2025-12-16 00:00:00,8.515625,VBYM C 104 12/29/2025 C 104,2025-12-29 00:00:00,0.036157,112.515625,104,C,0.176526177,0.990044835,0.005031719,0.006273449,-0.002249315,0.036642112,1000.0000,CBoT 10y Monday Call Options C 104 Dec-2025,VBYM C 104 12/29/2025,USD,0,-0.003124763,-0.000631284,0.002219622,-0.00447991,0.001831559,0.001578533,0.000230735,VY5W104L25
2025-12-17 00:00:00,0.001,VBYM P 104 12/29/2025 P 104,2025-12-29 00:00:00,0.03607,112.421875,104,P,0.142307446,-0.001218658,0.000860114,0.001391214,-0.000409887,-4.53825E-05,1000.0000,CBoT 10y Monday Call Options P 104 Dec-2025,VBYM P 104 12/29/2025,USD,0,-0.000852138,-0.000425037,0.000505153,-0.001634016,0.000890962,0.000526433,0.000225901,VY5W104X25
2025-12-16 00:00:00,0.001,VBYM P 104 12/29/2025 P 104,2025-12-29 00:00:00,0.036157,112.515625,104,P,0.138058963,-0.001206679,0.000890508,0.001364218,-0.000384021,-4.8727E-05,1000.0000,CBoT 10y Monday Call Options P 104 Dec-2025,VBYM P 104 12/29/2025,USD,0,-0.00087123,-0.000449004,0.0004625,-0.001588368,0.000903206,0.000561218,0.000248932,VY5W104X25
2025-12-17 00:00:00,8.265625,VBYM C 104.25 12/29/2025 C 104.25,2025-12-29 00:00:00,0.03607,112.421875,104.25,C,0.252939631,0.951254704,0.020190464,0.01921449,-0.01967413,0.032441445,1000.0000,CBoT 10y Monday Call Options C 104.25 Dec-2025,VBYM C 104.25 12/29/2025,USD,0,-0.006355107,-0.000170556,0.006791748,-0.00698992,0.001457877,0.002161337,-2.50945E-05,VY5W10425L25
2025-12-16 00:00:00,8.265625,VBYM C 104.25 12/29/2025 C 104.25,2025-12-29 00:00:00,0.036157,112.515625,104.25,C,0.171140363,0.990033028,0.005040181,0.006478603,-0.002183294,0.036730678,1000.0000,CBoT 10y Monday Call Options C 104.25 Dec-2025,VBYM C 104.25 12/29/2025,USD,0,-0.003227656,-0.000672683,0.00222262,-0.004770998,0.001950999,0.001630168,0.000245787,VY5W10425L25
2025-12-17 00:00:00,0.001,VBYM P 104.25 12/29/2025 P 104.25,2025-12-29 00:00:00,0.03607,112.421875,104.25,P,0.138275526,-0.001251895,0.000883293,0.001467467,-0.000408596,-4.66119E-05,1000.0000,CBoT 10y Monday Call Options P 104.25 Dec-2025,VBYM P 104.25 12/29/2025,USD,0,-0.000896629,-0.000457248,0.000516467,-0.001769073,0.000961613,0.000552432,0.0002421,VY5W10425X25
2025-12-16 00:00:00,0.001,VBYM P 104.25 12/29/2025 P 104.25,2025-12-29 00:00:00,0.036157,112.515625,104.25,P,0.134188225,-0.001239242,0.000914371,0.00143819,-0.000382799,-5.00331E-05,1000.0000,CBoT 10y Monday Call Options P 104.25 Dec-2025,VBYM P 104.25 12/29/2025,USD,0,-0.000916237,-0.000482673,0.000472755,-0.001718227,0.000974062,0.000588645,0.000266598,VY5W10425X25
2025-12-17 00:00:00,8.015625,VBYM C 104.5 12/29/2025 C 104.5,2025-12-29 00:00:00,0.03607,112.421875,104.5,C,0.246317895,0.950256271,0.020528292,0.0200618,-0.019510525,0.032486731,1000.0000,CBoT 10y Monday Call Options C 104.5 Dec-2025,VBYM C 104.5 12/29/2025,USD,0,-0.006599389,-0.00017378,0.006867021,-0.007449459,0.001534884,0.002230972,-2.93862E-05,VY5W1045L25
2025-12-16 00:00:00,8.015625,VBYM C 104.5 12/29/2025 C 104.5,2025-12-29 00:00:00,0.036157,112.515625,104.5,C,0.165767493,0.990021229,0.005048878,0.006696558,-0.002117272,0.036819243,1000.0000,CBoT 10y Monday Call Options C 104.5 Dec-2025,VBYM C 104.5 12/29/2025,USD,0,-0.003336971,-0.000718104,0.002225616,-0.005090273,0.002082019,0.001685024,0.000262298,VY5W1045L25
2025-12-17 00:00:00,0.001,VBYM P 104.5 12/29/2025 P 104.5,2025-12-29 00:00:00,0.03607,112.421875,104.5,P,0.134244675,-0.001287037,0.000907861,0.00155029,-0.000407263,-4.79119E-05,1000.0000,CBoT 10y Monday Call Options P 104.5 Dec-2025,VBYM P 104.5 12/29/2025,USD,0,-0.000944814,-0.000492909,0.000528357,-0.001919692,0.001040128,0.000580504,0.000259956,VY5W1045X25
2025-12-16 00:00:00,0.001,VBYM P 104.5 12/29/2025 P 104.5,2025-12-29 00:00:00,0.036157,112.515625,104.5,P,0.130318623,-0.00127365,0.000939654,0.001518462,-0.000381538,-5.14133E-05,1000.0000,CBoT 10y Monday Call Options P 104.5 Dec-2025,VBYM P 104.5 12/29/2025,USD,0,-0.000964938,-0.000519908,0.000483525,-0.001862877,0.001052713,0.000618235,0.000286051,VY5W1045X25
2025-12-17 00:00:00,7.765625,VBYM C 104.75 12/29/2025 C 104.75,2025-12-29 00:00:00,0.03607,112.421875,104.75,C,0.239689572,0.94920599,0.02088143,0.020971966,-0.019343342,0.0325301,1000.0000,CBoT 10y Monday Call Options C 104.75 Dec-2025,VBYM C 104.75 12/29/2025,USD,0,-0.006859736,-0.000176716,0.006944665,-0.007952894,0.00161767,0.002304528,-3.42431E-05,VY5W10475L25
2025-12-16 00:00:00,7.765625,VBYM C 104.75 12/29/2025 C 104.75,2025-12-29 00:00:00,0.036157,112.515625,104.75,C,0.160407505,0.99000944,0.005057843,0.00692855,-0.002051248,0.036907808,1000.0000,CBoT 10y Monday Call Options C 104.75 Dec-2025,VBYM C 104.75 12/29/2025,USD,0,-0.003453328,-0.000768078,0.002228608,-0.005441456,0.002226149,0.001743413,0.000280462,VY5W10475L25
2025-12-17 00:00:00,0.001,VBYM P 104.75 12/29/2025 P 104.75,2025-12-29 00:00:00,0.03607,112.421875,104.75,P,0.130214553,-0.001324259,0.000933952,0.001640477,-0.000405886,-4.92888E-05,1000.0000,CBoT 10y Monday Call Options P 104.75 Dec-2025,VBYM P 104.75 12/29/2025,USD,0,-0.000997126,-0.00053251,0.00054087,-0.00208822,0.001127658,0.000610884,0.000279695,VY5W10475X25
2025-12-16 00:00:00,0.001,VBYM P 104.75 12/29/2025 P 104.75,2025-12-29 00:00:00,0.036157,112.515625,104.75,P,0.126449837,-0.001310069,0.000966494,0.001605786,-0.000380236,-5.28742E-05,1000.0000,CBoT 10y Monday Call Options P 104.75 Dec-2025,VBYM P 104.75 12/29/2025,USD,0,-0.001017761,-0.000561209,0.000494854,-0.002024523,0.00114029,0.000650229,0.000307532,VY5W10475X25
2025-12-17 00:00:00,7.515625,VBYM C 105 12/29/2025 C 105,2025-12-29 00:00:00,0.03607,112.421875,105,C,0.23305359,0.94809944,0.021251049,0.021951755,-0.019172345,0.032571389,1000.0000,CBoT 10y Monday Call Options C 105 Dec-2025,VBYM C 105 12/29/2025,USD,0,-0.007137701,-0.000179269,0.007024805,-0.008505869,0.001706797,0.002382336,-3.97501E-05,VY5W105L25
2025-12-16 00:00:00,7.515625,VBYM C 105 12/29/2025 C 105,2025-12-29 00:00:00,0.036157,112.515625,105,C,0.155060333,0.989997659,0.005067112,0.00717598,-0.001985223,0.036996374,1000.0000,CBoT 10y Monday Call Options C 105 Dec-2025,VBYM C 105 12/29/2025,USD,0,-0.003577429,-0.000823229,0.002231598,-0.005828903,0.002385179,0.001805686,0.000300503,VY5W105L25
2025-12-17 00:00:00,0.001,VBYM P 105 12/29/2025 P 105,2025-12-29 00:00:00,0.03607,112.421875,105,P,0.126184798,-0.001363758,0.00096172,0.001738947,-0.00040446,-5.075E-05,1000.0000,CBoT 10y Monday Call Options P 105 Dec-2025,VBYM P 105 12/29/2025,USD,0,-0.001054065,-0.000576628,0.000554061,-0.002277454,0.001225569,0.000643845,0.000301582,VY5W105X25
2025-12-16 00:00:00,0.001,VBYM P 105 12/29/2025 P 105,2025-12-29 00:00:00,0.036157,112.515625,105,P,0.122581527,-0.001348688,0.000995049,0.001701032,-0.000378889,-5.44235E-05,1000.0000,CBoT 10y Monday Call Options P 105 Dec-2025,VBYM P 105 12/29/2025,USD,0,-0.0010752,-0.000607164,0.000506788,-0.002205784,0.001238127,0.000684908,0.000331324,VY5W105X25
2025-12-17 00:00:00,7.265625,VBYM C 105.25 12/29/2025 C 105.25,2025-12-29 00:00:00,0.03607,112.421875,105.25,C,0.2264088,0.946931664,0.021638451,0.023008903,-0.018997274,0.032610415,1000.0000,CBoT 10y Monday Call Options C 105.25 Dec-2025,VBYM C 105.25 12/29/2025,USD,0,-0.007435042,-0.000181318,0.007107573,-0.009114956,0.001802895,0.002464762,-4.60074E-05,VY5W10525L25
2025-12-16 00:00:00,7.265625,VBYM C 105.25 12/29/2025 C 105.25,2025-12-29 00:00:00,0.036157,112.515625,105.25,C,0.149725917,0.989985888,0.00507673,0.007440442,-0.001919197,0.037084939,1000.0000,CBoT 10y Monday Call Options C 105.25 Dec-2025,VBYM C 105.25 12/29/2025,USD,0,-0.003710075,-0.000884287,0.002234585,-0.006257733,0.002561215,0.001872246,0.000322687,VY5W10525L25
2025-12-17 00:00:00,0.001,VBYM P 105.25 12/29/2025 P 105.25,2025-12-29 00:00:00,0.03607,112.421875,105.25,P,0.122155024,-0.001405754,0.000991341,0.001846771,-0.000402983,-5.23037E-05,1000.0000,CBoT 10y Monday Call Options P 105.25 Dec-2025,VBYM P 105.25 12/29/2025,USD,0,-0.001116211,-0.000625946,0.00056799,-0.002490737,0.001335488,0.000679699,0.00032593,VY5W10525X25
2025-12-16 00:00:00,0.001,VBYM P 105.25 12/29/2025 P 105.25,2025-12-29 00:00:00,0.036157,112.515625,105.25,P,0.118713331,-0.001389719,0.001025494,0.001805211,-0.000377495,-5.60696E-05,1000.0000,CBoT 10y Monday Call Options P 105.25 Dec-2025,VBYM P 105.25 12/29/2025,USD,0,-0.001137826,-0.000658468,0.000519382,-0.002409786,0.001347811,0.000722593,0.000357757,VY5W10525X25
2025-12-17 00:00:00,7.015625,VBYM C 105.5 12/29/2025 C 105.5,2025-12-29 00:00:00,0.03607,112.421875,105.5,C,0.21975396,0.94569709,0.022045082,0.024152301,-0.018817845,0.032646972,1000.0000,CBoT 10y Monday Call Options C 105.5 Dec-2025,VBYM C 105.5 12/29/2025,USD,0,-0.007753753,-0.00018271,0.007193113,-0.009787844,0.001906666,0.002552212,-5.31332E-05,VY5W1055L25
2025-12-16 00:00:00,7.015625,VBYM C 105.5 12/29/2025 C 105.5,2025-12-29 00:00:00,0.036157,112.515625,105.5,C,0.144404197,0.989974124,0.005086748,0.007723758,-0.00185317,0.037173505,1000.0000,CBoT 10y Monday Call Options C 105.5 Dec-2025,VBYM C 105.5 12/29/2025,USD,0,-0.003852177,-0.000952119,0.002237569,-0.006734001,0.002756746,0.00194355,0.000347328,VY5W1055L25
2025-12-17 00:00:00,0.001,VBYM P 105.5 12/29/2025 P 105.5,2025-12-29 00:00:00,0.03607,112.421875,105.5,P,0.118124819,-0.001450502,0.001023016,0.001965202,-0.000401452,-5.39593E-05,1000.0000,CBoT 10y Monday Call Options P 105.5 Dec-2025,VBYM P 105.5 12/29/2025,USD,0,-0.001184242,-0.00068128,0.000582725,-0.002732092,0.001459363,0.00071881,0.000353108,VY5W1055X25
2025-12-16 00:00:00,0.001,VBYM P 105.5 12/29/2025 P 105.5,2025-12-29 00:00:00,0.036157,112.515625,105.5,P,0.114844865,-0.001433402,0.001058036,0.001919504,-0.00037605,-5.78222E-05,1000.0000,CBoT 10y Monday Call Options P 105.5 Dec-2025,VBYM P 105.5 12/29/2025,USD,0,-0.001206304,-0.000715949,0.000532696,-0.002640284,0.001471239,0.000763657,0.000387224,VY5W1055X25
2025-12-17 00:00:00,6.765625,VBYM C 105.75 12/29/2025 C 105.75,2025-12-29 00:00:00,0.03607,112.421875,105.75,C,0.213087728,0.944389423,0.02247256,0.025392201,-0.01863374,0.032680826,1000.0000,CBoT 10y Monday Call Options C 105.75 Dec-2025,VBYM C 105.75 12/29/2025,USD,0,-0.008096102,-0.000183256,0.007281577,-0.010533572,0.002018895,0.002645144,-6.12685E-05,VY5W10575L25
2025-12-16 00:00:00,6.765625,VBYM C 105.75 12/29/2025 C 105.75,2025-12-29 00:00:00,0.036157,112.515625,105.75,C,0.139095107,0.98996237,0.005097227,0.008028015,-0.001787142,0.03726207,1000.0000,CBoT 10y Monday Call Options C 105.75 Dec-2025,VBYM C 105.75 12/29/2025,USD,0,-0.004004786,-0.001027754,0.002240551,-0.007264905,0.002974731,0.002020125,0.000374799,VY5W10575L25
2025-12-17 00:00:00,0.001,VBYM P 105.75 12/29/2025 P 105.75,2025-12-29 00:00:00,0.03607,112.421875,105.75,P,0.114093738,-0.001498289,0.001056977,0.002095713,-0.000399862,-5.57274E-05,1000.0000,CBoT 10y Monday Call Options P 105.75 Dec-2025,VBYM P 105.75 12/29/2025,USD,0,-0.00125895,-0.000743608,0.000598345,-0.00300639,0.001599542,0.000761602,0.000383559,VY5W10575X25
2025-12-16 00:00:00,0.001,VBYM P 105.75 12/29/2025 P 105.75,2025-12-29 00:00:00,0.036157,112.515625,105.75,P,0.110975713,-0.001480012,0.001092908,0.002045294,-0.00037455,-5.96924E-05,1000.0000,CBoT 10y Monday Call Options P 105.75 Dec-2025,VBYM P 105.75 12/29/2025,USD,0,-0.001281411,-0.000780599,0.000546798,-0.002901811,0.00161069,0.000808534,0.000420192,VY5W10575X25
2025-12-17 00:00:00,6.515625,VBYM C 106 12/29/2025 C 106,2025-12-29 00:00:00,0.03607,112.421875,106,C,0.206408648,0.943001524,0.022922696,0.026740495,-0.01844461,0.032711714,1000.0000,CBoT 10y Monday Call Options C 106 Dec-2025,VBYM C 106 12/29/2025,USD,0,-0.008464686,-0.000182719,0.007373124,-0.011362825,0.00214046,0.00274407,-7.05815E-05,VY5W106L25
2025-12-16 00:00:00,6.515625,VBYM C 106 12/29/2025 C 106,2025-12-29 00:00:00,0.036157,112.515625,106,C,0.133798588,0.989950624,0.005108242,0.008355626,-0.001721113,0.037350635,1000.0000,CBoT 10y Monday Call Options C 106 Dec-2025,VBYM C 106 12/29/2025,USD,0,-0.004169109,-0.001112423,0.00224353,-0.007859057,0.003218713,0.002102576,0.000405546,VY5W106L25
2025-12-17 00:00:00,0.001,VBYM P 106 12/29/2025 P 106,2025-12-29 00:00:00,0.03607,112.421875,106,P,0.110061306,-0.001549447,0.001093494,0.002240046,-0.000398208,-5.76205E-05,1000.0000,CBoT 10y Monday Call Options P 106 Dec-2025,VBYM P 106 12/29/2025,USD,0,-0.001341268,-0.000814109,0.000614937,-0.003319573,0.001758874,0.000808575,0.000417811,VY5W106X25
2025-12-16 00:00:00,0.001,VBYM P 106 12/29/2025 P 106,2025-12-29 00:00:00,0.036157,112.515625,106,P,0.107105431,-0.001529863,0.001130382,0.002184218,-0.000372992,-6.16928E-05,1000.0000,CBoT 10y Monday Call Options P 106 Dec-2025,VBYM P 106 12/29/2025,USD,0,-0.001364063,-0.000853608,0.000561766,-0.003199883,0.001768927,0.000857734,0.00045722,VY5W106X25
2025-12-17 00:00:00,6.265625,VBYM C 106.25 12/29/2025 C 106.25,2025-12-29 00:00:00,0.03607,112.421875,106.25,C,0.199715132,0.941525264,0.023397532,0.02821104,-0.018250063,0.032739336,1000.0000,CBoT 10y Monday Call Options C 106.25 Dec-2025,VBYM C 106.25 12/29/2025,USD,0,-0.008862486,-0.000180795,0.007467929,-0.012288305,0.002272339,0.002849568,-8.12746E-05,VY5W10625L25
2025-12-16 00:00:00,6.265625,VBYM C 106.25 12/29/2025 C 106.25,2025-12-29 00:00:00,0.036157,112.515625,106.25,C,0.128514581,0.989938886,0.005119879,0.008709386,-0.001655083,0.0374392,1000.0000,CBoT 10y Monday Call Options C 106.25 Dec-2025,VBYM C 106.25 12/29/2025,USD,0,-0.00434655,-0.00120761,0.002246506,-0.00852683,0.003492955,0.002191608,0.000440107,VY5W10625L25
2025-12-17 00:00:00,0.001,VBYM P 106.25 12/29/2025 P 106.25,2025-12-29 00:00:00,0.03607,112.421875,106.25,P,0.106027008,-0.001604357,0.001132881,0.002400275,-0.000396486,-5.96525E-05,1000.0000,CBoT 10y Monday Call Options P 106.25 Dec-2025,VBYM P 106.25 12/29/2025,USD,0,-0.001432303,-0.000894219,0.000632603,-0.003678934,0.001940841,0.000860316,0.000456503,VY5W10625X25
2025-12-16 00:00:00,0.001,VBYM P 106.25 12/29/2025 P 106.25,2025-12-29 00:00:00,0.036157,112.515625,106.25,P,0.103233537,-0.001583317,0.001170776,0.002338216,-0.000371371,-6.3838E-05,1000.0000,CBoT 10y Monday Call Options P 106.25 Dec-2025,VBYM P 106.25 12/29/2025,USD,0,-0.001455338,-0.000936423,0.000577688,-0.003541252,0.001949313,0.000911856,0.000498979,VY5W10625X25
2025-12-17 00:00:00,6.015625,VBYM C 106.5 12/29/2025 C 106.5,2025-12-29 00:00:00,0.03607,112.421875,106.5,C,0.19300545,0.939951332,0.023899373,0.029820077,-0.018049661,0.032763347,1000.0000,CBoT 10y Monday Call Options C 106.5 Dec-2025,VBYM C 106.5 12/29/2025,USD,0,-0.009292941,-0.000177105,0.007566172,-0.013325201,0.002415626,0.002962288,-9.3592E-05,VY5W1065L25
2025-12-16 00:00:00,6.015625,VBYM C 106.5 12/29/2025 C 106.5,2025-12-29 00:00:00,0.036157,112.515625,106.5,C,0.123243022,0.989927157,0.005132246,0.009092554,-0.001589052,0.037527764,1000.0000,CBoT 10y Monday Call Options C 106.5 Dec-2025,VBYM C 106.5 12/29/2025,USD,0,-0.004538743,-0.001315115,0.002249479,-0.009280807,0.003802634,0.00228804,0.000479133,VY5W1065L25
2025-12-17 00:00:00,0.001,VBYM P 106.5 12/29/2025 P 106.5,2025-12-29 00:00:00,0.03607,112.421875,106.5,P,0.101990286,-0.001663463,0.001175506,0.002578884,-0.000394689,-6.184E-05,1000.0000,CBoT 10y Monday Call Options P 106.5 Dec-2025,VBYM P 106.5 12/29/2025,USD,0,-0.001533377,-0.000985692,0.000651459,-0.004093507,0.002149731,0.000917523,0.000500411,VY5W1065X25
2025-12-16 00:00:00,0.001,VBYM P 106.5 12/29/2025 P 106.5,2025-12-29 00:00:00,0.036157,112.515625,106.5,P,0.099359517,-0.001640792,0.00121446,0.002509609,-0.000369681,-6.61447E-05,1000.0000,CBoT 10y Monday Call Options P 106.5 Dec-2025,VBYM P 106.5 12/29/2025,USD,0,-0.001556525,-0.001030808,0.000594667,-0.003934255,0.002155978,0.00097161,0.000546284,VY5W1065X25
2025-12-17 00:00:00,5.765625,VBYM C 106.75 12/29/2025 C 106.75,2025-12-29 00:00:00,0.03607,112.421875,106.75,C,0.1862777,0.938269021,0.024430835,0.031586758,-0.017842912,0.032783351,1000.0000,CBoT 10y Monday Call Options C 106.75 Dec-2025,VBYM C 106.75 12/29/2025,USD,0,-0.009760043,-0.000171161,0.007668048,-0.0144918,0.002571534,0.003082971,-0.000107831,VY5W10675L25
2025-12-16 00:00:00,5.765625,VBYM C 106.75 12/29/2025 C 106.75,2025-12-29 00:00:00,0.036157,112.515625,106.75,C,0.117983855,0.989915435,0.005145474,0.009508957,-0.00152302,0.037616328,1000.0000,CBoT 10y Monday Call Options C 106.75 Dec-2025,VBYM C 106.75 12/29/2025,USD,0,-0.004747608,-0.001437137,0.00225245,-0.010136366,0.004154073,0.002392836,0.000523422,VY5W10675L25
2025-12-17 00:00:00,0.001,VBYM P 106.75 12/29/2025 P 106.75,2025-12-29 00:00:00,0.03607,112.421875,106.75,P,0.097950533,-0.001727281,0.001221805,0.002778875,-0.000392812,-6.42021E-05,1000.0000,CBoT 10y Monday Call Options P 106.75 Dec-2025,VBYM P 106.75 12/29/2025,USD,0,-0.001646075,-0.001090693,0.000671637,-0.004574566,0.002390864,0.000981033,0.000550487,VY5W10675X25
2025-12-16 00:00:00,0.001,VBYM P 106.75 12/29/2025 P 106.75,2025-12-29 00:00:00,0.036157,112.515625,106.75,P,0.095482802,-0.001702776,0.001261873,0.002701189,-0.000367916,-6.86328E-05,1000.0000,CBoT 10y Monday Call Options P 106.75 Dec-2025,VBYM P 106.75 12/29/2025,USD,0,-0.001669165,-0.001138931,0.000612818,-0.004389265,0.002394033,0.001037842,0.000600131,VY5W10675X25
2025-12-17 00:00:00,5.515625,VBYM C 107 12/29/2025 C 107,2025-12-29 00:00:00,0.03607,112.421875,107,C,0.179529786,0.936465938,0.024994904,0.033533812,-0.017629261,0.032798891,1000.0000,CBoT 10y Monday Call Options C 107 Dec-2025,VBYM C 107 12/29/2025,USD,0,-0.010268443,-0.000162339,0.007773758,-0.015810274,0.002741403,0.003212456,-0.000124355,VY5W107L25
2025-12-16 00:00:00,5.515625,VBYM C 107 12/29/2025 C 107,2025-12-29 00:00:00,0.036157,112.515625,107,C,0.112737018,0.98990372,0.005159723,0.009963114,-0.001456987,0.037704891,1000.0000,CBoT 10y Monday Call Options C 107 Dec-2025,VBYM C 107 12/29/2025,USD,0,-0.004975412,-0.00157639,0.002255418,-0.011112466,0.00455507,0.002507132,0.000573956,VY5W107L25
2025-12-17 00:00:00,0.001,VBYM P 107 12/29/2025 P 107,2025-12-29 00:00:00,0.03607,112.421875,107,P,0.093907086,-0.001796418,0.001272296,0.003003896,-0.000390846,-6.67613E-05,1000.0000,CBoT 10y Monday Call Options P 107 Dec-2025,VBYM P 107 12/29/2025,USD,0,-0.00177232,-0.001211917,0.000693295,-0.005136319,0.00267091,0.001051852,0.000607904,VY5W107X25
2025-12-16 00:00:00,0.001,VBYM P 107 12/29/2025 P 107,2025-12-29 00:00:00,0.036157,112.515625,107,P,0.091602778,-0.001769839,0.001313534,0.002916344,-0.000366071,-7.1325E-05,1000.0000,CBoT 10y Monday Call Options P 107 Dec-2025,VBYM P 107 12/29/2025,USD,0,-0.001795119,-0.001263484,0.000632278,-0.004919303,0.002669858,0.001111572,0.000661745,VY5W107X25
2025-12-17 00:00:00,5.265625,VBYM C 107.25 12/29/2025 C 107.25,2025-12-29 00:00:00,0.03607,112.421875,107.25,C,0.172759391,0.934527655,0.025595,0.035688404,-0.017408076,0.032809432,1000.0000,CBoT 10y Monday Call Options C 107.25 Dec-2025,VBYM C 107.25 12/29/2025,USD,0,-0.0108236,-0.000149834,0.007883513,-0.01730771,0.002926704,0.003351703,-0.000143611,VY5W10725L25
2025-12-16 00:00:00,5.265625,VBYM C 107.25 12/29/2025 C 107.25,2025-12-29 00:00:00,0.036157,112.515625,107.25,C,0.107502454,0.989892013,0.005175192,0.010460402,-0.001390953,0.037793453,1000.0000,CBoT 10y Monday Call Options C 107.25 Dec-2025,VBYM C 107.25 12/29/2025,USD,0,-0.005224852,-0.001736247,0.002258384,-0.012232689,0.005015324,0.002632283,0.000631958,VY5W10725L25
2025-12-17 00:00:00,0.001,VBYM P 107.25 12/29/2025 P 107.25,2025-12-29 00:00:00,0.03607,112.421875,107.25,P,0.089859218,-0.001871591,0.001327603,0.003258425,-0.000388784,-6.95444E-05,1000.0000,CBoT 10y Monday Call Options P 107.25 Dec-2025,VBYM P 107.25 12/29/2025,USD,0,-0.001914458,-0.00135275,0.000716614,-0.005796849,0.0029983,0.001131202,0.000674125,VY5W10725X25
2025-12-16 00:00:00,0.001,VBYM P 107.25 12/29/2025 P 107.25,2025-12-29 00:00:00,0.036157,112.515625,107.25,P,0.087718771,-0.001842654,0.001370067,0.003159216,-0.000364137,-7.42486E-05,1000.0000,CBoT 10y Monday Call Options P 107.25 Dec-2025,VBYM P 107.25 12/29/2025,USD,0,-0.001936652,-0.001407834,0.000653205,-0.005540884,0.002991495,0.00119403,0.000732646,VY5W10725X25
2025-12-17 00:00:00,5.015625,VBYM C 107.5 12/29/2025 C 107.5,2025-12-29 00:00:00,0.03607,112.421875,107.5,C,0.165963938,0.93243726,0.02623507,0.038083255,-0.017178638,0.032814349,1000.0000,CBoT 10y Monday Call Options C 107.5 Dec-2025,VBYM C 107.5 12/29/2025,USD,0,-0.011431957,-0.0001326,0.007997531,-0.019017474,0.003129025,0.003501811,-0.000166155,VY5W1075L25
2025-12-16 00:00:00,5.015625,VBYM C 107.5 12/29/2025 C 107.5,2025-12-29 00:00:00,0.036157,112.515625,107.5,C,0.102280103,0.989880312,0.005192132,0.011007271,-0.001324919,0.037882013,1000.0000,CBoT 10y Monday Call Options C 107.5 Dec-2025,VBYM C 107.5 12/29/2025,USD,0,-0.005499163,-0.00192095,0.002261346,-0.013526661,0.005547021,0.00276991,0.000698964,VY5W1075L25
2025-12-17 00:00:00,0.001,VBYM P 107.5 12/29/2025 P 107.5,2025-12-29 00:00:00,0.03607,112.421875,107.5,P,0.085806125,-0.001953655,0.001388479,0.003548008,-0.000386615,-7.25829E-05,1000.0000,CBoT 10y Monday Call Options P 107.5 Dec-2025,VBYM P 107.5 12/29/2025,USD,0,-0.002075378,-0.001517487,0.000741808,-0.006579426,0.003383814,0.001220582,0.000750991,VY5W1075X25
2025-12-16 00:00:00,0.001,VBYM P 107.5 12/29/2025 P 107.5,2025-12-29 00:00:00,0.036157,112.515625,107.5,P,0.083830039,-0.001922022,0.001432224,0.003434919,-0.000362105,-7.74358E-05,1000.0000,CBoT 10y Monday Call Options P 107.5 Dec-2025,VBYM P 107.5 12/29/2025,USD,0,-0.002096546,-0.001576241,0.000675785,-0.006275164,0.003369179,0.001286721,0.000814741,VY5W1075X25
2025-12-17 00:00:00,4.765625,VBYM C 107.75 12/29/2025 C 107.75,2025-12-29 00:00:00,0.03607,112.421875,107.75,C,0.159140541,0.930174791,0.02691969,0.040758106,-0.01694012,0.032812905,1000.0000,CBoT 10y Monday Call Options C 107.75 Dec-2025,VBYM C 107.75 12/29/2025,USD,0,-0.01210117,-0.000109264,0.008116033,-0.02098104,0.003350045,0.003664046,-0.000192684,VY5W10775L25
2025-12-16 00:00:00,4.765625,VBYM C 107.75 12/29/2025 C 107.75,2025-12-29 00:00:00,0.036157,112.515625,107.75,C,0.097069909,0.989868617,0.005210859,0.011611525,-0.001258883,0.037970572,1000.0000,CBoT 10y Monday Call Options C 107.75 Dec-2025,VBYM C 107.75 12/29/2025,USD,0,-0.005802261,-0.002135882,0.002264306,-0.015032008,0.006165638,0.002921978,0.000776923,VY5W10775L25
2025-12-17 00:00:00,0.001,VBYM P 107.75 12/29/2025 P 107.75,2025-12-29 00:00:00,0.03607,112.421875,107.75,P,0.081746918,-0.002043637,0.001455845,0.003879585,-0.000384328,-7.59152E-05,1000.0000,CBoT 10y Monday Call Options P 107.75 Dec-2025,VBYM P 107.75 12/29/2025,USD,0,-0.002258678,-0.00171164,0.000769131,-0.007514354,0.003841395,0.001321846,0.000840838,VY5W10775X25
2025-12-16 00:00:00,0.001,VBYM P 107.75 12/29/2025 P 107.75,2025-12-29 00:00:00,0.036157,112.515625,107.75,P,0.07993576,-0.002008899,0.001500922,0.003749823,-0.000359966,-8.09252E-05,1000.0000,CBoT 10y Monday Call Options P 107.75 Dec-2025,VBYM P 107.75 12/29/2025,USD,0,-0.002278246,-0.001774142,0.000700237,-0.007149572,0.00381609,0.001391502,0.000910441,VY5W10775X25
2025-12-17 00:00:00,4.515625,VBYM C 108 12/29/2025 C 108,2025-12-29 00:00:00,0.03607,112.421875,108,C,0.152285961,0.927716485,0.027654205,0.043761675,-0.016691567,0.03280422,1000.0000,CBoT 10y Monday Call Options C 108 Dec-2025,VBYM C 108 12/29/2025,USD,0,-0.012840407,-7.80105E-05,0.008239236,-0.023250476,0.003591477,0.003839868,-0.000224074,VY5W108L25
2025-12-16 00:00:00,4.515625,VBYM C 108 12/29/2025 C 108,2025-12-29 00:00:00,0.036157,112.515625,108,C,0.091871811,0.989856929,0.005231778,0.012282694,-0.001192847,0.038059129,1000.0000,CBoT 10y Monday Call Options C 108 Dec-2025,VBYM C 108 12/29/2025,USD,0,-0.006138924,-0.002387969,0.002267264,-0.01679709,0.00689107,0.003090885,0.000868343,VY5W108L25
2025-12-17 00:00:00,0.001,VBYM P 108 12/29/2025 P 108,2025-12-29 00:00:00,0.03607,112.421875,108,P,0.077680604,-0.002142783,0.001530839,0.00426194,-0.00038191,-7.95876E-05,1000.0000,CBoT 10y Monday Call Options P 108 Dec-2025,VBYM P 108 12/29/2025,USD,0,-0.002468881,-0.00194237,0.000798889,-0.008641628,0.004389306,0.001437311,0.000946676,VY5W108X25
2025-12-16 00:00:00,0.001,VBYM P 108 12/29/2025 P 108,2025-12-29 00:00:00,0.036157,112.515625,108,P,0.076035019,-0.002104444,0.001577291,0.004111958,-0.000357707,-8.47635E-05,1000.0000,CBoT 10y Monday Call Options P 108 Dec-2025,VBYM P 108 12/29/2025,USD,0,-0.002486073,-0.00200857,0.000726825,-0.008200119,0.004349407,0.00151068,0.001022836,VY5W108X25
2025-12-17 00:00:00,4.265625,VBYM C 108.25 12/29/2025 C 108.25,2025-12-29 00:00:00,0.03607,112.421875,108.25,C,0.145396523,0.925033817,0.028444901,0.047154286,-0.016431867,0.032787241,1000.0000,CBoT 10y Monday Call Options C 108.25 Dec-2025,VBYM C 108.25 12/29/2025,USD,0,-0.013660734,-3.64138E-05,0.008367344,-0.025891851,0.003854947,0.004030971,-0.000261446,VY5W10825L25
2025-12-16 00:00:00,4.265625,VBYM C 108.25 12/29/2025 C 108.25,2025-12-29 00:00:00,0.036157,112.515625,108.25,C,0.086685755,0.989845243,0.005255418,0.013032545,-0.001126811,0.038147683,1000.0000,CBoT 10y Monday Call Options C 108.25 Dec-2025,VBYM C 108.25 12/29/2025,USD,0,-0.006515057,-0.002686227,0.002270218,-0.018884896,0.00774923,0.003279591,0.00097649,VY5W10825L25
2025-12-17 00:00:00,0.001,VBYM P 108.25 12/29/2025 P 108.25,2025-12-29 00:00:00,0.03607,112.421875,108.25,P,0.073606067,-0.00225262,0.001614883,0.004706328,-0.000379346,-8.36568E-05,1000.0000,CBoT 10y Monday Call Options P 108.25 Dec-2025,VBYM P 108.25 12/29/2025,USD,0,-0.002711751,-0.002219106,0.00083145,-0.010014809,0.005051813,0.00156991,0.001072421,VY5W10825X25
2025-12-16 00:00:00,0.001,VBYM P 108.25 12/29/2025 P 108.25,2025-12-29 00:00:00,0.036157,112.515625,108.25,P,0.072126794,-0.00221007,0.001662736,0.004531564,-0.000355315,-8.90078E-05,1000.0000,CBoT 10y Monday Call Options P 108.25 Dec-2025,VBYM P 108.25 12/29/2025,USD,0,-0.0027255,-0.00228874,0.000755864,-0.009474761,0.00499183,0.001647166,0.00115593,VY5W10825X25
2025-12-17 00:00:00,4.015625,VBYM C 108.5 12/29/2025 C 108.5,2025-12-29 00:00:00,0.03607,112.421875,108.5,C,0.138468043,0.922092195,0.029299232,0.051011482,-0.016159713,0.032760686,1000.0000,CBoT 10y Monday Call Options C 108.5 Dec-2025,VBYM C 108.5 12/29/2025,USD,0,-0.014575627,1.88076E-05,0.008500534,-0.028990016,0.004141788,0.004239328,-0.000306242,VY5W1085L25
2025-12-16 00:00:00,4.015625,VBYM C 108.5 12/29/2025 C 108.5,2025-12-29 00:00:00,0.036157,112.515625,108.5,C,0.081511683,0.989833561,0.00528247,0.013875774,-0.001060774,0.038236234,1000.0000,CBoT 10y Monday Call Options C 108.5 Dec-2025,VBYM C 108.5 12/29/2025,USD,0,-0.00693803,-0.003042579,0.002273171,-0.021378681,0.008774368,0.003491795,0.00110568,VY5W1085L25
2025-12-17 00:00:00,0.001,VBYM P 108.5 12/29/2025 P 108.5,2025-12-29 00:00:00,0.03607,112.421875,108.5,P,0.069522049,-0.002375043,0.00170978,0.005227374,-0.000376618,-8.81934E-05,1000.0000,CBoT 10y Monday Call Options P 108.5 Dec-2025,VBYM P 108.5 12/29/2025,USD,0,-0.002994725,-0.002554455,0.000867263,-0.011706813,0.005861668,0.001723402,0.00122325,VY5W1085X25
2025-12-16 00:00:00,0.001,VBYM P 108.5 12/29/2025 P 108.5,2025-12-29 00:00:00,0.036157,112.515625,108.5,P,0.06820993,-0.002327521,0.001759032,0.005021875,-0.000352774,-9.37285E-05,1000.0000,CBoT 10y Monday Call Options P 108.5 Dec-2025,VBYM P 108.5 12/29/2025,USD,0,-0.003003555,-0.002626894,0.00078774,-0.011038368,0.005773812,0.00180467,0.001314983,VY5W1085X25
2025-12-17 00:00:00,3.765625,VBYM C 108.75 12/29/2025 C 108.75,2025-12-29 00:00:00,0.03607,112.421875,108.75,C,0.131495705,0.918849224,0.030226118,0.055429054,-0.015873558,0.03272299,1000.0000,CBoT 10y Monday Call Options C 108.75 Dec-2025,VBYM C 108.75 12/29/2025,USD,0,-0.015601655,9.21487E-05,0.00863893,-0.032655389,0.004452662,0.004467241,-0.000360344,VY5W10875L25
2025-12-16 00:00:00,3.765625,VBYM C 108.75 12/29/2025 C 108.75,2025-12-29 00:00:00,0.036157,112.515625,108.75,C,0.076349538,0.989821881,0.005313862,0.014830978,-0.000994736,0.03832478,1000.0000,CBoT 10y Monday Call Options C 108.75 Dec-2025,VBYM C 108.75 12/29/2025,USD,0,-0.007417172,-0.003473045,0.00227612,-0.024390316,0.010012513,0.003732177,0.001261713,VY5W10875L25
2025-12-17 00:00:00,0.001,VBYM P 108.75 12/29/2025 P 108.75,2025-12-29 00:00:00,0.03607,112.421875,108.75,P,0.06542711,-0.002512427,0.001817843,0.005844385,-0.000373702,-9.32859E-05,1000.0000,CBoT 10y Monday Call Options P 108.75 Dec-2025,VBYM P 108.75 12/29/2025,USD,0,-0.003327548,-0.002965555,0.000906884,-0.013818725,0.006863866,0.001902675,0.001406111,VY5W10875X25
2025-12-16 00:00:00,0.001,VBYM P 108.75 12/29/2025 P 108.75,2025-12-29 00:00:00,0.036157,112.515625,108.75,P,0.064283116,-0.002458977,0.001868445,0.005600253,-0.000350064,-9.90139E-05,1000.0000,CBoT 10y Monday Call Options P 108.75 Dec-2025,VBYM P 108.75 12/29/2025,USD,0,-0.003329393,-0.003039571,0.000822925,-0.012980237,0.006736903,0.001987989,0.001507014,VY5W10875X25
2025-12-17 00:00:00,3.515625,VBYM C 109 12/29/2025 C 109,2025-12-29 00:00:00,0.03607,112.421875,109,C,0.124473927,0.915252289,0.031236334,0.060530179,-0.015571549,0.032672206,1000.0000,CBoT 10y Monday Call Options C 109 Dec-2025,VBYM C 109 12/29/2025,USD,0,-0.016759412,0.000189858,0.008782571,-0.037033792,0.004786883,0.004717405,-0.000426234,VY5W109L25
2025-12-16 00:00:00,3.515625,VBYM C 109 12/29/2025 C 109,2025-12-29 00:00:00,0.036157,112.515625,109,C,0.071199264,0.9898102,0.005350856,0.015922049,-0.000928698,0.03841332,1000.0000,CBoT 10y Monday Call Options C 109 Dec-2025,VBYM C 109 12/29/2025,USD,0,-0.007964466,-0.00399956,0.002279067,-0.028072944,0.011526675,0.004006747,0.001452531,VY5W109L25
2025-12-17 00:00:00,0.001,VBYM P 109 12/29/2025 P 109,2025-12-29 00:00:00,0.03607,112.421875,109,P,0.061319601,-0.002667805,0.001942093,0.006583295,-0.000370573,-9.90474E-05,1000.0000,CBoT 10y Monday Call Options P 109 Dec-2025,VBYM P 109 12/29/2025,USD,0,-0.003723213,-0.003476156,0.000951011,-0.016493627,0.008121466,0.002114195,0.001630499,VY5W109X25
2025-12-16 00:00:00,0.001,VBYM P 109 12/29/2025 P 109,2025-12-29 00:00:00,0.036157,112.515625,109,P,0.060344846,-0.002607198,0.001993921,0.006289864,-0.000347162,-0.000104976,1000.0000,CBoT 10y Monday Call Options P 109 Dec-2025,VBYM P 109 12/29/2025,USD,0,-0.00371514,-0.003549521,0.000862009,-0.015425743,0.007938882,0.002203428,0.001741549,VY5W109X25
2025-12-17 00:00:00,3.265625,VBYM C 109.25 12/29/2025 C 109.25,2025-12-29 00:00:00,0.03607,112.421875,109.25,C,0.117396163,0.911235198,0.032343048,0.066475778,-0.015251442,0.032605887,1000.0000,CBoT 10y Monday Call Options C 109.25 Dec-2025,VBYM C 109.25 12/29/2025,USD,0,-0.018074794,0.000320768,0.008931348,-0.042321015,0.005141219,0.004992978,-0.000507239,VY5W10925L25
2025-12-16 00:00:00,3.265625,VBYM C 109.25 12/29/2025 C 109.25,2025-12-29 00:00:00,0.036157,112.515625,109.25,C,0.066060808,0.989798513,0.005395202,0.017180194,-0.000862659,0.038501851,1000.0000,CBoT 10y Monday Call Options C 109.25 Dec-2025,VBYM C 109.25 12/29/2025,USD,0,-0.008595564,-0.004652795,0.002282011,-0.03264067,0.013404953,0.004323358,0.001689235,VY5W10925L25
2025-12-17 00:00:00,0.001,VBYM P 109.25 12/29/2025 P 109.25,2025-12-29 00:00:00,0.03607,112.421875,109.25,P,0.0571976,-0.002845101,0.002086546,0.00747965,-0.000367197,-0.000105624,1000.0000,CBoT 10y Monday Call Options P 109.25 Dec-2025,VBYM P 109.25 12/29/2025,USD,0,-0.004199375,-0.004119887,0.001000528,-0.019938835,0.009724857,0.002366672,0.001909655,VY5W10925X25
2025-12-16 00:00:00,0.001,VBYM P 109.25 12/29/2025 P 109.25,2025-12-29 00:00:00,0.036157,112.515625,109.25,P,0.056393383,-0.002775741,0.00213935,0.007122209,-0.000344039,-0.000111758,1000.0000,CBoT 10y Monday Call Options P 109.25 Dec-2025,VBYM P 109.25 12/29/2025,USD,0,-0.004177148,-0.004188681,0.000905739,-0.018554898,0.009461844,0.002459418,0.002031764,VY5W10925X25
2025-12-17 00:00:00,3.015625,VBYM C 109.5 12/29/2025 C 109.5,2025-12-29 00:00:00,0.03607,112.421875,109.5,C,0.110254651,0.906713329,0.033562548,0.073479892,-0.014910486,0.032520902,1000.0000,CBoT 10y Monday Call Options C 109.5 Dec-2025,VBYM C 109.5 12/29/2025,USD,0,-0.019580797,0.0004976,0.009084911,-0.048784892,0.005507719,0.005297658,-0.000607883,VY5W1095L25
2025-12-16 00:00:00,3.015625,VBYM C 109.5 12/29/2025 C 109.5,2025-12-29 00:00:00,0.036157,112.515625,109.5,C,0.060934111,0.989786819,0.005449383,0.018646965,-0.00079662,0.038590372,1000.0000,CBoT 10y Monday Call Options C 109.5 Dec-2025,VBYM C 109.5 12/29/2025,USD,0,-0.009331309,-0.005476683,0.002284953,-0.038400138,0.01577353,0.004692466,0.001987728,VY5W1095L25
2025-12-17 00:00:00,0.001,VBYM P 109.5 12/29/2025 P 109.5,2025-12-29 00:00:00,0.03607,112.421875,109.5,P,0.053058854,-0.003049497,0.002256656,0.008583307,-0.000363534,-0.00011321,1000.0000,CBoT 10y Monday Call Options P 109.5 Dec-2025,VBYM P 109.5 12/29/2025,USD,0,-0.004780573,-0.004945555,0.001056581,-0.024462976,0.011807021,0.002672096,0.00226247,VY5W1095X25
2025-12-16 00:00:00,0.001,VBYM P 109.5 12/29/2025 P 109.5,2025-12-29 00:00:00,0.036157,112.515625,109.5,P,0.05242669,-0.002969262,0.002309974,0.008141074,-0.000340659,-0.00011955,1000.0000,CBoT 10y Monday Call Options P 109.5 Dec-2025,VBYM P 109.5 12/29/2025,USD,0,-0.004737945,-0.005002964,0.00095507,-0.022632847,0.011425342,0.002767469,0.002396293,VY5W1095X25
2025-12-17 00:00:00,2.765625,VBYM C 109.75 12/29/2025 C 109.75,2025-12-29 00:00:00,0.03607,112.421875,109.75,C,0.103040066,0.901576533,0.034915276,0.081833171,-0.014545249,0.032413179,1000.0000,CBoT 10y Monday Call Options C 109.75 Dec-2025,VBYM C 109.75 12/29/2025,USD,0,-0.021320076,0.000739081,0.009242521,-0.056799688,0.005869703,0.005635744,-0.000734435,VY5W10975L25
2025-12-16 00:00:00,2.765625,VBYM C 109.75 12/29/2025 C 109.75,2025-12-29 00:00:00,0.036157,112.515625,109.75,C,0.055819119,0.989775111,0.005517011,0.020378944,-0.00073058,0.038678878,1000.0000,CBoT 10y Monday Call Options C 109.75 Dec-2025,VBYM C 109.75 12/29/2025,USD,0,-0.010200079,-0.006535936,0.002287891,-0.045802985,0.018818261,0.005128307,0.002371432,VY5W10975L25
2025-12-17 00:00:00,0.001,VBYM P 109.75 12/29/2025 P 109.75,2025-12-29 00:00:00,0.03607,112.421875,109.75,P,0.048900673,-0.003287989,0.002460002,0.009966081,-0.000359532,-0.000122067,1000.0000,CBoT 10y Monday Call Options P 109.75 Dec-2025,VBYM P 109.75 12/29/2025,USD,0,-0.005501797,-0.00602605,0.001120682,-0.030540066,0.014569561,0.003047387,0.00271662,VY5W10975X25
2025-12-16 00:00:00,0.001,VBYM P 109.75 12/29/2025 P 109.75,2025-12-29 00:00:00,0.036157,112.515625,109.75,P,0.048442356,-0.003193997,0.002513016,0.009408875,-0.000336978,-0.000128604,1000.0000,CBoT 10y Monday Call Options P 109.75 Dec-2025,VBYM P 109.75 12/29/2025,USD,0,-0.005429334,-0.006060167,0.00101126,-0.028061863,0.014008497,0.003143664,0.002862152,VY5W10975X25
2025-12-17 00:00:00,2.515625,VBYM C 110 12/29/2025 C 110,2025-12-29 00:00:00,0.03607,112.421875,110,C,0.095741015,0.895678348,0.036427309,0.091939886,-0.014151383,0.032277299,1000.0000,CBoT 10y Monday Call Options C 110 Dec-2025,VBYM C 110 12/29/2025,USD,0,-0.023348676,0.001073475,0.009402787,-0.066901329,0.006194179,0.006012165,-0.000895746,VY5W110L25
2025-12-16 00:00:00,2.515625,VBYM C 110 12/29/2025 C 110,2025-12-29 00:00:00,0.036157,112.515625,110,C,0.05071578,0.989763375,0.005603497,0.022455215,-0.00066454,0.038767361,1000.0000,CBoT 10y Monday Call Options C 110 Dec-2025,VBYM C 110 12/29/2025,USD,0,-0.011241535,-0.00792905,0.002290828,-0.055536521,0.022822,0.005650776,0.002875991,VY5W110L25
2025-12-17 00:00:00,0.001,VBYM P 110 12/29/2025 P 110,2025-12-29 00:00:00,0.03607,112.421875,110,P,0.044719804,-0.003570264,0.002707411,0.011734711,-0.000355122,-0.000132559,1000.0000,CBoT 10y Monday Call Options P 110 Dec-2025,VBYM P 110 12/29/2025,USD,0,-0.006414476,-0.007473934,0.001194873,-0.038925416,0.018329094,0.003517132,0.003313933,VY5W110X25
2025-12-16 00:00:00,0.001,VBYM P 110 12/29/2025 P 110,2025-12-29 00:00:00,0.036157,112.515625,110,P,0.044437479,-0.003458489,0.002758691,0.011017239,-0.000332938,-0.00013927,1000.0000,CBoT 10y Monday Call Options P 110 Dec-2025,VBYM P 110 12/29/2025,USD,0,-0.006297502,-0.007463615,0.001075985,-0.035473692,0.017488726,0.003611108,0.003469677,VY5W110X25
2025-12-17 00:00:00,2.265625,VBYM C 110.25 12/29/2025 C 110.25,2025-12-29 00:00:00,0.03607,112.421875,110.25,C,0.088343331,0.888819094,0.038132546,0.104378457,-0.013723252,0.032105878,1000.0000,CBoT 10y Monday Call Options C 110.25 Dec-2025,VBYM C 110.25 12/29/2025,USD,0,-0.025741566,0.001544714,0.009563234,-0.079879314,0.006416946,0.006432385,-0.001104596,VY5W11025L25
2025-12-16 00:00:00,2.265625,VBYM C 110.25 12/29/2025 C 110.25,2025-12-29 00:00:00,0.036157,112.515625,110.25,C,0.045624036,0.9897516,0.005717215,0.024989755,-0.000598499,0.038855813,1000.0000,CBoT 10y Monday Call Options C 110.25 Dec-2025,VBYM C 110.25 12/29/2025,USD,0,-0.012512839,-0.009811874,0.002293761,-0.068688126,0.028232267,0.00628855,0.003557805,VY5W11025L25
2025-12-17 00:00:00,0.001,VBYM P 110.25 12/29/2025 P 110.25,2025-12-29 00:00:00,0.03607,112.421875,110.25,P,0.040512237,-0.003910161,0.003014853,0.014053902,-0.000350215,-0.000145205,1000.0000,CBoT 10y Monday Call Options P 110.25 Dec-2025,VBYM P 110.25 12/29/2025,USD,0,-0.007596983,-0.009470076,0.001281992,-0.050876473,0.023604189,0.004118312,0.00411996,VY5W11025X25
2025-12-16 00:00:00,0.001,VBYM P 110.25 12/29/2025 P 110.25,2025-12-29 00:00:00,0.036157,112.515625,110.25,P,0.040408508,-0.003774797,0.003061872,0.013105462,-0.000328463,-0.000152039,1000.0000,CBoT 10y Monday Call Options P 110.25 Dec-2025,VBYM P 110.25 12/29/2025,USD,0,-0.00741183,-0.009376742,0.001151553,-0.045901932,0.022312886,0.004204077,0.004281175,VY5W11025X25
2025-12-17 00:00:00,2.015625,VBYM C 110.5 12/29/2025 C 110.5,2025-12-29 00:00:00,0.03607,112.421875,110.5,C,0.080828978,0.88071828,0.040076044,0.12000489,-0.01325337,0.031888539,1000.0000,CBoT 10y Monday Call Options C 110.5 Dec-2025,VBYM C 110.5 12/29/2025,USD,0,-0.028601041,0.002223474,0.009719505,-0.096936106,0.006412048,0.006902007,-0.0013799,VY5W1105L25
2025-12-16 00:00:00,2.015625,VBYM C 110.5 12/29/2025 C 110.5,2025-12-29 00:00:00,0.036157,112.515625,110.5,C,0.040543837,0.989739755,0.005871636,0.028153126,-0.000532459,0.038944215,1000.0000,CBoT 10y Monday Call Options C 110.5 Dec-2025,VBYM C 110.5 12/29/2025,USD,0,-0.014099519,-0.012442857,0.002296692,-0.087060815,0.035791144,0.007084534,0.004510391,VY5W1105L25
2025-12-17 00:00:00,0.001,VBYM P 110.5 12/29/2025 P 110.5,2025-12-29 00:00:00,0.03607,112.421875,110.5,P,0.036272912,-0.004328203,0.003406775,0.017189573,-0.000344688,-0.000160779,1000.0000,CBoT 10y Monday Call Options P 110.5 Dec-2025,VBYM P 110.5 12/29/2025,USD,0,-0.009174075,-0.012319392,0.001386116,-0.068600952,0.031288502,0.004908946,0.005242025,VY5W1105X25
2025-12-16 00:00:00,0.001,VBYM P 110.5 12/29/2025 P 110.5,2025-12-29 00:00:00,0.036157,112.515625,110.5,P,0.036351005,-0.004160539,0.003444992,0.015894419,-0.000323449,-0.000167634,1000.0000,CBoT 10y Monday Call Options P 110.5 Dec-2025,VBYM P 110.5 12/29/2025,USD,0,-0.008880861,-0.012069852,0.001241235,-0.061123192,0.029235583,0.004975454,0.005396903,VY5W1105X25
2025-12-17 00:00:00,1.765625,VBYM C 110.75 12/29/2025 C 110.75,2025-12-29 00:00:00,0.03607,112.421875,110.75,C,0.073174377,0.870967144,0.042319323,0.140139133,-0.012731482,0.031610162,1000.0000,CBoT 10y Monday Call Options C 110.75 Dec-2025,VBYM C 110.75 12/29/2025,USD,0,-0.032069658,0.003228263,0.009863893,-0.119977195,0.005925474,0.007425614,-0.001750423,VY5W11075L25
2025-12-16 00:00:00,1.765625,VBYM C 110.75 12/29/2025 C 110.75,2025-12-29 00:00:00,0.036157,112.515625,110.75,C,0.035475126,0.989727797,0.00608939,0.03221249,-0.000466417,0.039032537,1000.0000,CBoT 10y Monday Call Options C 110.75 Dec-2025,VBYM C 110.75 12/29/2025,USD,0,-0.016135537,-0.016276114,0.002299621,-0.113822177,0.046802416,0.008105931,0.005898057,VY5W11075L25
2025-12-17 00:00:00,0.001,VBYM P 110.75 12/29/2025 P 110.75,2025-12-29 00:00:00,0.03607,112.421875,110.75,P,0.03199527,-0.004856266,0.003922303,0.021595917,-0.000338366,-0.000180489,1000.0000,CBoT 10y Monday Call Options P 110.75 Dec-2025,VBYM P 110.75 12/29/2025,USD,0,-0.011355398,-0.016567268,0.00151335,-0.096239404,0.043022228,0.005984907,0.00686548,VY5W11075X25
2025-12-16 00:00:00,0.001,VBYM P 110.75 12/29/2025 P 110.75,2025-12-29 00:00:00,0.036157,112.515625,110.75,P,0.032259279,-0.004642573,0.003943285,0.01975292,-0.000317754,-0.000187159,1000.0000,CBoT 10y Monday Call Options P 110.75 Dec-2025,VBYM P 110.75 12/29/2025,USD,0,-0.010883063,-0.01601507,0.001349847,-0.08438221,0.039607181,0.006010818,0.006986351,VY5W11075X25
2025-12-17 00:00:00,1.53125,VBYM C 111 12/29/2025 C 111,2025-12-29 00:00:00,0.03607,112.421875,111,C,0.068698825,0.847031327,0.047538327,0.167744302,-0.013534516,0.030802404,1000.0000,CBoT 10y Monday Call Options C 111 Dec-2025,VBYM C 111 12/29/2025,USD,0,-0.034726859,0.004894044,0.010024099,-0.138443079,0.001210428,0.007277424,-0.002072092,VY5W111L25
2025-12-16 00:00:00,1.53125,VBYM C 111 12/29/2025 C 111,2025-12-29 00:00:00,0.036157,112.515625,111,C,0.042909828,0.952169796,0.020614116,0.106855252,-0.003137047,0.037609942,1000.0000,CBoT 10y Monday Call Options C 111 Dec-2025,VBYM C 111 12/29/2025,USD,0,-0.037906445,-0.0070652,0.006350319,-0.22150983,0.050562703,0.013512584,-0.000615329,VY5W111L25
2025-12-17 00:00:00,0.015625,VBYM P 111 12/29/2025 P 111,2025-12-29 00:00:00,0.03607,112.421875,111,P,0.041474651,-0.044862954,0.019242274,0.1118108,-0.00319331,-0.001665057,1000.0000,CBoT 10y Monday Call Options P 111 Dec-2025,VBYM P 111 12/29/2025,USD,0,-0.038489994,-0.007983898,0.006647063,-0.25220605,0.056514959,0.013309178,-0.00043407,VY5W111X25
2025-12-16 00:00:00,0.015625,VBYM P 111 12/29/2025 P 111,2025-12-29 00:00:00,0.036157,112.515625,111,P,0.041935267,-0.042884457,0.019365253,0.102361972,-0.002999488,-0.001726114,1000.0000,CBoT 10y Monday Call Options P 111 Dec-2025,VBYM P 111 12/29/2025,USD,0,-0.037160323,-0.008257602,0.005989322,-0.222148034,0.053183827,0.01355299,-0.000205306,VY5W111X25
2025-12-17 00:00:00,1.28125,VBYM C 111.25 12/29/2025 C 111.25,2025-12-29 00:00:00,0.03607,112.421875,111.25,C,0.060435015,0.83091829,0.050703385,0.203688846,-0.012771099,0.030288766,1000.0000,CBoT 10y Monday Call Options C 111.25 Dec-2025,VBYM C 111.25 12/29/2025,USD,0,-0.039476432,0.007166589,0.010022775,-0.178766798,-0.003244088,0.007739007,-0.002670906,VY5W11125L25
2025-12-16 00:00:00,1.28125,VBYM C 111.25 12/29/2025 C 111.25,2025-12-29 00:00:00,0.036157,112.515625,111.25,C,0.036981616,0.946620753,0.022429123,0.135649529,-0.002985167,0.037475766,1000.0000,CBoT 10y Monday Call Options C 111.25 Dec-2025,VBYM C 111.25 12/29/2025,USD,0,-0.046584955,-0.007844456,0.006719877,-0.315694165,0.0671485,0.016067672,-0.001620464,VY5W11125L25
2025-12-17 00:00:00,0.015625,VBYM P 111.25 12/29/2025 P 111.25,2025-12-29 00:00:00,0.03607,112.421875,111.25,P,0.035492143,-0.051337895,0.021290996,0.145540752,-0.003058067,-0.001905187,1000.0000,CBoT 10y Monday Call Options P 111.25 Dec-2025,VBYM P 111.25 12/29/2025,USD,0,-0.048209909,-0.00879252,0.007124398,-0.368961745,0.076121693,0.016033051,-0.001575427,VY5W11125X25
2025-12-16 00:00:00,0.015625,VBYM P 111.25 12/29/2025 P 111.25,2025-12-29 00:00:00,0.036157,112.515625,111.25,P,0.036242034,-0.048669717,0.021314605,0.131121161,-0.002881271,-0.00195881,1000.0000,CBoT 10y Monday Call Options P 111.25 Dec-2025,VBYM P 111.25 12/29/2025,USD,0,-0.045952541,-0.009271393,0.006400616,-0.317709119,0.070640338,0.016171608,-0.001180912,VY5W11125X25
2025-12-17 00:00:00,1.046875,VBYM C 111.5 12/29/2025 C 111.5,2025-12-29 00:00:00,0.03607,112.421875,111.5,C,0.054650631,0.797442911,0.056759436,0.252220115,-0.013021205,0.029128311,1000.0000,CBoT 10y Monday Call Options C 111.5 Dec-2025,VBYM C 111.5 12/29/2025,USD,0,-0.042466535,0.010269273,0.009748901,-0.2127608,-0.016061658,0.007235896,-0.003058119,VY5W1115L25
2025-12-16 00:00:00,1.046875,VBYM C 111.5 12/29/2025 C 111.5,2025-12-29 00:00:00,0.036157,112.515625,111.5,C,0.036123062,0.907638667,0.033877872,0.213502413,-0.004651048,0.035996154,1000.0000,CBoT 10y Monday Call Options C 111.5 Dec-2025,VBYM C 111.5 12/29/2025,USD,0,-0.06014503,0.003929967,0.008446153,-0.417616668,0.051146014,0.017030509,-0.005803277,VY5W1115L25
2025-12-17 00:00:00,0.03125,VBYM P 111.5 12/29/2025 P 111.5,2025-12-29 00:00:00,0.03607,112.421875,111.5,P,0.034642802,-0.09432131,0.033288252,0.237999518,-0.004861899,-0.003499918,1000.0000,CBoT 10y Monday Call Options P 111.5 Dec-2025,VBYM P 111.5 12/29/2025,USD,0,-0.06344167,0.005246759,0.009148168,-0.497855694,0.055477181,0.016992594,-0.006286961,VY5W1115X25
2025-12-16 00:00:00,0.03125,VBYM P 111.5 12/29/2025 P 111.5,2025-12-29 00:00:00,0.036157,112.515625,111.5,P,0.035743652,-0.088789803,0.033240553,0.21173372,-0.004610223,-0.003573097,1000.0000,CBoT 10y Monday Call Options P 111.5 Dec-2025,VBYM P 111.5 12/29/2025,USD,0,-0.060283103,0.003342196,0.00827866,-0.422973148,0.053777176,0.017249873,-0.0057582,VY5W1115X25
2025-12-17 00:00:00,0.828125,VBYM C 111.75 12/29/2025 C 111.75,2025-12-29 00:00:00,0.03607,112.421875,111.75,C,0.050346411,0.744871463,0.064789508,0.312029302,-0.013777554,0.027257059,1000.0000,CBoT 10y Monday Call Options C 111.75 Dec-2025,VBYM C 111.75 12/29/2025,USD,0,-0.041475232,0.01303945,0.008774148,-0.226005439,-0.039634685,0.005590082,-0.002852467,VY5W11175L25
2025-12-16 00:00:00,0.828125,VBYM C 111.75 12/29/2025 C 111.75,2025-12-29 00:00:00,0.036157,112.515625,111.75,C,0.036136103,0.841365244,0.04977276,0.313487349,-0.007013667,0.033417817,1000.0000,CBoT 10y Monday Call Options C 111.75 Dec-2025,VBYM C 111.75 12/29/2025,USD,0,-0.066419376,0.018462236,0.009314644,-0.461794107,0.000232219,0.014168634,-0.00783267,VY5W11175L25
2025-12-17 00:00:00,0.0625,VBYM P 111.75 12/29/2025 P 111.75,2025-12-29 00:00:00,0.03607,112.421875,111.75,P,0.034375319,-0.167123828,0.049607144,0.357033835,-0.007306407,-0.006201406,1000.0000,CBoT 10y Monday Call Options P 111.75 Dec-2025,VBYM P 111.75 12/29/2025,USD,0,-0.069765848,0.02195164,0.009976082,-0.552677286,-0.00877004,0.013721155,-0.008283111,VY5W11175X25
2025-12-16 00:00:00,0.0625,VBYM P 111.75 12/29/2025 P 111.75,2025-12-29 00:00:00,0.036157,112.515625,111.75,P,0.035942678,-0.156059703,0.049484545,0.313474312,-0.007011923,-0.006280405,1000.0000,CBoT 10y Monday Call Options P 111.75 Dec-2025,VBYM P 111.75 12/29/2025,USD,0,-0.06677646,0.01845904,0.009215791,-0.466741363,0.001295022,0.014320947,-0.007916369,VY5W11175X25
2025-12-17 00:00:00,0.625,VBYM C 112 12/29/2025 C 112,2025-12-29 00:00:00,0.03607,112.421875,112,C,0.046561964,0.67267868,0.073092923,0.379474487,-0.01442933,0.024655712,1000.0000,CBoT 10y Monday Call Options C 112 Dec-2025,VBYM C 112 12/29/2025,USD,0,-0.034120704,0.0133432,0.006686172,-0.202060423,-0.073454894,0.003126684,-0.001881616,VY5W112L25
2025-12-16 00:00:00,0.625,VBYM C 112 12/29/2025 C 112,2025-12-29 00:00:00,0.036157,112.515625,112,C,0.035511378,0.753523276,0.065644151,0.416812685,-0.009148318,0.029970269,1000.0000,CBoT 10y Monday Call Options C 112 Dec-2025,VBYM C 112 12/29/2025,USD,0,-0.060364151,0.026179533,0.008319315,-0.428346265,-0.070031521,0.008827968,-0.006290396,VY5W112L25
2025-12-17 00:00:00,0.109375,VBYM P 112 12/29/2025 P 112,2025-12-29 00:00:00,0.03607,112.421875,112,P,0.03320738,-0.264884823,0.065624956,0.483480663,-0.009340238,-0.009829793,1000.0000,CBoT 10y Monday Call Options P 112 Dec-2025,VBYM P 112 12/29/2025,USD,0,-0.061242109,0.029873053,0.008447533,-0.503807025,-0.099865518,0.007832571,-0.006156668,VY5W112X25
2025-12-16 00:00:00,0.109375,VBYM P 112 12/29/2025 P 112,2025-12-29 00:00:00,0.036157,112.515625,112,P,0.035411884,-0.244587931,0.065546221,0.417431729,-0.00916097,-0.009844479,1000.0000,CBoT 10y Monday Call Options P 112 Dec-2025,VBYM P 112 12/29/2025,USD,0,-0.060625322,0.026320474,0.008232913,-0.431384633,-0.069981994,0.008890831,-0.006346349,VY5W112X25
2025-12-17 00:00:00,0.453125,VBYM C 112.25 12/29/2025 C 112.25,2025-12-29 00:00:00,0.03607,112.421875,112.25,C,0.044454989,0.576166022,0.079637769,0.431534802,-0.015030988,0.021145729,1000.0000,CBoT 10y Monday Call Options C 112.25 Dec-2025,VBYM C 112.25 12/29/2025,USD,0,-0.016342703,0.007379578,0.003084083,-0.10377899,-0.105201372,0.000645763,-0.000430817,VY5W11225L25
2025-12-16 00:00:00,0.453125,VBYM C 112.25 12/29/2025 C 112.25,2025-12-29 00:00:00,0.036157,112.515625,112.25,C,0.035754119,0.637376376,0.079081867,0.492971748,-0.011076056,0.025378519,1000.0000,CBoT 10y Monday Call Options C 112.25 Dec-2025,VBYM C 112.25 12/29/2025,USD,0,-0.036314512,0.019264936,0.00505696,-0.25837891,-0.136103476,0.002727088,-0.002194908,VY5W11225L25
2025-12-17 00:00:00,0.1875,VBYM P 112.25 12/29/2025 P 112.25,2025-12-29 00:00:00,0.03607,112.421875,112.25,P,0.032591124,-0.396246206,0.078221768,0.579565488,-0.010856435,-0.014708969,1000.0000,CBoT 10y Monday Call Options P 112.25 Dec-2025,VBYM P 112.25 12/29/2025,USD,0,-0.030239249,0.01814906,0.004067222,-0.256829704,-0.186522424,0.001614153,-0.001452883,VY5W11225X25
2025-12-16 00:00:00,0.1875,VBYM P 112.25 12/29/2025 P 112.25,2025-12-29 00:00:00,0.036157,112.515625,112.25,P,0.035711103,-0.361180292,0.079068257,0.493492573,-0.011087281,-0.014543102,1000.0000,CBoT 10y Monday Call Options P 112.25 Dec-2025,VBYM P 112.25 12/29/2025,USD,0,-0.03639752,0.019328735,0.004963436,-0.25926945,-0.136365399,0.002736552,-0.00220495,VY5W11225X25
2025-12-17 00:00:00,0.3125,VBYM C 112.5 12/29/2025 C 112.5,2025-12-29 00:00:00,0.03607,112.421875,112.5,C,0.043091685,0.465577594,0.080913983,0.451994217,-0.014815286,0.017105605,1000.0000,CBoT 10y Monday Call Options C 112.5 Dec-2025,VBYM C 112.5 12/29/2025,USD,0,0.008551822,-0.003786409,-0.001489459,0.049174034,-0.116991641,0.00014818,-0.000103156,VY5W1125L25
2025-12-16 00:00:00,0.3125,VBYM C 112.5 12/29/2025 C 112.5,2025-12-29 00:00:00,0.036157,112.515625,112.5,C,0.036009776,0.508851326,0.084578091,0.520910075,-0.011918703,0.020280227,1000.0000,CBoT 10y Monday Call Options C 112.5 Dec-2025,VBYM C 112.5 12/29/2025,USD,0,-0.001884613,0.001255263,0.000311424,-0.018269031,-0.162699031,9.53789E-06,-8.24625E-06,VY5W1125L25
2025-12-17 00:00:00,0.296875,VBYM P 112.5 12/29/2025 P 112.5,2025-12-29 00:00:00,0.03607,112.421875,112.5,P,0.031502537,-0.546617716,0.080587846,0.616145238,-0.010785154,-0.020300085,1000.0000,CBoT 10y Monday Call Options P 112.5 Dec-2025,VBYM P 112.5 12/29/2025,USD,0,0.01563386,-0.009624362,-0.002106127,0.128109197,-0.216635205,0.000378477,-0.000358914,VY5W1125X25
2025-12-16 00:00:00,0.296875,VBYM P 112.5 12/29/2025 P 112.5,2025-12-29 00:00:00,0.036157,112.515625,112.5,P,0.036007398,-0.489861271,0.084578088,0.520944454,-0.011919462,-0.019736676,1000.0000,CBoT 10y Monday Call Options P 112.5 Dec-2025,VBYM P 112.5 12/29/2025,USD,0,-0.001884911,0.001255512,0.000212516,-0.018272305,-0.162720503,9.53985E-06,-8.24841E-06,VY5W1125X25
2025-12-17 00:00:00,0.21875,VBYM C 112.75 12/29/2025 C 112.75,2025-12-29 00:00:00,0.03607,112.421875,112.75,C,0.044142935,0.358954487,0.075866025,0.415024217,-0.014243864,0.013196528,1000.0000,CBoT 10y Monday Call Options C 112.75 Dec-2025,VBYM C 112.75 12/29/2025,USD,0,0.031143658,-0.013021662,-0.005692746,0.186733583,-0.091685583,0.002286205,-0.001485319,VY5W11275L25
2025-12-16 00:00:00,0.21875,VBYM C 112.75 12/29/2025 C 112.75,2025-12-29 00:00:00,0.036157,112.515625,112.75,C,0.03806223,0.386907185,0.080966942,0.473194728,-0.012085402,0.015428672,1000.0000,CBoT 10y Monday Call Options C 112.75 Dec-2025,VBYM C 112.75 12/29/2025,USD,0,0.029468739,-0.014645261,-0.004275696,0.188466608,-0.128145744,0.001790229,-0.001371853,VY5W11275L25
2025-12-17 00:00:00,0.453125,VBYM P 112.75 12/29/2025 P 112.75,2025-12-29 00:00:00,0.03607,112.421875,112.75,P,0.031552092,-0.69294167,0.070524307,0.544932773,-0.009497863,-0.025757216,1000.0000,CBoT 10y Monday Call Options P 112.75 Dec-2025,VBYM P 112.75 12/29/2025,USD,0,0.056906182,-0.031189435,-0.007549766,0.482519425,-0.143777824,0.00587614,-0.005104019,VY5W11275X25
2025-12-16 00:00:00,0.453125,VBYM P 112.75 12/29/2025 P 112.75,2025-12-29 00:00:00,0.036157,112.515625,112.75,P,0.03809937,-0.611696522,0.080974527,0.472772108,-0.012075028,-0.024672913,1000.0000,CBoT 10y Monday Call Options P 112.75 Dec-2025,VBYM P 112.75 12/29/2025,USD,0,0.029414421,-0.014604915,-0.004370868,0.18792674,-0.12792932,0.001785143,-0.0013667,VY5W11275X25
2025-12-17 00:00:00,0.140625,VBYM C 113 12/29/2025 C 113,2025-12-29 00:00:00,0.03607,112.421875,113,C,0.043914316,0.260717055,0.065541184,0.362654272,-0.012245629,0.009592028,1000.0000,CBoT 10y Monday Call Options C 113 Dec-2025,VBYM C 113 12/29/2025,USD,0,0.047915134,-0.017160518,-0.008741571,0.29158093,-0.054316654,0.006252902,-0.003681036,VY5W113L25
2025-12-16 00:00:00,0.140625,VBYM C 113 12/29/2025 C 113,2025-12-29 00:00:00,0.036157,112.515625,113,C,0.038588855,0.278510372,0.070476394,0.409471955,-0.010696818,0.011113864,1000.0000,CBoT 10y Monday Call Options C 113 Dec-2025,VBYM C 113 12/29/2025,USD,0,0.051604454,-0.021928978,-0.007631476,0.329609673,-0.077853638,0.00642369,-0.004415035,VY5W113L25
2025-12-17 00:00:00,0.625,VBYM P 113 12/29/2025 P 113,2025-12-29 00:00:00,0.03607,112.421875,113,P,0.028177221,-0.840673729,0.047132708,0.420190101,-0.005710072,-0.031271617,1000.0000,CBoT 10y Monday Call Options P 113 Dec-2025,VBYM P 113 12/29/2025,USD,0,0.086210251,-0.030198123,-0.0102046,0.823590717,0.001327661,0.017597937,-0.012441598,VY5W113X25
2025-12-16 00:00:00,0.625,VBYM P 113 12/29/2025 P 113,2025-12-29 00:00:00,0.036157,112.515625,113,P,0.038676315,-0.719752209,0.070538378,0.408867204,-0.010681892,-0.029063104,1000.0000,CBoT 10y Monday Call Options P 113 Dec-2025,VBYM P 113 12/29/2025,USD,0,0.051413148,-0.021818438,-0.007719265,0.327626804,-0.077749831,0.006385224,-0.00438127,VY5W113X25
2025-12-17 00:00:00,0.078125,VBYM C 113.25 12/29/2025 C 113.25,2025-12-29 00:00:00,0.03607,112.421875,113.25,C,0.042299901,0.170081929,0.050653574,0.293438996,-0.009094626,0.006263157,1000.0000,CBoT 10y Monday Call Options C 113.25 Dec-2025,VBYM C 113.25 12/29/2025,USD,0,0.057466833,-0.014623136,-0.010111698,0.364634457,-0.006578773,0.011164394,-0.005501499,VY5W11325L25
2025-12-16 00:00:00,0.078125,VBYM C 113.25 12/29/2025 C 113.25,2025-12-29 00:00:00,0.036157,112.515625,113.25,C,0.03764076,0.18058849,0.054599756,0.32880463,-0.008094231,0.007212833,1000.0000,CBoT 10y Monday Call Options C 113.25 Dec-2025,VBYM C 113.25 12/29/2025,USD,0,0.064189813,-0.019672109,-0.009275009,0.422255874,-0.015853075,0.012434392,-0.007139902,VY5W11325L25
2025-12-17 00:00:00,0.8125,VBYM P 113.25 12/29/2025 P 113.25,2025-12-29 00:00:00,0.03607,112.421875,113.25,P,,,,,,,1000.0000,CBoT 10y Monday Call Options P 113.25 Dec-2025,VBYM P 113.25 12/29/2025,USD,0,,,,,,,,VY5W11325X25
2025-12-16 00:00:00,0.8125,VBYM P 113.25 12/29/2025 P 113.25,2025-12-29 00:00:00,0.036157,112.515625,113.25,P,0.037809802,-0.817042349,0.054821244,0.328561534,-0.008089611,-0.033027879,1000.0000,CBoT 10y Monday Call Options P 113.25 Dec-2025,VBYM P 113.25 12/29/2025,USD,0,0.063857811,-0.019608075,-0.009367288,0.418164611,-0.016502168,0.012314342,-0.00706373,VY5W11325X25
2025-12-17 00:00:00,0.046875,VBYM C 113.5 12/29/2025 C 113.5,2025-12-29 00:00:00,0.03607,112.421875,113.5,C,0.042978688,0.110944436,0.037792146,0.215871692,-0.0068198,0.004087495,1000.0000,CBoT 10y Monday Call Options C 113.5 Dec-2025,VBYM C 113.5 12/29/2025,USD,0,0.054064824,-0.006210029,-0.00967085,0.338188687,0.028232862,0.013454659,-0.004695963,VY5W1135L25
2025-12-16 00:00:00,0.046875,VBYM C 113.5 12/29/2025 C 113.5,2025-12-29 00:00:00,0.036157,112.515625,113.5,C,0.038683308,0.116970622,0.040690144,0.23907375,-0.006143822,0.004674253,1000.0000,CBoT 10y Monday Call Options C 113.5 Dec-2025,VBYM C 113.5 12/29/2025,USD,0,0.06075758,-0.00895634,-0.009028045,0.389543812,0.029460632,0.015346661,-0.006253872,VY5W1135L25
2025-12-17 00:00:00,1.03125,VBYM P 113.5 12/29/2025 P 113.5,2025-12-29 00:00:00,0.03607,112.421875,113.5,P,,,,,,,1000.0000,CBoT 10y Monday Call Options P 113.5 Dec-2025,VBYM P 113.5 12/29/2025,USD,0,,,,,,,,VY5W1135X25
2025-12-16 00:00:00,1.03125,VBYM P 113.5 12/29/2025 P 113.5,2025-12-29 00:00:00,0.036157,112.515625,113.5,P,0.03898544,-0.879910936,0.041154882,0.239842426,-0.006165589,-0.03562548,1000.0000,CBoT 10y Monday Call Options P 113.5 Dec-2025,VBYM P 113.5 12/29/2025,USD,0,0.060483466,-0.009186382,-0.009156298,0.384744131,0.027804755,0.015158296,-0.006214713,VY5W1135X25
2025-12-17 00:00:00,0.046875,VBYM C 113.75 12/29/2025 C 113.75,2025-12-29 00:00:00,0.03607,112.421875,113.75,C,0.049943854,0.098000096,0.034731791,0.169797362,-0.007215153,0.003608402,1000.0000,CBoT 10y Monday Call Options C 113.75 Dec-2025,VBYM C 113.75 12/29/2025,USD,0,0.045044985,-0.002805781,-0.00936415,0.242321902,0.026064511,0.011866746,-0.003131827,VY5W11375L25
2025-12-16 00:00:00,0.046875,VBYM C 113.75 12/29/2025 C 113.75,2025-12-29 00:00:00,0.036157,112.515625,113.75,C,0.045467137,0.102399875,0.037241138,0.184875692,-0.00653822,0.004089307,1000.0000,CBoT 10y Monday Call Options C 113.75 Dec-2025,VBYM C 113.75 12/29/2025,USD,0,0.050086251,-0.004146447,-0.00874862,0.273040396,0.028221902,0.013478103,-0.004100233,VY5W11375L25
2025-12-17 00:00:00,1.265625,VBYM P 113.75 12/29/2025 P 113.75,2025-12-29 00:00:00,0.03607,112.421875,113.75,P,,,,,,,1000.0000,CBoT 10y Monday Call Options P 113.75 Dec-2025,VBYM P 113.75 12/29/2025,USD,0,,,,,,,,VY5W11375X25
2025-12-16 00:00:00,1.265625,VBYM P 113.75 12/29/2025 P 113.75,2025-12-29 00:00:00,0.036157,112.515625,113.75,P,0.041467832,-0.916594065,0.031591247,0.17213921,-0.004908829,-0.037179697,1000.0000,CBoT 10y Monday Call Options P 113.75 Dec-2025,VBYM P 113.75 12/29/2025,USD,0,0.051104263,-0.000623753,-0.008241502,0.305805072,0.044081056,0.01508693,-0.003842848,VY5W11375X25
2025-12-17 00:00:00,0.015625,VBYM C 114 12/29/2025 C 114,2025-12-29 00:00:00,0.03607,112.421875,114,C,0.044517376,0.04240251,0.018437021,0.09953424,-0.003266772,0.001563553,1000.0000,CBoT 10y Monday Call Options C 114 Dec-2025,VBYM C 114 12/29/2025,USD,0,0.035120372,0.007787311,-0.006510255,0.212451815,0.049829105,0.012334578,-4.87432E-05,VY5W114L25
2025-12-16 00:00:00,0.015625,VBYM C 114 12/29/2025 C 114,2025-12-29 00:00:00,0.036157,112.515625,114,C,0.040689913,0.044239039,0.019847415,0.108175652,-0.002985767,0.001769407,1000.0000,CBoT 10y Monday Call Options C 114 Dec-2025,VBYM C 114 12/29/2025,USD,0,0.039292002,0.00885947,-0.006144803,0.239883324,0.057221133,0.014208028,-0.000303934,VY5W114L25
2025-12-17 00:00:00,1.5,VBYM P 114 12/29/2025 P 114,2025-12-29 00:00:00,0.03607,112.421875,114,P,,,,,,,1000.0000,CBoT 10y Monday Call Options P 114 Dec-2025,VBYM P 114 12/29/2025,USD,0,,,,,,,,VY5W114X25
2025-12-16 00:00:00,1.5,VBYM P 114 12/29/2025 P 114,2025-12-29 00:00:00,0.036157,112.515625,114,P,0.041621432,-0.950777319,0.021094822,0.112796358,-0.003118997,-0.038633626,1000.0000,CBoT 10y Monday Call Options P 114 Dec-2025,VBYM P 114 12/29/2025,USD,0,0.040057663,0.007591087,-0.006506713,0.239034596,0.054398756,0.01415923,-0.000734731,VY5W114X25
2025-12-17 00:00:00,0.015625,VBYM C 114.25 12/29/2025 C 114.25,2025-12-29 00:00:00,0.03607,112.421875,114.25,C,0.050113442,0.038265175,0.017011893,0.081346975,-0.003370951,0.001410262,1000.0000,CBoT 10y Monday Call Options C 114.25 Dec-2025,VBYM C 114.25 12/29/2025,USD,0,0.02951131,0.006810209,-0.006158358,0.158515621,0.0392591,0.010651722,0.000321626,VY5W11425L25
2025-12-16 00:00:00,0.015625,VBYM C 114.25 12/29/2025 C 114.25,2025-12-29 00:00:00,0.036157,112.515625,114.25,C,0.046107606,0.039701077,0.018250898,0.087457364,-0.003088615,0.001586986,1000.0000,CBoT 10y Monday Call Options C 114.25 Dec-2025,VBYM C 114.25 12/29/2025,USD,0,0.032727041,0.007774446,-0.005799781,0.176246762,0.044612003,0.01218639,0.000238781,VY5W11425L25
2025-12-17 00:00:00,1.75,VBYM P 114.25 12/29/2025 P 114.25,2025-12-29 00:00:00,0.03607,112.421875,114.25,P,,,,,,,1000.0000,CBoT 10y Monday Call Options P 114.25 Dec-2025,VBYM P 114.25 12/29/2025,USD,0,,,,,,,,VY5W11425X25
2025-12-16 00:00:00,1.75,VBYM P 114.25 12/29/2025 P 114.25,2025-12-29 00:00:00,0.036157,112.515625,114.25,P,0.047288486,-0.955095625,0.01962328,0.092025793,-0.003257345,-0.038896279,1000.0000,CBoT 10y Monday Call Options P 114.25 Dec-2025,VBYM P 114.25 12/29/2025,USD,0,0.033581001,0.00669754,-0.006202284,0.176284321,0.042432887,0.012190548,-0.000160032,VY5W11425X25
2025-12-17 00:00:00,0.015625,VBYM C 114.5 12/29/2025 C 114.5,2025-12-29 00:00:00,0.03607,112.421875,114.5,C,0.05559687,0.034960429,0.015828635,0.068101746,-0.003462231,0.001287867,1000.0000,CBoT 10y Monday Call Options C 114.5 Dec-2025,VBYM C 114.5 12/29/2025,USD,0,0.025292572,0.005945061,-0.005855661,0.122403515,0.031689987,0.009341669,0.000506176,VY5W1145L25
2025-12-16 00:00:00,0.015625,VBYM C 114.5 12/29/2025 C 114.5,2025-12-29 00:00:00,0.036157,112.515625,114.5,C,0.051410205,0.036118126,0.016934172,0.072611559,-0.003178171,0.001443031,1000.0000,CBoT 10y Monday Call Options C 114.5 Dec-2025,VBYM C 114.5 12/29/2025,USD,0,0.027857321,0.00678547,-0.005504694,0.134489461,0.035706058,0.010630192,0.000510412,VY5W1145L25
2025-12-17 00:00:00,2,VBYM P 114.5 12/29/2025 P 114.5,2025-12-29 00:00:00,0.03607,112.421875,114.5,P,,,,,,,1000.0000,CBoT 10y Monday Call Options P 114.5 Dec-2025,VBYM P 114.5 12/29/2025,USD,0,,,,,,,,VY5W1145X25
2025-12-16 00:00:00,2,VBYM P 114.5 12/29/2025 P 114.5,2025-12-29 00:00:00,0.036157,112.515625,114.5,P,0.052860891,-0.958485563,0.018418944,0.077105755,-0.003384191,-0.039121535,1000.0000,CBoT 10y Monday Call Options P 114.5 Dec-2025,VBYM P 114.5 12/29/2025,USD,0,0.028774171,0.005861345,-0.005945057,0.135061867,0.033990865,0.010677076,0.000143562,VY5W1145X25
2025-12-17 00:00:00,0.015625,VBYM C 114.75 12/29/2025 C 114.75,2025-12-29 00:00:00,0.03607,112.421875,114.75,C,0.060983383,0.0322514,0.014828427,0.058099189,-0.003543452,0.001187564,1000.0000,CBoT 10y Monday Call Options C 114.75 Dec-2025,VBYM C 114.75 12/29/2025,USD,0,0.022018826,0.005207061,-0.00559174,0.097107517,0.026092581,0.008295321,0.000593298,VY5W11475L25
2025-12-16 00:00:00,0.015625,VBYM C 114.75 12/29/2025 C 114.75,2025-12-29 00:00:00,0.036157,112.515625,114.75,C,0.056614627,0.033207277,0.015827386,0.061540297,-0.003257482,0.001326125,1000.0000,CBoT 10y Monday Call Options C 114.75 Dec-2025,VBYM C 114.75 12/29/2025,USD,0,0.024119212,0.005933817,-0.005248635,0.105693876,0.029194353,0.009398339,0.000642462,VY5W11475L25
2025-12-17 00:00:00,2.234375,VBYM P 114.75 12/29/2025 P 114.75,2025-12-29 00:00:00,0.03607,112.421875,114.75,P,,,,,,,1000.0000,CBoT 10y Monday Call Options P 114.75 Dec-2025,VBYM P 114.75 12/29/2025,USD,0,,,,,,,,VY5W11475X25
2025-12-16 00:00:00,2.234375,VBYM P 114.75 12/29/2025 P 114.75,2025-12-29 00:00:00,0.036157,112.515625,114.75,P,0.044103707,-0.989544491,0.005872677,0.026373517,-0.000590244,-0.040450203,1000.0000,CBoT 10y Monday Call Options P 114.75 Dec-2025,VBYM P 114.75 12/29/2025,USD,0,0.013253113,0.010772149,-0.002346145,0.074722153,0.030822661,0.006636762,0.00388425,VY5W11475X25
2025-12-17 00:00:00,0.001,VBYM C 115 12/29/2025 C 115,2025-12-29 00:00:00,0.03607,112.421875,115,C,0.046262378,0.003475701,0.00262743,0.01107333,-0.00035793,0.000128382,1000.0000,CBoT 10y Monday Call Options C 115 Dec-2025,VBYM C 115 12/29/2025,USD,0,0.006110398,0.007012678,-0.001177496,0.035624978,0.016968676,0.00336154,0.003129032,VY5W115L25
2025-12-16 00:00:00,0.001,VBYM C 115 12/29/2025 C 115,2025-12-29 00:00:00,0.036157,112.515625,115,C,0.042975665,0.00358194,0.002880217,0.011756415,-0.000332404,0.000143534,1000.0000,CBoT 10y Monday Call Options C 115 Dec-2025,VBYM C 115 12/29/2025,USD,0,0.006732015,0.00823056,-0.001112387,0.038971856,0.019239843,0.003843563,0.003802083,VY5W115L25
2025-12-17 00:00:00,2.484375,VBYM P 115 12/29/2025 P 115,2025-12-29 00:00:00,0.03607,112.421875,115,P,,,,,,,1000.0000,CBoT 10y Monday Call Options P 115 Dec-2025,VBYM P 115 12/29/2025,USD,0,,,,,,,,VY5W115X25
2025-12-16 00:00:00,2.484375,VBYM P 115 12/29/2025 P 115,2025-12-29 00:00:00,0.036157,112.515625,115,P,0.048984906,-0.989533276,0.005763031,0.023771179,-0.000656285,-0.040538921,1000.0000,CBoT 10y Monday Call Options P 115 Dec-2025,VBYM P 115 12/29/2025,USD,0,0.011947811,0.008744424,-0.002349033,0.06062661,0.025013129,0.005981933,0.00315212,VY5W115X25
2025-12-17 00:00:00,0.001,VBYM C 115.25 12/29/2025 C 115.25,2025-12-29 00:00:00,0.03607,112.421875,115.25,C,0.050222323,0.003223377,0.002407663,0.009532156,-0.000362077,0.000119006,1000.0000,CBoT 10y Monday Call Options C 115.25 Dec-2025,VBYM C 115.25 12/29/2025,USD,0,0.005309932,0.005759267,-0.001110836,0.028510409,0.013749007,0.002948215,0.002608702,VY5W11525L25
2025-12-16 00:00:00,0.001,VBYM C 115.25 12/29/2025 C 115.25,2025-12-29 00:00:00,0.036157,112.515625,115.25,C,0.046791686,0.003313031,0.002626552,0.010066665,-0.000336494,0.000132686,1000.0000,CBoT 10y Monday Call Options C 115.25 Dec-2025,VBYM C 115.25 12/29/2025,USD,0,0.005821462,0.006714264,-0.001047349,0.030944939,0.015475623,0.003355762,0.003150911,VY5W11525L25
2025-12-17 00:00:00,2.734375,VBYM P 115.25 12/29/2025 P 115.25,2025-12-29 00:00:00,0.03607,112.421875,115.25,P,,,,,,,1000.0000,CBoT 10y Monday Call Options P 115.25 Dec-2025,VBYM P 115.25 12/29/2025,USD,0,,,,,,,,VY5W11525X25
2025-12-16 00:00:00,2.734375,VBYM P 115.25 12/29/2025 P 115.25,2025-12-29 00:00:00,0.036157,112.515625,115.25,P,0.053855516,-0.989522014,0.005682478,0.021644755,-0.000722325,-0.040627604,1000.0000,CBoT 10y Monday Call Options P 115.25 Dec-2025,VBYM P 115.25 12/29/2025,USD,0,0.010881202,0.007244312,-0.002351918,0.050201295,0.020715882,0.005446845,0.002610572,VY5W11525X25
2025-12-17 00:00:00,0.001,VBYM C 115.5 12/29/2025 C 115.5,2025-12-29 00:00:00,0.03607,112.421875,115.5,C,0.054144406,0.0030083,0.002224966,0.008308808,-0.00036586,0.000111021,1000.0000,CBoT 10y Monday Call Options C 115.5 Dec-2025,VBYM C 115.5 12/29/2025,USD,0,0.004668179,0.004805676,-0.001052852,0.023243691,0.011334587,0.00261352,0.00220608,VY5W1155L25
2025-12-16 00:00:00,0.001,VBYM C 115.5 12/29/2025 C 115.5,2025-12-29 00:00:00,0.036157,112.515625,115.5,C,0.05057014,0.003085052,0.002417355,0.008735828,-0.000340217,0.000123498,1000.0000,CBoT 10y Monday Call Options C 115.5 Dec-2025,VBYM C 115.5 12/29/2025,USD,0,0.005096841,0.005570975,-0.000991033,0.02506297,0.012679863,0.002963515,0.002651133,VY5W1155L25
2025-12-17 00:00:00,2.984375,VBYM P 115.5 12/29/2025 P 115.5,2025-12-29 00:00:00,0.03607,112.421875,115.5,P,,,,,,,1000.0000,CBoT 10y Monday Call Options P 115.5 Dec-2025,VBYM P 115.5 12/29/2025,USD,0,,,,,,,,VY5W1155X25
2025-12-16 00:00:00,2.984375,VBYM P 115.5 12/29/2025 P 115.5,2025-12-29 00:00:00,0.036157,112.515625,115.5,P,0.058715583,-0.989510726,0.005622045,0.019874627,-0.000788365,-0.040716263,1000.0000,CBoT 10y Monday Call Options P 115.5 Dec-2025,VBYM P 115.5 12/29/2025,USD,0,0.0099933,0.006103109,-0.0023548,0.042272232,0.017447258,0.005001408,0.002198653,VY5W1155X25
2025-12-17 00:00:00,0.001,VBYM C 115.75 12/29/2025 C 115.75,2025-12-29 00:00:00,0.03607,112.421875,115.75,C,0.058031613,0.002822609,0.002070665,0.007319573,-0.000369338,0.00010413,1000.0000,CBoT 10y Monday Call Options C 115.75 Dec-2025,VBYM C 115.75 12/29/2025,USD,0,0.004144542,0.004064546,-0.001001865,0.019249725,0.009482216,0.002337955,0.001888421,VY5W11575L25
2025-12-16 00:00:00,0.001,VBYM C 115.75 12/29/2025 C 115.75,2025-12-29 00:00:00,0.036157,112.515625,115.75,C,0.054314106,0.002889116,0.002241899,0.007666743,-0.000343632,0.000115606,1000.0000,CBoT 10y Monday Call Options C 115.75 Dec-2025,VBYM C 115.75 12/29/2025,USD,0,0.004509274,0.004689133,-0.000941703,0.020640515,0.01055227,0.002642469,0.002259545,VY5W11575L25
2025-12-17 00:00:00,3.234375,VBYM P 115.75 12/29/2025 P 115.75,2025-12-29 00:00:00,0.03607,112.421875,115.75,P,,,,,,,1000.0000,CBoT 10y Monday Call Options P 115.75 Dec-2025,VBYM P 115.75 12/29/2025,USD,0,,,,,,,,VY5W11575X25
2025-12-16 00:00:00,3.234375,VBYM P 115.75 12/29/2025 P 115.75,2025-12-29 00:00:00,0.036157,112.515625,115.75,P,0.063565156,-0.989499418,0.00557595,0.018378171,-0.000854405,-0.040804906,1000.0000,CBoT 10y Monday Call Options P 115.75 Dec-2025,VBYM P 115.75 12/29/2025,USD,0,0.009242667,0.005214571,-0.00235768,0.036100196,0.014902696,0.004624831,0.001877982,VY5W11575X25
2025-12-17 00:00:00,0.001,VBYM C 116 12/29/2025 C 116,2025-12-29 00:00:00,0.03607,112.421875,116,C,0.061886445,0.002660532,0.001938578,0.006506936,-0.000372556,9.81178E-05,1000.0000,CBoT 10y Monday Call Options C 116 Dec-2025,VBYM C 116 12/29/2025,USD,0,0.003710836,0.00347795,-0.000956614,0.016158152,0.008033146,0.002107836,0.001633583,VY5W116L25
2025-12-16 00:00:00,0.001,VBYM C 116 12/29/2025 C 116,2025-12-29 00:00:00,0.036157,112.515625,116,C,0.058026147,0.002718761,0.002092612,0.006793442,-0.000346785,0.000108749,1000.0000,CBoT 10y Monday Call Options C 116 Dec-2025,VBYM C 116 12/29/2025,USD,0,0.004025213,0.003995696,-0.000898068,0.017242256,0.008899423,0.002375724,0.001947267,VY5W116L25
2025-12-17 00:00:00,3.484375,VBYM P 116 12/29/2025 P 116,2025-12-29 00:00:00,0.03607,112.421875,116,P,,,,,,,1000.0000,CBoT 10y Monday Call Options P 116 Dec-2025,VBYM P 116 12/29/2025,USD,0,,,,,,,,VY5W116X25
2025-12-16 00:00:00,3.484375,VBYM P 116 12/29/2025 P 116,2025-12-29 00:00:00,0.036157,112.515625,116,P,0.068404277,-0.989488101,0.005540334,0.017096472,-0.000920444,-0.040893537,1000.0000,CBoT 10y Monday Call Options P 116 Dec-2025,VBYM P 116 12/29/2025,USD,0,0.008599754,0.004509078,-0.002360557,0.031200839,0.012882631,0.004302294,0.001623409,VY5W116X25
2025-12-17 00:00:00,0.001,VBYM C 116.25 12/29/2025 C 116.25,2025-12-29 00:00:00,0.03607,112.421875,116.25,C,0.065711023,0.002517733,0.001824185,0.005830243,-0.000375548,9.2823E-05,1000.0000,CBoT 10y Monday Call Options C 116.25 Dec-2025,VBYM C 116.25 12/29/2025,USD,0,0.00334695,0.0030063,-0.000916132,0.013722414,0.006880394,0.001913305,0.001426164,VY5W11625L25
2025-12-16 00:00:00,0.001,VBYM C 116.25 12/29/2025 C 116.25,2025-12-29 00:00:00,0.036157,112.515625,116.25,C,0.061708423,0.002569171,0.001964014,0.006069763,-0.000349713,0.000102731,1000.0000,CBoT 10y Monday Call Options C 116.25 Dec-2025,VBYM C 116.25 12/29/2025,USD,0,0.003620952,0.00344128,-0.000859142,0.014581795,0.007592447,0.002151216,0.001694412,VY5W11625L25
2025-12-17 00:00:00,3.734375,VBYM P 116.25 12/29/2025 P 116.25,2025-12-29 00:00:00,0.03607,112.421875,116.25,P,,,,,,,1000.0000,CBoT 10y Monday Call Options P 116.25 Dec-2025,VBYM P 116.25 12/29/2025,USD,0,,,,,,,,VY5W11625X25
2025-12-16 00:00:00,3.734375,VBYM P 116.25 12/29/2025 P 116.25,2025-12-29 00:00:00,0.036157,112.515625,116.25,P,0.073232996,-0.989476778,0.005512554,0.015986399,-0.000986482,-0.04098216,1000.0000,CBoT 10y Monday Call Options P 116.25 Dec-2025,VBYM P 116.25 12/29/2025,USD,0,0.008042929,0.00393946,-0.002363432,0.027246042,0.011251865,0.004022942,0.001417896,VY5W11625X25
2025-12-17 00:00:00,0.001,VBYM C 116.5 12/29/2025 C 116.5,2025-12-29 00:00:00,0.03607,112.421875,116.5,C,0.069507171,0.002390889,0.001724109,0.005260054,-0.000378344,8.81213E-05,1000.0000,CBoT 10y Monday Call Options C 116.5 Dec-2025,VBYM C 116.5 12/29/2025,USD,0,0.003038191,0.002621825,-0.000879664,0.011773629,0.005949862,0.001747095,0.001255188,VY5W1165L25
2025-12-16 00:00:00,0.001,VBYM C 116.5 12/29/2025 C 116.5,2025-12-29 00:00:00,0.036157,112.515625,116.5,C,0.065362787,0.002436685,0.001852047,0.005462568,-0.000352445,9.74027E-05,1000.0000,CBoT 10y Monday Call Options C 116.5 Dec-2025,VBYM C 116.5 12/29/2025,USD,0,0.003279319,0.002991566,-0.000824164,0.012464957,0.006542954,0.001960128,0.001486932,VY5W1165L25
2025-12-17 00:00:00,3.984375,VBYM P 116.5 12/29/2025 P 116.5,2025-12-29 00:00:00,0.03607,112.421875,116.5,P,,,,,,,1000.0000,CBoT 10y Monday Call Options P 116.5 Dec-2025,VBYM P 116.5 12/29/2025,USD,0,,,,,,,,VY5W1165X25
2025-12-16 00:00:00,3.984375,VBYM P 116.5 12/29/2025 P 116.5,2025-12-29 00:00:00,0.036157,112.515625,116.5,P,0.078051356,-0.989465452,0.005490743,0.015015643,-0.001052521,-0.041070776,1000.0000,CBoT 10y Monday Call Options P 116.5 Dec-2025,VBYM P 116.5 12/29/2025,USD,0,0.007555987,0.003472834,-0.002366305,0.024007091,0.009916151,0.003778648,0.001249567,VY5W1165X25
2025-12-17 00:00:00,0.001,VBYM C 116.75 12/29/2025 C 116.75,2025-12-29 00:00:00,0.03607,112.421875,116.75,C,0.073276472,0.002277406,0.001635781,0.004774592,-0.000380967,8.3916E-05,1000.0000,CBoT 10y Monday Call Options C 116.75 Dec-2025,VBYM C 116.75 12/29/2025,USD,0,0.002773607,0.002304594,-0.000846609,0.010193228,0.005188993,0.001603745,0.001112667,VY5W11675L25
2025-12-16 00:00:00,0.001,VBYM C 116.75 12/29/2025 C 116.75,2025-12-29 00:00:00,0.036157,112.515625,116.75,C,0.068990836,0.00231846,0.001753641,0.00494753,-0.000355007,9.26497E-05,1000.0000,CBoT 10y Monday Call Options C 116.75 Dec-2025,VBYM C 116.75 12/29/2025,USD,0,0.002987606,0.002622123,-0.00079253,0.010756615,0.005688782,0.001795878,0.001314679,VY5W11675L25
2025-12-17 00:00:00,4.234375,VBYM P 116.75 12/29/2025 P 116.75,2025-12-29 00:00:00,0.03607,112.421875,116.75,P,,,,,,,1000.0000,CBoT 10y Monday Call Options P 116.75 Dec-2025,VBYM P 116.75 12/29/2025,USD,0,,,,,,,,VY5W11675X25
2025-12-16 00:00:00,4.234375,VBYM P 116.75 12/29/2025 P 116.75,2025-12-29 00:00:00,0.036157,112.515625,116.75,P,0.082859403,-0.989454127,0.005473561,0.014159525,-0.001118558,-0.041159387,1000.0000,CBoT 10y Monday Call Options P 116.75 Dec-2025,VBYM P 116.75 12/29/2025,USD,0,0.007126549,0.003085706,-0.002369176,0.021320601,0.008808163,0.003563201,0.001109936,VY5W11675X25
2025-12-17 00:00:00,0.001,VBYM C 117 12/29/2025 C 117,2025-12-29 00:00:00,0.03607,112.421875,117,C,0.077020313,0.002175232,0.001557212,0.004357452,-0.000383438,8.01306E-05,1000.0000,CBoT 10y Monday Call Options C 117 Dec-2025,VBYM C 117 12/29/2025,USD,0,0.002544884,0.00204002,-0.000816484,0.008896139,0.004559723,0.00147908,0.000992676,VY5W117L25
2025-12-16 00:00:00,0.001,VBYM C 117 12/29/2025 C 117,2025-12-29 00:00:00,0.036157,112.515625,117,C,0.072593972,0.002212259,0.00166644,0.004506443,-0.000357416,8.83813E-05,1000.0000,CBoT 10y Monday Call Options C 117 Dec-2025,VBYM C 117 12/29/2025,USD,0,0.002736227,0.002315198,-0.000763756,0.009360573,0.004985251,0.001653466,0.001170178,VY5W117L25
2025-12-17 00:00:00,4.484375,VBYM P 117 12/29/2025 P 117,2025-12-29 00:00:00,0.03607,112.421875,117,P,,,,,,,1000.0000,CBoT 10y Monday Call Options P 117 Dec-2025,VBYM P 117 12/29/2025,USD,0,,,,,,,,VY5W117X25
2025-12-16 00:00:00,4.484375,VBYM P 117 12/29/2025 P 117,2025-12-29 00:00:00,0.036157,112.515625,117,P,0.087657184,-0.989442803,0.005460021,0.013398874,-0.001184595,-0.041247995,1000.0000,CBoT 10y Monday Call Options P 117 Dec-2025,VBYM P 117 12/29/2025,USD,0,0.006744998,0.002760928,-0.002372044,0.01906733,0.007878759,0.003371777,0.00099281,VY5W117X25
2025-12-17 00:00:00,0.001,VBYM C 117.25 12/29/2025 C 117.25,2025-12-29 00:00:00,0.03607,112.421875,117.25,C,0.08073992,0.002082718,0.001486836,0.003996069,-0.000385772,7.67038E-05,1000.0000,CBoT 10y Monday Call Options C 117.25 Dec-2025,VBYM C 117.25 12/29/2025,USD,0,0.002345611,0.001817234,-0.000788896,0.007820149,0.00403397,0.001369856,0.00089075,VY5W11725L25
2025-12-16 00:00:00,0.001,VBYM C 117.25 12/29/2025 C 117.25,2025-12-29 00:00:00,0.036157,112.515625,117.25,C,0.076173424,0.002116296,0.0015886,0.004125447,-0.000359691,8.45254E-05,1000.0000,CBoT 10y Monday Call Options C 117.25 Dec-2025,VBYM C 117.25 12/29/2025,USD,0,0.002517834,0.002057648,-0.000737452,0.008206967,0.004399616,0.001529028,0.001047828,VY5W11725L25
2025-12-17 00:00:00,4.734375,VBYM P 117.25 12/29/2025 P 117.25,2025-12-29 00:00:00,0.03607,112.421875,117.25,P,,,,,,,1000.0000,CBoT 10y Monday Call Options P 117.25 Dec-2025,VBYM P 117.25 12/29/2025,USD,0,,,,,,,,VY5W11725X25
2025-12-16 00:00:00,4.734375,VBYM P 117.25 12/29/2025 P 117.25,2025-12-29 00:00:00,0.036157,112.515625,117.25,P,0.092444741,-0.989431482,0.005449385,0.012718564,-0.001250632,-0.041336599,1000.0000,CBoT 10y Monday Call Options P 117.25 Dec-2025,VBYM P 117.25 12/29/2025,USD,0,0.006403749,0.002485742,-0.002374909,0.017158587,0.007091389,0.003200571,0.000893584,VY5W11725X25
2025-12-17 00:00:00,0.001,VBYM C 117.5 12/29/2025 C 117.5,2025-12-29 00:00:00,0.03607,112.421875,117.5,C,0.084436382,0.001998524,0.001423408,0.003680679,-0.000387984,7.35857E-05,1000.0000,CBoT 10y Monday Call Options C 117.5 Dec-2025,VBYM C 117.5 12/29/2025,USD,0,0.002170775,0.001628009,-0.000763521,0.006918975,0.003590674,0.001273521,0.00080347,VY5W1175L25
2025-12-16 00:00:00,0.001,VBYM C 117.5 12/29/2025 C 117.5,2025-12-29 00:00:00,0.036157,112.515625,117.5,C,0.079730284,0.002029123,0.001518663,0.003793825,-0.000361844,8.10235E-05,1000.0000,CBoT 10y Monday Call Options C 117.5 Dec-2025,VBYM C 117.5 12/29/2025,USD,0,0.002326708,0.001839581,-0.000713296,0.00724414,0.003907463,0.001419538,0.000943364,VY5W1175L25
2025-12-17 00:00:00,4.984375,VBYM P 117.5 12/29/2025 P 117.5,2025-12-29 00:00:00,0.03607,112.421875,117.5,P,,,,,,,1000.0000,CBoT 10y Monday Call Options P 117.5 Dec-2025,VBYM P 117.5 12/29/2025,USD,0,,,,,,,,VY5W1175X25
2025-12-16 00:00:00,4.984375,VBYM P 117.5 12/29/2025 P 117.5,2025-12-29 00:00:00,0.036157,112.515625,117.5,P,0.097222119,-0.989420166,0.005441094,0.012106507,-0.001316668,-0.041425201,1000.0000,CBoT 10y Monday Call Options P 117.5 Dec-2025,VBYM P 117.5 12/29/2025,USD,0,0.006096737,0.002250502,-0.002377772,0.015527303,0.006418409,0.003046539,0.000808774,VY5W1175X25
2025-12-17 00:00:00,0.001,VBYM C 117.75 12/29/2025 C 117.75,2025-12-29 00:00:00,0.03607,112.421875,117.75,C,0.088110677,0.001921551,0.001365924,0.003403597,-0.000390085,7.07354E-05,1000.0000,CBoT 10y Monday Call Options C 117.75 Dec-2025,VBYM C 117.75 12/29/2025,USD,0,0.002016403,0.00146603,-0.000740088,0.00615766,0.003213806,0.001188039,0.000728186,VY5W11775L25
2025-12-16 00:00:00,0.001,VBYM C 117.75 12/29/2025 C 117.75,2025-12-29 00:00:00,0.036157,112.515625,117.75,C,0.083265529,0.00194956,0.001455459,0.003503184,-0.000363889,7.78278E-05,1000.0000,CBoT 10y Monday Call Options C 117.75 Dec-2025,VBYM C 117.75 12/29/2025,USD,0,0.002158343,0.001653441,-0.000691021,0.006433294,0.003490313,0.001322598,0.000853496,VY5W11775L25
2025-12-17 00:00:00,5.234375,VBYM P 117.75 12/29/2025 P 117.75,2025-12-29 00:00:00,0.03607,112.421875,117.75,P,,,,,,,1000.0000,CBoT 10y Monday Call Options P 117.75 Dec-2025,VBYM P 117.75 12/29/2025,USD,0,,,,,,,,VY5W11775X25
2025-12-16 00:00:00,5.234375,VBYM P 117.75 12/29/2025 P 117.75,2025-12-29 00:00:00,0.036157,112.515625,117.75,P,0.101989364,-0.989408854,0.005434716,0.011552921,-0.001382703,-0.041513802,1000.0000,CBoT 10y Monday Call Options P 117.75 Dec-2025,VBYM P 117.75 12/29/2025,USD,0,0.005819056,0.002047799,-0.002380633,0.01412199,0.005838599,0.002907222,0.000735705,VY5W11775X25
2025-12-17 00:00:00,0.001,VBYM C 118 12/29/2025 C 118,2025-12-29 00:00:00,0.03607,112.421875,118,C,0.091763685,0.001850887,0.001313565,0.003158699,-0.000392086,6.81192E-05,1000.0000,CBoT 10y Monday Call Options C 118 Dec-2025,VBYM C 118 12/29/2025,USD,0,0.001879316,0.001326387,-0.000718371,0.005509433,0.002891004,0.001111773,0.000662818,VY5W118L25
2025-12-16 00:00:00,0.001,VBYM C 118 12/29/2025 C 118,2025-12-29 00:00:00,0.036157,112.515625,118,C,0.086780038,0.001876628,0.001398037,0.003246866,-0.000365835,7.4899E-05,1000.0000,CBoT 10y Monday Call Options C 118 Dec-2025,VBYM C 118 12/29/2025,USD,0,0.002009141,0.001493383,-0.000670404,0.005744862,0.003133981,0.001236279,0.000775653,VY5W118L25
2025-12-17 00:00:00,5.484375,VBYM P 118 12/29/2025 P 118,2025-12-29 00:00:00,0.03607,112.421875,118,P,,,,,,,1000.0000,CBoT 10y Monday Call Options P 118 Dec-2025,VBYM P 118 12/29/2025,USD,0,,,,,,,,VY5W118X25
2025-12-16 00:00:00,5.484375,VBYM P 118 12/29/2025 P 118,2025-12-29 00:00:00,0.036157,112.515625,118,P,0.106746519,-0.989397546,0.005429915,0.011049813,-0.001448738,-0.0416024,1000.0000,CBoT 10y Monday Call Options P 118 Dec-2025,VBYM P 118 12/29/2025,USD,0,0.005566695,0.001871871,-0.002383492,0.012902592,0.005335446,0.002780607,0.000672296,VY5W118X25
2025-12-17 00:00:00,0.001,VBYM C 118.25 12/29/2025 C 118.25,2025-12-29 00:00:00,0.03607,112.421875,118.25,C,0.095396203,0.00178577,0.001265657,0.002941058,-0.000393996,6.57085E-05,1000.0000,CBoT 10y Monday Call Options C 118.25 Dec-2025,VBYM C 118.25 12/29/2025,USD,0,0.001756938,0.001205219,-0.000698179,0.004953537,0.002612616,0.001043387,0.000605716,VY5W11825L25
2025-12-16 00:00:00,0.001,VBYM C 118.25 12/29/2025 C 118.25,2025-12-29 00:00:00,0.036157,112.515625,118.25,C,0.090274604,0.001809513,0.001345621,0.003019529,-0.000367691,7.22042E-05,1000.0000,CBoT 10y Monday Call Options C 118.25 Dec-2025,VBYM C 118.25 12/29/2025,USD,0,0.001876203,0.001354828,-0.000651257,0.005156024,0.002827441,0.001159022,0.000707803,VY5W11825L25
2025-12-17 00:00:00,5.734375,VBYM P 118.25 12/29/2025 P 118.25,2025-12-29 00:00:00,0.03607,112.421875,118.25,P,,,,,,,1000.0000,CBoT 10y Monday Call Options P 118.25 Dec-2025,VBYM P 118.25 12/29/2025,USD,0,,,,,,,,VY5W11825X25
2025-12-16 00:00:00,5.734375,VBYM P 118.25 12/29/2025 P 118.25,2025-12-29 00:00:00,0.036157,112.515625,118.25,P,0.111493627,-0.989386245,0.005426422,0.010590578,-0.001514772,-0.041690998,1000.0000,CBoT 10y Monday Call Options P 118.25 Dec-2025,VBYM P 118.25 12/29/2025,USD,0,0.005336343,0.001718179,-0.002386348,0.011837561,0.004895949,0.002665033,0.00061691,VY5W11825X25
2025-12-17 00:00:00,0.001,VBYM C 118.5 12/29/2025 C 118.5,2025-12-29 00:00:00,0.03607,112.421875,118.5,C,0.099008958,0.001725555,0.001221639,0.002746668,-0.000395822,6.34797E-05,1000.0000,CBoT 10y Monday Call Options C 118.5 Dec-2025,VBYM C 118.5 12/29/2025,USD,0,0.001647168,0.001099456,-0.000679348,0.00447369,0.002371027,0.000981788,0.000555556,VY5W1185L25
2025-12-16 00:00:00,0.001,VBYM C 118.5 12/29/2025 C 118.5,2025-12-29 00:00:00,0.036157,112.515625,118.5,C,0.093749948,0.001747529,0.001297567,0.00281685,-0.000369465,6.97157E-05,1000.0000,CBoT 10y Monday Call Options C 118.5 Dec-2025,VBYM C 118.5 12/29/2025,USD,0,0.001757168,0.001234151,-0.000633421,0.004648956,0.002562027,0.001089547,0.000648323,VY5W1185L25
2025-12-17 00:00:00,5.984375,VBYM P 118.5 12/29/2025 P 118.5,2025-12-29 00:00:00,0.03607,112.421875,118.5,P,,,,,,,1000.0000,CBoT 10y Monday Call Options P 118.5 Dec-2025,VBYM P 118.5 12/29/2025,USD,0,,,,,,,,VY5W1185X25
2025-12-16 00:00:00,5.984375,VBYM P 118.5 12/29/2025 P 118.5,2025-12-29 00:00:00,0.036157,112.515625,118.5,P,0.116230732,-0.98937495,0.005424028,0.010169718,-0.001580806,-0.041779595,1000.0000,CBoT 10y Monday Call Options P 118.5 Dec-2025,VBYM P 118.5 12/29/2025,USD,0,0.005125242,0.001583106,-0.002389202,0.010901783,0.004509754,0.002559116,0.000568241,VY5W1185X25
2025-12-17 00:00:00,0.001,VBYM C 118.75 12/29/2025 C 118.75,2025-12-29 00:00:00,0.03607,112.421875,118.75,C,0.102602609,0.001669697,0.001181043,0.002572241,-0.000397572,6.14122E-05,1000.0000,CBoT 10y Monday Call Options C 118.75 Dec-2025,VBYM C 118.75 12/29/2025,USD,0,0.00154827,0.001006634,-0.000661737,0.004056993,0.002160162,0.000926068,0.000511269,VY5W11875L25
2025-12-16 00:00:00,0.001,VBYM C 118.75 12/29/2025 C 118.75,2025-12-29 00:00:00,0.036157,112.515625,118.75,C,0.097206728,0.001690097,0.001253336,0.002635293,-0.000371164,6.74103E-05,1000.0000,CBoT 10y Monday Call Options C 118.75 Dec-2025,VBYM C 118.75 12/29/2025,USD,0,0.001650096,0.001128451,-0.000616757,0.004209585,0.002330854,0.001026799,0.000595905,VY5W11875L25
2025-12-17 00:00:00,6.234375,VBYM P 118.75 12/29/2025 P 118.75,2025-12-29 00:00:00,0.03607,112.421875,118.75,P,,,,,,,1000.0000,CBoT 10y Monday Call Options P 118.75 Dec-2025,VBYM P 118.75 12/29/2025,USD,0,,,,,,,,VY5W11875X25
2025-12-16 00:00:00,6.234375,VBYM P 118.75 12/29/2025 P 118.75,2025-12-29 00:00:00,0.036157,112.515625,118.75,P,0.120957876,-0.989363662,0.00542256,0.009782617,-0.001646839,-0.041868191,1000.0000,CBoT 10y Monday Call Options P 118.75 Dec-2025,VBYM P 118.75 12/29/2025,USD,0,0.004931075,0.001463746,-0.002392054,0.010075059,0.004168534,0.002461694,0.00052524,VY5W11875X25
2025-12-17 00:00:00,0.001,VBYM C 119 12/29/2025 C 119,2025-12-29 00:00:00,0.03607,112.421875,119,C,0.106177771,0.001617729,0.001143474,0.002415062,-0.000399251,5.94889E-05,1000.0000,CBoT 10y Monday Call Options C 119 Dec-2025,VBYM C 119 12/29/2025,USD,0,0.001458806,0.000924759,-0.000645227,0.003693125,0.001975138,0.000875471,0.000471982,VY5W119L25
2025-12-16 00:00:00,0.001,VBYM C 119 12/29/2025 C 119,2025-12-29 00:00:00,0.036157,112.515625,119,C,0.100645548,0.001636721,0.001212478,0.002471942,-0.000372794,6.52679E-05,1000.0000,CBoT 10y Monday Call Options C 119 Dec-2025,VBYM C 119 12/29/2025,USD,0,0.001553381,0.001035388,-0.000601149,0.003826694,0.002128402,0.000969901,0.000549485,VY5W119L25
2025-12-17 00:00:00,6.484375,VBYM P 119 12/29/2025 P 119,2025-12-29 00:00:00,0.03607,112.421875,119,P,,,,,,,1000.0000,CBoT 10y Monday Call Options P 119 Dec-2025,VBYM P 119 12/29/2025,USD,0,,,,,,,,VY5W119X25
2025-12-16 00:00:00,6.484375,VBYM P 119 12/29/2025 P 119,2025-12-29 00:00:00,0.036157,112.515625,119,P,0.125675102,-0.98935238,0.00542188,0.009425369,-0.00171287,-0.041956787,1000.0000,CBoT 10y Monday Call Options P 119 Dec-2025,VBYM P 119 12/29/2025,USD,0,0.004751883,0.00135774,-0.002394903,0.009340992,0.003865529,0.002371784,0.000487054,VY5W119X25
2025-12-17 00:00:00,0.001,VBYM C 119.25 12/29/2025 C 119.25,2025-12-29 00:00:00,0.03607,112.421875,119.25,C,0.109735001,0.001569248,0.001108594,0.002272868,-0.000400864,5.76949E-05,1000.0000,CBoT 10y Monday Call Options C 119.25 Dec-2025,VBYM C 119.25 12/29/2025,USD,0,0.001377571,0.000852203,-0.000629711,0.003373756,0.001811988,0.00082936,0.000436977,VY5W11925L25
2025-12-16 00:00:00,0.001,VBYM C 119.25 12/29/2025 C 119.25,2025-12-29 00:00:00,0.036157,112.515625,119.25,C,0.104066962,0.001586977,0.00117461,0.002324377,-0.00037436,6.32714E-05,1000.0000,CBoT 10y Monday Call Options C 119.25 Dec-2025,VBYM C 119.25 12/29/2025,USD,0,0.001465683,0.000953058,-0.000586493,0.003491259,0.001950207,0.000918115,0.000508192,VY5W11925L25
2025-12-17 00:00:00,6.734375,VBYM P 119.25 12/29/2025 P 119.25,2025-12-29 00:00:00,0.03607,112.421875,119.25,P,,,,,,,1000.0000,CBoT 10y Monday Call Options P 119.25 Dec-2025,VBYM P 119.25 12/29/2025,USD,0,,,,,,,,VY5W11925X25
2025-12-16 00:00:00,6.734375,VBYM P 119.25 12/29/2025 P 119.25,2025-12-29 00:00:00,0.036157,112.515625,119.25,P,0.130382454,-0.989341104,0.005421873,0.00909465,-0.001778902,-0.042045382,1000.0000,CBoT 10y Monday Call Options P 119.25 Dec-2025,VBYM P 119.25 12/29/2025,USD,0,0.004586,0.001263154,-0.00239775,0.008686165,0.003595207,0.002288551,0.000452988,VY5W11925X25
2025-12-17 00:00:00,0.001,VBYM C 119.5 12/29/2025 C 119.5,2025-12-29 00:00:00,0.03607,112.421875,119.5,C,0.113274818,0.001523908,0.001076115,0.002143761,-0.000402417,5.60171E-05,1000.0000,CBoT 10y Monday Call Options C 119.5 Dec-2025,VBYM C 119.5 12/29/2025,USD,0,0.00130355,0.000787626,-0.000615097,0.003092108,0.001667472,0.000787198,0.000405661,VY5W1195L25
2025-12-16 00:00:00,0.001,VBYM C 119.5 12/29/2025 C 119.5,2025-12-29 00:00:00,0.036157,112.515625,119.5,C,0.107471484,0.001540497,0.001139405,0.002190572,-0.000375867,6.14062E-05,1000.0000,CBoT 10y Monday Call Options C 119.5 Dec-2025,VBYM C 119.5 12/29/2025,USD,0,0.001385876,0.000879898,-0.000572702,0.003195958,0.001792626,0.000870822,0.000471305,VY5W1195L25
2025-12-17 00:00:00,6.984375,VBYM P 119.5 12/29/2025 P 119.5,2025-12-29 00:00:00,0.03607,112.421875,119.5,P,,,,,,,1000.0000,CBoT 10y Monday Call Options P 119.5 Dec-2025,VBYM P 119.5 12/29/2025,USD,0,,,,,,,,VY5W1195X25
2025-12-16 00:00:00,6.984375,VBYM P 119.5 12/29/2025 P 119.5,2025-12-29 00:00:00,0.036157,112.515625,119.5,P,0.135079973,-0.989329836,0.005422445,0.008787612,-0.001844932,-0.042133976,1000.0000,CBoT 10y Monday Call Options P 119.5 Dec-2025,VBYM P 119.5 12/29/2025,USD,0,0.004431996,0.001178394,-0.002400595,0.008099506,0.003353004,0.002211277,0.000422465,VY5W1195X25
2025-12-17 00:00:00,0.001,VBYM C 119.75 12/29/2025 C 119.75,2025-12-29 00:00:00,0.03607,112.421875,119.75,C,0.116797706,0.001481405,0.001045791,0.002026139,-0.000403914,5.44445E-05,1000.0000,CBoT 10y Monday Call Options C 119.75 Dec-2025,VBYM C 119.75 12/29/2025,USD,0,0.001235885,0.000729918,-0.000601306,0.002842628,0.001538917,0.000748526,0.000377538,VY5W11975L25
2025-12-16 00:00:00,0.001,VBYM C 119.75 12/29/2025 C 119.75,2025-12-29 00:00:00,0.036157,112.515625,119.75,C,0.110859588,0.001496964,0.001106584,0.002068822,-0.000377318,5.96593E-05,1000.0000,CBoT 10y Monday Call Options C 119.75 Dec-2025,VBYM C 119.75 12/29/2025,USD,0,0.001313007,0.000814617,-0.000559695,0.002934807,0.001652668,0.000827494,0.000438225,VY5W11975L25
2025-12-17 00:00:00,7.234375,VBYM P 119.75 12/29/2025 P 119.75,2025-12-29 00:00:00,0.03607,112.421875,119.75,P,,,,,,,1000.0000,CBoT 10y Monday Call Options P 119.75 Dec-2025,VBYM P 119.75 12/29/2025,USD,0,,,,,,,,VY5W11975X25
2025-12-16 00:00:00,7.234375,VBYM P 119.75 12/29/2025 P 119.75,2025-12-29 00:00:00,0.036157,112.515625,119.75,P,0.139767702,-0.989318574,0.005423518,0.0085018,-0.001910962,-0.042222571,1000.0000,CBoT 10y Monday Call Options P 119.75 Dec-2025,VBYM P 119.75 12/29/2025,USD,0,0.004288639,0.001102138,-0.002403438,0.007571819,0.003135128,0.002139345,0.000395007,VY5W11975X25
2025-12-17 00:00:00,0.001,VBYM C 120 12/29/2025 C 120,2025-12-29 00:00:00,0.03607,112.421875,120,C,0.120304109,0.001441476,0.001017406,0.001918641,-0.000405358,5.29671E-05,1000.0000,CBoT 10y Monday Call Options C 120 Dec-2025,VBYM C 120 12/29/2025,USD,0,0.001173841,0.000678155,-0.000588265,0.002620727,0.001424109,0.000712954,0.000352194,VY5W120L25
2025-12-16 00:00:00,0.001,VBYM C 120 12/29/2025 C 120,2025-12-29 00:00:00,0.036157,112.515625,120,C,0.114231716,0.001456099,0.001075905,0.001957679,-0.000378719,5.80196E-05,1000.0000,CBoT 10y Monday Call Options C 120 Dec-2025,VBYM C 120 12/29/2025,USD,0,0.001246266,0.000756142,-0.000547406,0.002702878,0.001527856,0.000787681,0.000408452,VY5W120L25
2025-12-17 00:00:00,7.484375,VBYM P 120 12/29/2025 P 120,2025-12-29 00:00:00,0.03607,112.421875,120,P,,,,,,,1000.0000,CBoT 10y Monday Call Options P 120 Dec-2025,VBYM P 120 12/29/2025,USD,0,,,,,,,,VY5W120X25
2025-12-16 00:00:00,7.484375,VBYM P 120 12/29/2025 P 120,2025-12-29 00:00:00,0.036157,112.515625,120,P,0.144445682,-0.989307319,0.005425026,0.008235086,-0.00197699,-0.042311165,1000.0000,CBoT 10y Monday Call Options P 120 Dec-2025,VBYM P 120 12/29/2025,USD,0,0.004154863,0.001033275,-0.002406278,0.007095407,0.002938405,0.002072218,0.000370216,VY5W120X25
2025-12-17 00:00:00,0.001,VBYM C 120.25 12/29/2025 C 120.25,2025-12-29 00:00:00,0.03607,112.421875,120.25,C,0.123794446,0.001403888,0.000990774,0.001820105,-0.000406754,5.15765E-05,1000.0000,CBoT 10y Monday Call Options C 120.25 Dec-2025,VBYM C 120.25 12/29/2025,USD,0,0.001116791,0.000631561,-0.000575913,0.002422596,0.001321197,0.000680144,0.000329277,VY5W12025L25
2025-12-16 00:00:00,0.001,VBYM C 120.25 12/29/2025 C 120.25,2025-12-29 00:00:00,0.036157,112.515625,120.25,C,0.117588279,0.001417659,0.001047157,0.001855914,-0.000380072,5.64773E-05,1000.0000,CBoT 10y Monday Call Options C 120.25 Dec-2025,VBYM C 120.25 12/29/2025,USD,0,0.001184961,0.000703574,-0.000535773,0.002496086,0.00141613,0.000750996,0.000381564,VY5W12025L25
2025-12-17 00:00:00,7.734375,VBYM P 120.25 12/29/2025 P 120.25,2025-12-29 00:00:00,0.03607,112.421875,120.25,P,,,,,,,1000.0000,CBoT 10y Monday Call Options P 120.25 Dec-2025,VBYM P 120.25 12/29/2025,USD,0,,,,,,,,VY5W12025X25
2025-12-16 00:00:00,7.734375,VBYM P 120.25 12/29/2025 P 120.25,2025-12-29 00:00:00,0.036157,112.515625,120.25,P,0.149113953,-0.989296072,0.005426914,0.007985617,-0.002043018,-0.042399759,1000.0000,CBoT 10y Monday Call Options P 120.25 Dec-2025,VBYM P 120.25 12/29/2025,USD,0,0.004029738,0.000970873,-0.002409116,0.006663797,0.002760165,0.002009432,0.000347754,VY5W12025X25
2025-12-17 00:00:00,0.001,VBYM C 120.5 12/29/2025 C 120.5,2025-12-29 00:00:00,0.03607,112.421875,120.5,C,0.12726911,0.001368437,0.000965733,0.001729535,-0.000408104,5.0265E-05,1000.0000,CBoT 10y Monday Call Options C 120.5 Dec-2025,VBYM C 120.5 12/29/2025,USD,0,0.001064194,0.000589481,-0.000564194,0.002245048,0.00122863,0.000649806,0.000308491,VY5W1205L25
2025-12-16 00:00:00,0.001,VBYM C 120.5 12/29/2025 C 120.5,2025-12-29 00:00:00,0.036157,112.515625,120.5,C,0.120929662,0.001381429,0.001020159,0.001762469,-0.00038138,5.50238E-05,1000.0000,CBoT 10y Monday Call Options C 120.5 Dec-2025,VBYM C 120.5 12/29/2025,USD,0,0.001128495,0.000656156,-0.000524742,0.002311022,0.001315762,0.000717105,0.000357204,VY5W1205L25
2025-12-17 00:00:00,7.984375,VBYM P 120.5 12/29/2025 P 120.5,2025-12-29 00:00:00,0.03607,112.421875,120.5,P,,,,,,,1000.0000,CBoT 10y Monday Call Options P 120.5 Dec-2025,VBYM P 120.5 12/29/2025,USD,0,,,,,,,,VY5W1205X25
2025-12-16 00:00:00,7.984375,VBYM P 120.5 12/29/2025 P 120.5,2025-12-29 00:00:00,0.036157,112.515625,120.5,P,0.153772558,-0.989284831,0.005429135,0.007751775,-0.002109045,-0.042488353,1000.0000,CBoT 10y Monday Call Options P 120.5 Dec-2025,VBYM P 120.5 12/29/2025,USD,0,0.003912452,0.000914143,-0.002411952,0.006271505,0.002598148,0.001950577,0.000327336,VY5W1205X25
2025-12-17 00:00:00,0.001,VBYM C 120.75 12/29/2025 C 120.75,2025-12-29 00:00:00,0.03607,112.421875,120.75,C,0.130728464,0.00133494,0.000942138,0.001646069,-0.00040941,4.90258E-05,1000.0000,CBoT 10y Monday Call Options C 120.75 Dec-2025,VBYM C 120.75 12/29/2025,USD,0,0.001015581,0.000551359,-0.000553057,0.002085406,0.001145097,0.000621685,0.000289582,VY5W12075L25
2025-12-16 00:00:00,0.001,VBYM C 120.75 12/29/2025 C 120.75,2025-12-29 00:00:00,0.036157,112.515625,120.75,C,0.124256223,0.00134722,0.000994749,0.001676437,-0.000382646,5.36515E-05,1000.0000,CBoT 10y Monday Call Options C 120.75 Dec-2025,VBYM C 120.75 12/29/2025,USD,0,0.001076355,0.000613247,-0.000514266,0.00214483,0.001225297,0.00068572,0.000335068,VY5W12075L25
2025-12-17 00:00:00,8.234375,VBYM P 120.75 12/29/2025 P 120.75,2025-12-29 00:00:00,0.03607,112.421875,120.75,P,,,,,,,1000.0000,CBoT 10y Monday Call Options P 120.75 Dec-2025,VBYM P 120.75 12/29/2025,USD,0,,,,,,,,VY5W12075X25
2025-12-16 00:00:00,8.234375,VBYM P 120.75 12/29/2025 P 120.75,2025-12-29 00:00:00,0.036157,112.515625,120.75,P,0.158421539,-0.989273597,0.005431649,0.007532136,-0.002175071,-0.042576948,1000.0000,CBoT 10y Monday Call Options P 120.75 Dec-2025,VBYM P 120.75 12/29/2025,USD,0,0.003802291,0.000862413,-0.002414785,0.005913864,0.002450429,0.001895298,0.00030872,VY5W12075X25
2025-12-17 00:00:00,0.001,VBYM C 121 12/29/2025 C 121,2025-12-29 00:00:00,0.03607,112.421875,121,C,0.134172856,0.001303239,0.000919865,0.001568963,-0.000410677,4.78531E-05,1000.0000,CBoT 10y Monday Call Options C 121 Dec-2025,VBYM C 121 12/29/2025,USD,0,0.000970545,0.000516723,-0.000542458,0.001941406,0.001069485,0.000595562,0.000272334,VY5W121L25
2025-12-16 00:00:00,0.001,VBYM C 121 12/29/2025 C 121,2025-12-29 00:00:00,0.036157,112.515625,121,C,0.127568304,0.001314864,0.000970788,0.001597031,-0.000383873,5.23535E-05,1000.0000,CBoT 10y Monday Call Options C 121 Dec-2025,VBYM C 121 12/29/2025,USD,0,0.001028094,0.000574304,-0.000504301,0.001995097,0.001143503,0.000656588,0.000314896,VY5W121L25
2025-12-17 00:00:00,8.484375,VBYM P 121 12/29/2025 P 121,2025-12-29 00:00:00,0.03607,112.421875,121,P,,,,,,,1000.0000,CBoT 10y Monday Call Options P 121 Dec-2025,VBYM P 121 12/29/2025,USD,0,,,,,,,,VY5W121X25
2025-12-16 00:00:00,8.484375,VBYM P 121 12/29/2025 P 121,2025-12-29 00:00:00,0.036157,112.515625,121,P,0.163060934,-0.989262371,0.005434422,0.007325445,-0.002241096,-0.042665542,1000.0000,CBoT 10y Monday Call Options P 121 Dec-2025,VBYM P 121 12/29/2025,USD,0,0.003698624,0.000815106,-0.002417616,0.005586883,0.002315361,0.001843276,0.000291698,VY5W121X25
2025-12-17 00:00:00,0.001,VBYM C 121.25 12/29/2025 C 121.25,2025-12-29 00:00:00,0.03607,112.421875,121.25,C,0.137602606,0.001273187,0.0008988,0.001497568,-0.000411905,4.67415E-05,1000.0000,CBoT 10y Monday Call Options C 121.25 Dec-2025,VBYM C 121.25 12/29/2025,USD,0,0.000928732,0.000485167,-0.000532357,0.001811124,0.001000845,0.000571244,0.000256559,VY5W12125L25
2025-12-16 00:00:00,0.001,VBYM C 121.25 12/29/2025 C 121.25,2025-12-29 00:00:00,0.036157,112.515625,121.25,C,0.130866219,0.00128421,0.00094815,0.001523569,-0.000385063,5.11238E-05,1000.0000,CBoT 10y Monday Call Options C 121.25 Dec-2025,VBYM C 121.25 12/29/2025,USD,0,0.000983321,0.00053886,-0.000494809,0.001859778,0.00106933,0.00062949,0.000296465,VY5W12125L25
2025-12-17 00:00:00,8.734375,VBYM P 121.25 12/29/2025 P 121.25,2025-12-29 00:00:00,0.03607,112.421875,121.25,P,,,,,,,1000.0000,CBoT 10y Monday Call Options P 121.25 Dec-2025,VBYM P 121.25 12/29/2025,USD,0,,,,,,,,VY5W12125X25
2025-12-16 00:00:00,8.734375,VBYM P 121.25 12/29/2025 P 121.25,2025-12-29 00:00:00,0.036157,112.515625,121.25,P,0.167690784,-0.989251153,0.005437425,0.007130589,-0.00230712,-0.042754136,1000.0000,CBoT 10y Monday Call Options P 121.25 Dec-2025,VBYM P 121.25 12/29/2025,USD,0,0.003600895,0.000771728,-0.002420445,0.005287129,0.002191529,0.001794233,0.000276093,VY5W12125X25
2025-12-17 00:00:00,0.001,VBYM C 121.5 12/29/2025 C 121.5,2025-12-29 00:00:00,0.03607,112.421875,121.5,C,0.141018024,0.001244658,0.000878845,0.001431317,-0.000413097,4.56862E-05,1000.0000,CBoT 10y Monday Call Options C 121.5 Dec-2025,VBYM C 121.5 12/29/2025,USD,0,0.000889829,0.000456342,-0.000522718,0.001692919,0.000938365,0.00054856,0.000242096,VY5W1215L25
2025-12-16 00:00:00,0.001,VBYM C 121.5 12/29/2025 C 121.5,2025-12-29 00:00:00,0.036157,112.515625,121.5,C,0.134150272,0.001255124,0.000926725,0.001455455,-0.000386218,4.99572E-05,1000.0000,CBoT 10y Monday Call Options C 121.5 Dec-2025,VBYM C 121.5 12/29/2025,USD,0,0.000941697,0.000506515,-0.000485756,0.001737132,0.001001882,0.000604232,0.000279582,VY5W1215L25
2025-12-17 00:00:00,8.984375,VBYM P 121.5 12/29/2025 P 121.5,2025-12-29 00:00:00,0.03607,112.421875,121.5,P,,,,,,,1000.0000,CBoT 10y Monday Call Options P 121.5 Dec-2025,VBYM P 121.5 12/29/2025,USD,0,,,,,,,,VY5W1215X25
2025-12-16 00:00:00,8.984375,VBYM P 121.5 12/29/2025 P 121.5,2025-12-29 00:00:00,0.036157,112.515625,121.5,P,0.17231113,-0.989239941,0.005440631,0.006946581,-0.002373143,-0.04284273,1000.0000,CBoT 10y Monday Call Options P 121.5 Dec-2025,VBYM P 121.5 12/29/2025,USD,0,0.003508608,0.000731853,-0.002423272,0.00501164,0.00207771,0.001747919,0.000261749,VY5W1215X25
2025-12-17 00:00:00,0.001,VBYM C 121.75 12/29/2025 C 121.75,2025-12-29 00:00:00,0.03607,112.421875,121.75,C,0.144419397,0.001217535,0.000859911,0.001369714,-0.000414256,4.4683E-05,1000.0000,CBoT 10y Monday Call Options C 121.75 Dec-2025,VBYM C 121.75 12/29/2025,USD,0,0.000853562,0.000429948,-0.000513509,0.001585384,0.000881346,0.000527361,0.000228806,VY5W12175L25
2025-12-16 00:00:00,0.001,VBYM C 121.75 12/29/2025 C 121.75,2025-12-29 00:00:00,0.036157,112.515625,121.75,C,0.137420743,0.001227487,0.000906415,0.001392167,-0.00038734,4.88486E-05,1000.0000,CBoT 10y Monday Call Options C 121.75 Dec-2025,VBYM C 121.75 12/29/2025,USD,0,0.000902922,0.000476923,-0.00047711,0.001625666,0.000940386,0.000580643,0.000264081,VY5W12175L25
2025-12-17 00:00:00,9.234375,VBYM P 121.75 12/29/2025 P 121.75,2025-12-29 00:00:00,0.03607,112.421875,121.75,P,,,,,,,1000.0000,CBoT 10y Monday Call Options P 121.75 Dec-2025,VBYM P 121.75 12/29/2025,USD,0,,,,,,,,VY5W12175X25
2025-12-16 00:00:00,9.234375,VBYM P 121.75 12/29/2025 P 121.75,2025-12-29 00:00:00,0.036157,112.515625,121.75,P,0.176922012,-0.989228736,0.00544402,0.006772539,-0.002439165,-0.042931324,1000.0000,CBoT 10y Monday Call Options P 121.75 Dec-2025,VBYM P 121.75 12/29/2025,USD,0,0.00342132,0.000695109,-0.002426097,0.004757844,0.001972846,0.001704114,0.000248534,VY5W12175X25
2025-12-17 00:00:00,0.001,VBYM C 122 12/29/2025 C 122,2025-12-29 00:00:00,0.03607,112.421875,122,C,0.147807,0.001191716,0.00084192,0.00131232,-0.000415382,4.3728E-05,1000.0000,CBoT 10y Monday Call Options C 122 Dec-2025,VBYM C 122 12/29/2025,USD,0,0.000819691,0.000405722,-0.000504699,0.001487307,0.000829182,0.000507514,0.000216565,VY5W122L25
2025-12-16 00:00:00,0.001,VBYM C 122 12/29/2025 C 122,2025-12-29 00:00:00,0.036157,112.515625,122,C,0.140677904,0.001201191,0.000887132,0.001333246,-0.000388431,4.77939E-05,1000.0000,CBoT 10y Monday Call Options C 122 Dec-2025,VBYM C 122 12/29/2025,USD,0,0.000866733,0.000449787,-0.000468843,0.0015241,0.000884179,0.000558574,0.000249816,VY5W122L25
2025-12-17 00:00:00,9.484375,VBYM P 122 12/29/2025 P 122,2025-12-29 00:00:00,0.03607,112.421875,122,P,,,,,,,1000.0000,CBoT 10y Monday Call Options P 122 Dec-2025,VBYM P 122 12/29/2025,USD,0,,,,,,,,VY5W122X25
2025-12-16 00:00:00,9.484375,VBYM P 122 12/29/2025 P 122,2025-12-29 00:00:00,0.036157,112.515625,122,P,0.181523468,-0.98921754,0.005447571,0.006607676,-0.002505186,-0.043019919,1000.0000,CBoT 10y Monday Call Options P 122 Dec-2025,VBYM P 122 12/29/2025,USD,0,0.003338637,0.000661175,-0.002428919,0.004523505,0.001876011,0.001662619,0.00023633,VY5W122X25
2025-12-17 00:00:00,0.001,VBYM C 122.25 12/29/2025 C 122.25,2025-12-29 00:00:00,0.03607,112.421875,122.25,C,0.151181093,0.001167105,0.000824799,0.00125875,-0.000416479,4.28178E-05,1000.0000,CBoT 10y Monday Call Options C 122.25 Dec-2025,VBYM C 122.25 12/29/2025,USD,0,0.000788,0.000383438,-0.000496263,0.001397641,0.000781351,0.000488902,0.000205268,VY5W12225L25
2025-12-16 00:00:00,0.001,VBYM C 122.25 12/29/2025 C 122.25,2025-12-29 00:00:00,0.036157,112.515625,122.25,C,0.143922008,0.001176137,0.000868796,0.001278288,-0.000389492,4.67891E-05,1000.0000,CBoT 10y Monday Call Options C 122.25 Dec-2025,VBYM C 122.25 12/29/2025,USD,0,0.000832895,0.000424846,-0.00046093,0.001431326,0.000832683,0.00053789,0.000236661,VY5W12225L25
2025-12-17 00:00:00,9.734375,VBYM P 122.25 12/29/2025 P 122.25,2025-12-29 00:00:00,0.03607,112.421875,122.25,P,,,,,,,1000.0000,CBoT 10y Monday Call Options P 122.25 Dec-2025,VBYM P 122.25 12/29/2025,USD,0,,,,,,,,VY5W12225X25
2025-12-16 00:00:00,9.734375,VBYM P 122.25 12/29/2025 P 122.25,2025-12-29 00:00:00,0.036157,112.515625,122.25,P,0.18611554,-0.98920635,0.005451269,0.006451284,-0.002571206,-0.043108514,1000.0000,CBoT 10y Monday Call Options P 122.25 Dec-2025,VBYM P 122.25 12/29/2025,USD,0,0.003260203,0.000629768,-0.002431739,0.004306668,0.001786401,0.001623255,0.000225037,VY5W12225X25
2025-12-17 00:00:00,0.001,VBYM C 122.5 12/29/2025 C 122.5,2025-12-29 00:00:00,0.03607,112.421875,122.5,C,0.154541924,0.001143618,0.000808486,0.001208662,-0.000417546,4.19491E-05,1000.0000,CBoT 10y Monday Call Options C 122.5 Dec-2025,VBYM C 122.5 12/29/2025,USD,0,0.0007583,0.000362897,-0.000488175,0.001315477,0.000737396,0.00047142,0.000194821,VY5W1225L25
2025-12-16 00:00:00,0.001,VBYM C 122.5 12/29/2025 C 122.5,2025-12-29 00:00:00,0.036157,112.515625,122.5,C,0.147153296,0.001152239,0.000851339,0.001226935,-0.000390525,4.58307E-05,1000.0000,CBoT 10y Monday Call Options C 122.5 Dec-2025,VBYM C 122.5 12/29/2025,USD,0,0.000801203,0.000401873,-0.000453346,0.001346386,0.000785399,0.000518474,0.000224505,VY5W1225L25
2025-12-17 00:00:00,9.984375,VBYM P 122.5 12/29/2025 P 122.5,2025-12-29 00:00:00,0.03607,112.421875,122.5,P,,,,,,,1000.0000,CBoT 10y Monday Call Options P 122.5 Dec-2025,VBYM P 122.5 12/29/2025,USD,0,,,,,,,,VY5W1225X25
2025-12-16 00:00:00,9.984375,VBYM P 122.5 12/29/2025 P 122.5,2025-12-29 00:00:00,0.036157,112.515625,122.5,P,0.190698265,-0.989195168,0.005455097,0.006302726,-0.002637224,-0.043197108,1000.0000,CBoT 10y Monday Call Options P 122.5 Dec-2025,VBYM P 122.5 12/29/2025,USD,0,0.0031857,0.000600641,-0.002434557,0.004105617,0.001703308,0.001585863,0.000214566,VY5W1225X25
2025-12-17 00:00:00,0.001,VBYM C 122.75 12/29/2025 C 122.75,2025-12-29 00:00:00,0.03607,112.421875,122.75,C,0.157889727,0.001121179,0.000792921,0.001161751,-0.000418586,4.11192E-05,1000.0000,CBoT 10y Monday Call Options C 122.75 Dec-2025,VBYM C 122.75 12/29/2025,USD,0,0.00073042,0.000343925,-0.000480414,0.001240024,0.000696918,0.000454973,0.000185142,VY5W12275L25
2025-12-16 00:00:00,0.001,VBYM C 122.75 12/29/2025 C 122.75,2025-12-29 00:00:00,0.036157,112.515625,122.75,C,0.150372,0.001129416,0.000834695,0.001178869,-0.000391532,4.49153E-05,1000.0000,CBoT 10y Monday Call Options C 122.75 Dec-2025,VBYM C 122.75 12/29/2025,USD,0,0.000771471,0.000380671,-0.000446071,0.001268446,0.000741889,0.000500218,0.00021325,VY5W12275L25
2025-12-17 00:00:00,10.234375,VBYM P 122.75 12/29/2025 P 122.75,2025-12-29 00:00:00,0.03607,112.421875,122.75,P,,,,,,,1000.0000,CBoT 10y Monday Call Options P 122.75 Dec-2025,VBYM P 122.75 12/29/2025,USD,0,,,,,,,,VY5W12275X25
2025-12-16 00:00:00,10.234375,VBYM P 122.75 12/29/2025 P 122.75,2025-12-29 00:00:00,0.036157,112.515625,122.75,P,0.195271683,-0.989183992,0.005459045,0.006161431,-0.002703242,-0.043285703,1000.0000,CBoT 10y Monday Call Options P 122.75 Dec-2025,VBYM P 122.75 12/29/2025,USD,0,0.003114839,0.000573576,-0.002437373,0.003918843,0.001626108,0.001550299,0.000204837,VY5W12275X25
2025-12-17 00:00:00,0.001,VBYM C 123 12/29/2025 C 123,2025-12-29 00:00:00,0.03607,112.421875,123,C,0.161224727,0.001099717,0.000778053,0.001117746,-0.0004196,4.03255E-05,1000.0000,CBoT 10y Monday Call Options C 123 Dec-2025,VBYM C 123 12/29/2025,USD,0,0.00070421,0.000326368,-0.000472959,0.001170589,0.000659568,0.000439478,0.000176158,VY5W123L25
2025-12-16 00:00:00,0.001,VBYM C 123 12/29/2025 C 123,2025-12-29 00:00:00,0.036157,112.515625,123,C,0.153578337,0.001107595,0.000818807,0.001133807,-0.000392513,4.40403E-05,1000.0000,CBoT 10y Monday Call Options C 123 Dec-2025,VBYM C 123 12/29/2025,USD,0,0.000743536,0.000361064,-0.000439086,0.001196778,0.000701771,0.000483028,0.000202811,VY5W123L25
2025-12-17 00:00:00,10.484375,VBYM P 123 12/29/2025 P 123,2025-12-29 00:00:00,0.03607,112.421875,123,P,,,,,,,1000.0000,CBoT 10y Monday Call Options P 123 Dec-2025,VBYM P 123 12/29/2025,USD,0,,,,,,,,VY5W123X25
2025-12-16 00:00:00,10.484375,VBYM P 123 12/29/2025 P 123,2025-12-29 00:00:00,0.036157,112.515625,123,P,0.199835832,-0.989172824,0.005463099,0.006026876,-0.002769258,-0.043374298,1000.0000,CBoT 10y Monday Call Options P 123 Dec-2025,VBYM P 123 12/29/2025,USD,0,0.00304736,0.000548381,-0.002440186,0.003745015,0.001554253,0.001516431,0.000195781,VY5W123X25
2025-12-17 00:00:00,0.001,VBYM C 123.25 12/29/2025 C 123.25,2025-12-29 00:00:00,0.03607,112.421875,123.25,C,0.164547137,0.001079168,0.000763835,0.001076404,-0.000420589,3.95655E-05,1000.0000,CBoT 10y Monday Call Options C 123.25 Dec-2025,VBYM C 123.25 12/29/2025,USD,0,0.000679534,0.000310091,-0.000465791,0.001106567,0.000625039,0.00042486,0.000167805,VY5W12325L25
2025-12-16 00:00:00,0.001,VBYM C 123.25 12/29/2025 C 123.25,2025-12-29 00:00:00,0.036157,112.515625,123.25,C,0.156772517,0.001086711,0.000803623,0.001091496,-0.000393471,4.32028E-05,1000.0000,CBoT 10y Monday Call Options C 123.25 Dec-2025,VBYM C 123.25 12/29/2025,USD,0,0.000717249,0.000342899,-0.000432373,0.001130745,0.000664709,0.000466819,0.00019311,VY5W12325L25
2025-12-17 00:00:00,10.734375,VBYM P 123.25 12/29/2025 P 123.25,2025-12-29 00:00:00,0.03607,112.421875,123.25,P,,,,,,,1000.0000,CBoT 10y Monday Call Options P 123.25 Dec-2025,VBYM P 123.25 12/29/2025,USD,0,,,,,,,,VY5W12325X25
2025-12-16 00:00:00,10.734375,VBYM P 123.25 12/29/2025 P 123.25,2025-12-29 00:00:00,0.036157,112.515625,123.25,P,0.20439075,-0.989161664,0.00546725,0.005898591,-0.002835273,-0.043462894,1000.0000,CBoT 10y Monday Call Options P 123.25 Dec-2025,VBYM P 123.25 12/29/2025,USD,0,0.002983026,0.000524887,-0.002442998,0.003582951,0.001487255,0.00148414,0.000187338,VY5W12325X25
2025-12-17 00:00:00,0.001,VBYM C 123.5 12/29/2025 C 123.5,2025-12-29 00:00:00,0.03607,112.421875,123.5,C,0.167857164,0.001059474,0.000750223,0.001037509,-0.000421554,3.88372E-05,1000.0000,CBoT 10y Monday Call Options C 123.5 Dec-2025,VBYM C 123.5 12/29/2025,USD,0,0.00065627,0.000294975,-0.000458894,0.001047425,0.00059306,0.000411051,0.000160025,VY5W1235L25
2025-12-16 00:00:00,0.001,VBYM C 123.5 12/29/2025 C 123.5,2025-12-29 00:00:00,0.036157,112.515625,123.5,C,0.159954741,0.001066703,0.000789095,0.00105171,-0.000394405,4.24004E-05,1000.0000,CBoT 10y Monday Call Options C 123.5 Dec-2025,VBYM C 123.5 12/29/2025,USD,0,0.000692479,0.00032604,-0.000425915,0.001069787,0.000630407,0.000451514,0.000184081,VY5W1235L25
2025-12-17 00:00:00,10.984375,VBYM P 123.5 12/29/2025 P 123.5,2025-12-29 00:00:00,0.03607,112.421875,123.5,P,,,,,,,1000.0000,CBoT 10y Monday Call Options P 123.5 Dec-2025,VBYM P 123.5 12/29/2025,USD,0,,,,,,,,VY5W1235X25
2025-12-16 00:00:00,10.984375,VBYM P 123.5 12/29/2025 P 123.5,2025-12-29 00:00:00,0.036157,112.515625,123.5,P,0.208936477,-0.989150511,0.005471489,0.005776149,-0.002901288,-0.043551489,1000.0000,CBoT 10y Monday Call Options P 123.5 Dec-2025,VBYM P 123.5 12/29/2025,USD,0,0.002921623,0.000502941,-0.002445807,0.003431605,0.001424682,0.00145332,0.000179452,VY5W1235X25
2025-12-17 00:00:00,0.001,VBYM C 123.75 12/29/2025 C 123.75,2025-12-29 00:00:00,0.03607,112.421875,123.75,C,0.171155004,0.001040581,0.000737177,0.001000865,-0.000422497,3.81386E-05,1000.0000,CBoT 10y Monday Call Options C 123.75 Dec-2025,VBYM C 123.75 12/29/2025,USD,0,0.000634308,0.000280914,-0.000452251,0.000992692,0.000563392,0.000397989,0.000152769,VY5W12375L25
2025-12-16 00:00:00,0.001,VBYM C 123.75 12/29/2025 C 123.75,2025-12-29 00:00:00,0.036157,112.515625,123.75,C,0.163125199,0.001047516,0.00077518,0.001014245,-0.000395317,4.1631E-05,1000.0000,CBoT 10y Monday Call Options C 123.75 Dec-2025,VBYM C 123.75 12/29/2025,USD,0,0.000669107,0.000310368,-0.000419697,0.001013412,0.000598604,0.000437044,0.000175665,VY5W12375L25
2025-12-17 00:00:00,11.234375,VBYM P 123.75 12/29/2025 P 123.75,2025-12-29 00:00:00,0.03607,112.421875,123.75,P,,,,,,,1000.0000,CBoT 10y Monday Call Options P 123.75 Dec-2025,VBYM P 123.75 12/29/2025,USD,0,,,,,,,,VY5W12375X25
2025-12-16 00:00:00,11.234375,VBYM P 123.75 12/29/2025 P 123.75,2025-12-29 00:00:00,0.036157,112.515625,123.75,P,0.213473048,-0.989139365,0.005475807,0.005659158,-0.0029673,-0.043640085,1000.0000,CBoT 10y Monday Call Options P 123.75 Dec-2025,VBYM P 123.75 12/29/2025,USD,0,0.002862955,0.00048241,-0.002448614,0.003290042,0.001366149,0.001423873,0.000172076,VY5W12375X25
2025-12-17 00:00:00,0.001,VBYM C 124 12/29/2025 C 124,2025-12-29 00:00:00,0.03607,112.421875,124,C,0.174440842,0.001022441,0.000724663,0.000966296,-0.000423418,3.74677E-05,1000.0000,CBoT 10y Monday Call Options C 124 Dec-2025,VBYM C 124 12/29/2025,USD,0,0.000613549,0.000267814,-0.000445849,0.000941953,0.000535821,0.000385619,0.00014599,VY5W124L25
2025-12-16 00:00:00,0.001,VBYM C 124 12/29/2025 C 124,2025-12-29 00:00:00,0.036157,112.515625,124,C,0.166284074,0.001029099,0.00076184,0.00097892,-0.000396209,4.08925E-05,1000.0000,CBoT 10y Monday Call Options C 124 Dec-2025,VBYM C 124 12/29/2025,USD,0,0.000647025,0.000295774,-0.000413706,0.000961184,0.000569068,0.000423347,0.000167806,VY5W124L25
2025-12-17 00:00:00,11.484375,VBYM P 124 12/29/2025 P 124,2025-12-29 00:00:00,0.03607,112.421875,124,P,,,,,,,1000.0000,CBoT 10y Monday Call Options P 124 Dec-2025,VBYM P 124 12/29/2025,USD,0,,,,,,,,VY5W124X25
2025-12-16 00:00:00,11.484375,VBYM P 124 12/29/2025 P 124,2025-12-29 00:00:00,0.036157,112.515625,124,P,0.218000504,-0.989128226,0.005480199,0.005547264,-0.003033312,-0.043728681,1000.0000,CBoT 10y Monday Call Options P 124 Dec-2025,VBYM P 124 12/29/2025,USD,0,0.002806843,0.000463172,-0.002451419,0.003157428,0.001311312,0.001395707,0.000165165,VY5W124X25
2025-12-17 00:00:00,0.001,VBYM C 124.25 12/29/2025 C 124.25,2025-12-29 00:00:00,0.03607,112.421875,124.25,C,0.17771486,0.001005008,0.000712646,0.000933645,-0.000424319,3.68231E-05,1000.0000,CBoT 10y Monday Call Options C 124.25 Dec-2025,VBYM C 124.25 12/29/2025,USD,0,0.000593903,0.00025559,-0.000439673,0.000894839,0.00051016,0.00037389,0.000139647,VY5W12425L25
2025-12-16 00:00:00,0.001,VBYM C 124.25 12/29/2025 C 124.25,2025-12-29 00:00:00,0.036157,112.515625,124.25,C,0.169431541,0.001011406,0.000749037,0.00094557,-0.00039708,4.01831E-05,1000.0000,CBoT 10y Monday Call Options C 124.25 Dec-2025,VBYM C 124.25 12/29/2025,USD,0,0.000626137,0.000282165,-0.000407928,0.000912716,0.000541592,0.000410366,0.000160458,VY5W12425L25
2025-12-17 00:00:00,11.734375,VBYM P 124.25 12/29/2025 P 124.25,2025-12-29 00:00:00,0.03607,112.421875,124.25,P,,,,,,,1000.0000,CBoT 10y Monday Call Options P 124.25 Dec-2025,VBYM P 124.25 12/29/2025,USD,0,,,,,,,,VY5W12425X25
2025-12-16 00:00:00,11.734375,VBYM P 124.25 12/29/2025 P 124.25,2025-12-29 00:00:00,0.036157,112.515625,124.25,P,0.22251888,-0.989117095,0.005484656,0.005440141,-0.003099322,-0.043817277,1000.0000,CBoT 10y Monday Call Options P 124.25 Dec-2025,VBYM P 124.25 12/29/2025,USD,0,0.002753125,0.00044512,-0.002454221,0.003033018,0.001259862,0.001368742,0.000158681,VY5W12425X25
2025-12-17 00:00:00,0.001,VBYM C 124.5 12/29/2025 C 124.5,2025-12-29 00:00:00,0.03607,112.421875,124.5,C,0.180977231,0.00098824,0.000701097,0.000902766,-0.000425199,3.62031E-05,1000.0000,CBoT 10y Monday Call Options C 124.5 Dec-2025,VBYM C 124.5 12/29/2025,USD,0,0.000575289,0.000244166,-0.000433712,0.000851021,0.000486239,0.000362758,0.000133706,VY5W1245L25
2025-12-16 00:00:00,0.001,VBYM C 124.5 12/29/2025 C 124.5,2025-12-29 00:00:00,0.036157,112.515625,124.5,C,0.172567769,0.000994394,0.000736738,0.000914045,-0.000397932,3.95009E-05,1000.0000,CBoT 10y Monday Call Options C 124.5 Dec-2025,VBYM C 124.5 12/29/2025,USD,0,0.000606355,0.000269454,-0.000402353,0.000867666,0.000515995,0.00039805,0.000153577,VY5W1245L25
2025-12-17 00:00:00,11.984375,VBYM P 124.5 12/29/2025 P 124.5,2025-12-29 00:00:00,0.03607,112.421875,124.5,P,,,,,,,1000.0000,CBoT 10y Monday Call Options P 124.5 Dec-2025,VBYM P 124.5 12/29/2025,USD,0,,,,,,,,VY5W1245X25
2025-12-16 00:00:00,11.984375,VBYM P 124.5 12/29/2025 P 124.5,2025-12-29 00:00:00,0.036157,112.515625,124.5,P,0.227028215,-0.98910597,0.005489174,0.005337489,-0.003165331,-0.043905873,1000.0000,CBoT 10y Monday Call Options P 124.5 Dec-2025,VBYM P 124.5 12/29/2025,USD,0,0.002701649,0.000428158,-0.002457022,0.002916142,0.001211524,0.001342903,0.000152589,VY5W1245X25
2025-12-17 00:00:00,0.001,VBYM C 124.75 12/29/2025 C 124.75,2025-12-29 00:00:00,0.03607,112.421875,124.75,C,0.184228119,0.000972101,0.000689988,0.000873531,-0.000426061,3.56062E-05,1000.0000,CBoT 10y Monday Call Options C 124.75 Dec-2025,VBYM C 124.75 12/29/2025,USD,0,0.000557634,0.000233477,-0.000427953,0.000810208,0.000463908,0.00035218,0.000128132,VY5W12475L25
2025-12-16 00:00:00,0.001,VBYM C 124.75 12/29/2025 C 124.75,2025-12-29 00:00:00,0.036157,112.515625,124.75,C,0.175692921,0.000978024,0.000724914,0.00088421,-0.000398766,3.88445E-05,1000.0000,CBoT 10y Monday Call Options C 124.75 Dec-2025,VBYM C 124.75 12/29/2025,USD,0,0.000587599,0.000257566,-0.000396968,0.000825729,0.000492113,0.000386352,0.000147126,VY5W12475L25
2025-12-17 00:00:00,12.234375,VBYM P 124.75 12/29/2025 P 124.75,2025-12-29 00:00:00,0.03607,112.421875,124.75,P,,,,,,,1000.0000,CBoT 10y Monday Call Options P 124.75 Dec-2025,VBYM P 124.75 12/29/2025,USD,0,,,,,,,,VY5W12475X25
2025-12-16 00:00:00,12.234375,VBYM P 124.75 12/29/2025 P 124.75,2025-12-29 00:00:00,0.036157,112.515625,124.75,P,0.231528544,-0.989094853,0.005493747,0.005239035,-0.003231339,-0.04399447,1000.0000,CBoT 10y Monday Call Options P 124.75 Dec-2025,VBYM P 124.75 12/29/2025,USD,0,0.00265228,0.000412198,-0.00245982,0.002806197,0.001166049,0.001318119,0.000146858,VY5W12475X25
